{
    "root_group": {
        "name": "",
        "path": "",
        "id": "d41d8cd98f00b204e9800998ecf8427e",
        "groups": {
            "Presence": {
                "name": "Presence",
                "path": "::Presence",
                "id": "63ab1748852475484c3afb7dae46dbde",
                "groups": {},
                "checks": {
                        "status is 200": {
                            "path": "::Presence::status is 200",
                            "id": "2bdfe827d978801584a6dde561f63b7d",
                            "passes": 64280,
                            "fails": 0,
                            "name": "status is 200"
                        },
                        "response has valid body": {
                            "name": "response has valid body",
                            "path": "::Presence::response has valid body",
                            "id": "2cb1a85a5851b9e28736f532526a5909",
                            "passes": 64280,
                            "fails": 0
                        }
                    }
            }
        },
        "checks": {}
    },
    "metrics": {
        "vus_max": {
            "value": 500,
            "min": 500,
            "max": 500
        },
        "data_sent": {
            "count": 60476937,
            "rate": 389601.48280545924
        },
        "active_clients_time": {
            "p(90)": 50,
            "p(95)": 76,
            "avg": 17.178842563783448,
            "min": 1,
            "med": 5,
            "max": 424,
            "thresholds": {
                "p(95)<500": false
            }
        },
        "pushpulls_success_rate": {
            "passes": 40175,
            "fails": 0,
            "value": 1
        },
        "iteration_duration": {
            "avg": 6735.335681814691,
            "min": 6022.549656,
            "med": 6795.814925,
            "max": 8931.046668,
            "p(90)": 7376.6385246,
            "p(95)": 7554.9909036
        },
        "deactivate_clients": {
            "count": 8035,
            "rate": 51.762673006105864
        },
        "iterations": {
            "count": 8035,
            "rate": 51.762673006105864
        },
        "http_req_duration": {
            "max": 948.863047,
            "p(90)": 210.8043945,
            "p(95)": 305.6915500999995,
            "avg": 75.86202158576425,
            "min": 0.943541,
            "med": 26.884079,
            "thresholds": {
                "p(95)<10000": false
            }
        },
        "group_duration": {
            "avg": 6735.271256746966,
            "min": 6022.532493,
            "med": 6795.795208,
            "max": 8930.853106,
            "p(90)": 7376.595448,
            "p(95)": 7554.9645861
        },
        "http_req_failed": {
            "passes": 0,
            "fails": 64280,
            "value": 0
        },
        "attach_documents": {
            "count": 8035,
            "rate": 51.762673006105864
        },
        "http_req_sending": {
            "med": 0.022252,
            "max": 359.79347,
            "p(90)": 0.081192,
            "p(95)": 0.22491599999999956,
            "avg": 0.48781575801182303,
            "min": 0.01044
        },
        "deactivate_clients_success_rate": {
            "passes": 8035,
            "fails": 0,
            "value": 1
        },
        "transaction_success_rate": {
            "passes": 8035,
            "fails": 0,
            "thresholds": {
                "rate>0.99": false
            },
            "value": 1
        },
        "vus": {
            "value": 1,
            "min": 1,
            "max": 500
        },
        "deactivate_clients_time": {
            "min": 4,
            "med": 114,
            "max": 949,
            "p(90)": 421,
            "p(95)": 504,
            "avg": 166.51524579962663,
            "thresholds": {
                "p(95)<10000": false
            }
        },
        "http_req_tls_handshaking": {
            "max": 0,
            "p(90)": 0,
            "p(95)": 0,
            "avg": 0,
            "min": 0,
            "med": 0
        },
        "active_clients_success_rate": {
            "passes": 8035,
            "fails": 0,
            "value": 1
        },
        "pushpulls": {
            "count": 40175,
            "rate": 258.8133650305293
        },
        "http_req_receiving": {
            "p(90)": 0.29571999999999976,
            "p(95)": 1.148154249999996,
            "avg": 2.955159119368394,
            "min": 0.014908,
            "med": 0.052318,
            "max": 554.648527
        },
        "data_received": {
            "count": 1105719936,
            "rate": 7123213.376913542
        },
        "transaction_time": {
            "avg": 6735.3069072806475,
            "min": 6022,
            "med": 6796,
            "max": 8931,
            "p(90)": 7377,
            "p(95)": 7555.299999999999,
            "thresholds": {
                "p(95)<30000": false
            }
        },
        "attach_documents_success_rate": {
            "passes": 8035,
            "fails": 0,
            "value": 1
        },
        "http_req_connecting": {
            "avg": 0.022454462616677034,
            "min": 0,
            "med": 0,
            "max": 101.155928,
            "p(90)": 0,
            "p(95)": 0
        },
        "http_req_waiting": {
            "avg": 72.41904670838424,
            "min": 0.885223,
            "med": 26.2297105,
            "max": 919.112466,
            "p(90)": 199.3340563,
            "p(95)": 290.76523504999966
        },
        "active_clients": {
            "count": 8035,
            "rate": 51.762673006105864
        },
        "pushpulls_time": {
            "min": 1,
            "med": 35,
            "max": 872,
            "p(90)": 180,
            "p(95)": 242,
            "avg": 69.93814561294337,
            "thresholds": {
                "p(95)<1000": false
            }
        },
        "attach_documents_time": {
            "max": 871,
            "p(90)": 339,
            "p(95)": 416.2999999999993,
            "avg": 135.79651524579964,
            "min": 3,
            "med": 96,
            "thresholds": {
                "p(95)<10000": false
            }
        },
        "http_req_duration{expected_response:true}": {
            "avg": 75.86202158576425,
            "min": 0.943541,
            "med": 26.884079,
            "max": 948.863047,
            "p(90)": 210.8043945,
            "p(95)": 305.6915500999995
        },
        "checks": {
            "passes": 128560,
            "fails": 0,
            "value": 1
        },
        "http_reqs": {
            "count": 64280,
            "rate": 414.1013840488469
        },
        "http_req_blocked": {
            "avg": 0.035170714747978865,
            "min": 0.001623,
            "med": 0.004188,
            "max": 101.395929,
            "p(90)": 0.005771,
            "p(95)": 0.007895
        }
    }
}