{
    "root_group": {
        "name": "",
        "path": "",
        "id": "d41d8cd98f00b204e9800998ecf8427e",
        "groups": {
            "Presence": {
                "name": "Presence",
                "path": "::Presence",
                "id": "63ab1748852475484c3afb7dae46dbde",
                "groups": {},
                "checks": {
                        "status is 200": {
                            "passes": 67624,
                            "fails": 0,
                            "name": "status is 200",
                            "path": "::Presence::status is 200",
                            "id": "2bdfe827d978801584a6dde561f63b7d"
                        },
                        "response has valid body": {
                            "name": "response has valid body",
                            "path": "::Presence::response has valid body",
                            "id": "2cb1a85a5851b9e28736f532526a5909",
                            "passes": 67624,
                            "fails": 0
                        }
                    }
            }
        },
        "checks": {}
    },
    "metrics": {
        "http_req_duration": {
            "avg": 37.14677587066741,
            "min": 0.188952,
            "med": 7.499641499999999,
            "max": 708.046299,
            "p(90)": 105.5935659,
            "p(95)": 169.49970664999998,
            "thresholds": {
                "p(95)<10000": false
            }
        },
        "http_req_receiving": {
            "avg": 1.9906334194812654,
            "min": 0.01626,
            "med": 0.051686,
            "max": 396.245138,
            "p(90)": 0.2034957000000008,
            "p(95)": 0.6350589999999996
        },
        "data_received": {
            "count": 1198430391,
            "rate": 7785021.30692838
        },
        "active_clients": {
            "count": 8453,
            "rate": 54.910811342621905
        },
        "http_req_waiting": {
            "min": 0.136775,
            "med": 7.211734,
            "max": 595.103434,
            "p(90)": 98.57629200000001,
            "p(95)": 153.72928369999994,
            "avg": 34.82174849266577
        },
        "http_req_duration{expected_response:true}": {
            "avg": 37.14677587066741,
            "min": 0.188952,
            "med": 7.499641499999999,
            "max": 708.046299,
            "p(90)": 105.5935659,
            "p(95)": 169.49970664999998
        },
        "transaction_time": {
            "min": 6013,
            "med": 6349,
            "max": 7909,
            "p(90)": 6833,
            "p(95)": 6994,
            "avg": 6391.639417958121,
            "thresholds": {
                "p(95)<30000": false
            }
        },
        "vus_max": {
            "value": 500,
            "min": 500,
            "max": 500
        },
        "group_duration": {
            "min": 6013.341909,
            "med": 6349.204754,
            "max": 7908.527409,
            "p(90)": 6833.1552536,
            "p(95)": 6993.7591448,
            "avg": 6391.6256717908345
        },
        "http_req_blocked": {
            "avg": 0.026900888220159517,
            "min": 0.001392,
            "med": 0.003877,
            "max": 184.452279,
            "p(90)": 0.00528,
            "p(95)": 0.006993
        },
        "deactivate_clients_success_rate": {
            "passes": 8453,
            "fails": 0,
            "value": 1
        },
        "http_reqs": {
            "count": 67624,
            "rate": 439.28649074097524
        },
        "http_req_failed": {
            "fails": 67624,
            "passes": 0,
            "value": 0
        },
        "deactivate_clients_time": {
            "avg": 17.122914941440907,
            "min": 0,
            "med": 2,
            "max": 623,
            "p(90)": 51,
            "p(95)": 78,
            "thresholds": {
                "p(95)<10000": false
            }
        },
        "active_clients_time": {
            "med": 4,
            "max": 376,
            "p(90)": 63.80000000000018,
            "p(95)": 92,
            "avg": 20.513427185614574,
            "min": 0,
            "thresholds": {
                "p(95)<500": false
            }
        },
        "http_req_connecting": {
            "max": 184.370095,
            "p(90)": 0,
            "p(95)": 0,
            "avg": 0.014666178693954809,
            "min": 0,
            "med": 0
        },
        "http_req_sending": {
            "min": 0.01059,
            "med": 0.020909,
            "max": 393.527367,
            "p(90)": 0.046445800000000016,
            "p(95)": 0.15826434999999997,
            "avg": 0.33439395852064324
        },
        "checks": {
            "passes": 135248,
            "fails": 0,
            "value": 1
        },
        "attach_documents_time": {
            "max": 709,
            "p(90)": 282,
            "p(95)": 359,
            "avg": 91.49934934342836,
            "min": 2,
            "med": 21,
            "thresholds": {
                "p(95)<10000": false
            }
        },
        "pushpulls_time": {
            "med": 14,
            "max": 824,
            "p(90)": 112,
            "p(95)": 164,
            "avg": 41.34991127410387,
            "min": 1,
            "thresholds": {
                "p(95)<1000": false
            }
        },
        "pushpulls_success_rate": {
            "passes": 42265,
            "fails": 0,
            "value": 1
        },
        "vus": {
            "value": 1,
            "min": 1,
            "max": 500
        },
        "transaction_success_rate": {
            "passes": 8453,
            "fails": 0,
            "thresholds": {
                "rate>0.99": false
            },
            "value": 1
        },
        "attach_documents_success_rate": {
            "passes": 8453,
            "fails": 0,
            "value": 1
        },
        "iteration_duration": {
            "p(95)": 6993.7768248,
            "avg": 6391.68496235774,
            "min": 6013.377115,
            "med": 6349.363114,
            "max": 7908.561222,
            "p(90)": 6833.1728646
        },
        "data_sent": {
            "count": 63624790,
            "rate": 413307.5642261844
        },
        "active_clients_success_rate": {
            "passes": 8453,
            "fails": 0,
            "value": 1
        },
        "pushpulls": {
            "count": 42265,
            "rate": 274.5540567131095
        },
        "attach_documents": {
            "count": 8453,
            "rate": 54.910811342621905
        },
        "http_req_tls_handshaking": {
            "p(90)": 0,
            "p(95)": 0,
            "avg": 0,
            "min": 0,
            "med": 0,
            "max": 0
        },
        "iterations": {
            "count": 8453,
            "rate": 54.910811342621905
        },
        "deactivate_clients": {
            "count": 8453,
            "rate": 54.910811342621905
        }
    }
}