{
    "root_group": {
        "name": "",
        "path": "",
        "id": "d41d8cd98f00b204e9800998ecf8427e",
        "groups": {
            "Presence": {
                "name": "Presence",
                "path": "::Presence",
                "id": "63ab1748852475484c3afb7dae46dbde",
                "groups": {},
                "checks": {
                        "status is 200": {
                            "path": "::Presence::status is 200",
                            "id": "2bdfe827d978801584a6dde561f63b7d",
                            "passes": 64760,
                            "fails": 0,
                            "name": "status is 200"
                        },
                        "response has valid body": {
                            "passes": 64760,
                            "fails": 0,
                            "name": "response has valid body",
                            "path": "::Presence::response has valid body",
                            "id": "2cb1a85a5851b9e28736f532526a5909"
                        }
                    }
            }
        },
        "checks": {}
    },
    "metrics": {
        "pushpulls_success_rate": {
            "passes": 40475,
            "fails": 0,
            "value": 1
        },
        "iteration_duration": {
            "p(90)": 7375.656818400001,
            "p(95)": 7566.822118599999,
            "avg": 6680.27992630552,
            "min": 6021.535615,
            "med": 6689.528263,
            "max": 8810.955019
        },
        "pushpulls_time": {
            "p(95)": 288,
            "avg": 73.22853613341569,
            "min": 1,
            "med": 27,
            "max": 976,
            "p(90)": 205,
            "thresholds": {
                "p(95)<1000": false
            }
        },
        "active_clients": {
            "count": 8095,
            "rate": 52.075235588967125
        },
        "http_req_receiving": {
            "p(90)": 0.312895,
            "p(95)": 1.7000725999999993,
            "avg": 4.474529861380486,
            "min": 0.013215,
            "med": 0.050804,
            "max": 510.491479
        },
        "deactivate_clients_success_rate": {
            "passes": 8095,
            "fails": 0,
            "value": 1
        },
        "http_req_duration{expected_response:true}": {
            "med": 19.093181,
            "max": 1024.164082,
            "p(90)": 187.66592839999998,
            "p(95)": 267.37841899999984,
            "avg": 65.91673967756404,
            "min": 0.849983
        },
        "group_duration": {
            "avg": 6680.1000007858165,
            "min": 6021.516819,
            "med": 6689.436144,
            "max": 8810.924692,
            "p(90)": 7374.8040686,
            "p(95)": 7566.8010232999995
        },
        "http_req_blocked": {
            "max": 161.676314,
            "p(90)": 0.005279,
            "p(95)": 0.006602,
            "avg": 0.028682078659667466,
            "min": 0.001542,
            "med": 0.003937
        },
        "iterations": {
            "count": 8095,
            "rate": 52.075235588967125
        },
        "deactivate_clients": {
            "count": 8095,
            "rate": 52.075235588967125
        },
        "http_req_failed": {
            "passes": 0,
            "fails": 64760,
            "value": 0
        },
        "checks": {
            "fails": 0,
            "passes": 129520,
            "value": 1
        },
        "transaction_time": {
            "p(90)": 7375.6,
            "p(95)": 7567,
            "avg": 6680.217912291538,
            "min": 6021,
            "med": 6690,
            "max": 8811,
            "thresholds": {
                "p(95)<30000": false
            }
        },
        "deactivate_clients_time": {
            "med": 53,
            "max": 993,
            "p(90)": 348.60000000000036,
            "p(95)": 485,
            "avg": 120.83743051266214,
            "min": 3,
            "thresholds": {
                "p(95)<10000": false
            }
        },
        "attach_documents_success_rate": {
            "passes": 8095,
            "fails": 0,
            "value": 1
        },
        "vus_max": {
            "value": 500,
            "min": 500,
            "max": 500
        },
        "active_clients_time": {
            "max": 392,
            "p(90)": 54,
            "p(95)": 87.29999999999927,
            "avg": 18.21976528721433,
            "min": 0,
            "med": 5,
            "thresholds": {
                "p(95)<500": false
            }
        },
        "http_reqs": {
            "count": 64760,
            "rate": 416.601884711737
        },
        "attach_documents": {
            "rate": 52.075235588967125,
            "count": 8095
        },
        "pushpulls": {
            "count": 40475,
            "rate": 260.37617794483566
        },
        "attach_documents_time": {
            "avg": 95.0437306979617,
            "min": 3,
            "med": 45,
            "max": 1068,
            "p(90)": 241,
            "p(95)": 372.2999999999993,
            "thresholds": {
                "p(95)<10000": false
            }
        },
        "http_req_waiting": {
            "avg": 60.840753569209994,
            "min": 0.795381,
            "med": 18.4575785,
            "max": 808.634149,
            "p(90)": 173.51129600000002,
            "p(95)": 234.90265354999963
        },
        "active_clients_success_rate": {
            "passes": 8095,
            "fails": 0,
            "value": 1
        },
        "http_req_duration": {
            "avg": 65.91673967756404,
            "min": 0.849983,
            "med": 19.093181,
            "max": 1024.164082,
            "p(90)": 187.66592839999998,
            "p(95)": 267.37841899999984,
            "thresholds": {
                "p(95)<10000": false
            }
        },
        "data_sent": {
            "count": 60928981,
            "rate": 391956.8918802597
        },
        "transaction_success_rate": {
            "fails": 0,
            "passes": 8095,
            "thresholds": {
                "rate>0.99": false
            },
            "value": 1
        },
        "http_req_sending": {
            "p(95)": 0.19190949999999996,
            "avg": 0.6014562469734435,
            "min": 0.009848,
            "med": 0.020759,
            "max": 480.52218,
            "p(90)": 0.07741559999999999
        },
        "vus": {
            "value": 6,
            "min": 6,
            "max": 500
        },
        "http_req_tls_handshaking": {
            "p(90)": 0,
            "p(95)": 0,
            "avg": 0,
            "min": 0,
            "med": 0,
            "max": 0
        },
        "data_received": {
            "count": 1161197533,
            "rate": 7469998.158900856
        },
        "http_req_connecting": {
            "avg": 0.015244051991970358,
            "min": 0,
            "med": 0,
            "max": 161.606954,
            "p(90)": 0,
            "p(95)": 0
        }
    }
}