{
    "root_group": {
        "name": "",
        "path": "",
        "id": "d41d8cd98f00b204e9800998ecf8427e",
        "groups": {
            "Presence": {
                "name": "Presence",
                "path": "::Presence",
                "id": "63ab1748852475484c3afb7dae46dbde",
                "groups": {},
                "checks": {
                        "status is 200": {
                            "name": "status is 200",
                            "path": "::Presence::status is 200",
                            "id": "2bdfe827d978801584a6dde561f63b7d",
                            "passes": 65048,
                            "fails": 0
                        },
                        "response has valid body": {
                            "fails": 0,
                            "name": "response has valid body",
                            "path": "::Presence::response has valid body",
                            "id": "2cb1a85a5851b9e28736f532526a5909",
                            "passes": 65048
                        }
                    }
            }
        },
        "checks": {}
    },
    "metrics": {
        "iterations": {
            "count": 8131,
            "rate": 52.2814260031742
        },
        "http_req_duration": {
            "p(90)": 182.9753213000001,
            "p(95)": 267.1094227499998,
            "avg": 61.588800552760816,
            "min": 0.182058,
            "med": 13.673402,
            "max": 1033.215787,
            "thresholds": {
                "p(95)<10000": false
            }
        },
        "deactivate_clients_success_rate": {
            "passes": 8131,
            "fails": 0,
            "value": 1
        },
        "http_req_receiving": {
            "min": 0.014909,
            "med": 0.051411,
            "max": 452.615801,
            "p(90)": 0.29110530000000046,
            "p(95)": 1.4089798499999926,
            "avg": 3.924470226294444
        },
        "http_req_connecting": {
            "avg": 0.03580092796089041,
            "min": 0,
            "med": 0,
            "max": 219.549449,
            "p(90)": 0,
            "p(95)": 0
        },
        "attach_documents_success_rate": {
            "passes": 8131,
            "fails": 0,
            "value": 1
        },
        "data_sent": {
            "rate": 393509.8002519131,
            "count": 61200094
        },
        "http_req_tls_handshaking": {
            "avg": 0,
            "min": 0,
            "med": 0,
            "max": 0,
            "p(90)": 0,
            "p(95)": 0
        },
        "iteration_duration": {
            "p(95)": 7511.733553,
            "avg": 6641.942790499689,
            "min": 6016.978568,
            "med": 6637.54573,
            "max": 8765.925812,
            "p(90)": 7324.589429
        },
        "active_clients_success_rate": {
            "passes": 8131,
            "fails": 0,
            "value": 1
        },
        "checks": {
            "passes": 130096,
            "fails": 0,
            "value": 1
        },
        "pushpulls_time": {
            "avg": 72.0399950805559,
            "min": 1,
            "med": 26,
            "max": 1125,
            "p(90)": 209,
            "p(95)": 291,
            "thresholds": {
                "p(95)<1000": false
            }
        },
        "pushpulls_success_rate": {
            "passes": 40655,
            "fails": 0,
            "value": 1
        },
        "http_req_duration{expected_response:true}": {
            "max": 1033.215787,
            "p(90)": 182.9753213000001,
            "p(95)": 267.1094227499998,
            "avg": 61.588800552760816,
            "min": 0.182058,
            "med": 13.673402
        },
        "active_clients_time": {
            "avg": 26.930143893740006,
            "min": 1,
            "med": 7,
            "max": 487,
            "p(90)": 79,
            "p(95)": 125,
            "thresholds": {
                "p(95)<500": false
            }
        },
        "deactivate_clients": {
            "count": 8131,
            "rate": 52.2814260031742
        },
        "http_req_waiting": {
            "min": 0.138974,
            "med": 13.2104395,
            "max": 856.875495,
            "p(90)": 167.3941897,
            "p(95)": 238.26444754999986,
            "avg": 57.05850001171434
        },
        "group_duration": {
            "p(90)": 7324.570964,
            "p(95)": 7511.655746,
            "avg": 6641.86166635619,
            "min": 6016.951447,
            "med": 6637.524749,
            "max": 8765.90861
        },
        "data_received": {
            "rate": 7315268.591194257,
            "count": 1137697524
        },
        "active_clients": {
            "count": 8131,
            "rate": 52.2814260031742
        },
        "transaction_time": {
            "max": 8765,
            "p(90)": 7325,
            "p(95)": 7511.5,
            "avg": 6641.888820563277,
            "min": 6017,
            "med": 6637,
            "thresholds": {
                "p(95)<30000": false
            }
        },
        "http_req_blocked": {
            "avg": 0.046844467623909446,
            "min": 0.001423,
            "med": 0.004018,
            "max": 219.585928,
            "p(90)": 0.0054303000000000025,
            "p(95)": 0.006973
        },
        "attach_documents_time": {
            "p(95)": 581,
            "avg": 155.08916492436356,
            "min": 3,
            "med": 62,
            "max": 1058,
            "p(90)": 486,
            "thresholds": {
                "p(95)<10000": false
            }
        },
        "pushpulls": {
            "count": 40655,
            "rate": 261.407130015871
        },
        "deactivate_clients_time": {
            "avg": 25.625507317673105,
            "min": 0,
            "med": 3,
            "max": 844,
            "p(90)": 72,
            "p(95)": 143,
            "thresholds": {
                "p(95)<10000": false
            }
        },
        "vus_max": {
            "min": 500,
            "max": 500,
            "value": 500
        },
        "attach_documents": {
            "count": 8131,
            "rate": 52.2814260031742
        },
        "transaction_success_rate": {
            "passes": 8131,
            "fails": 0,
            "thresholds": {
                "rate>0.99": false
            },
            "value": 1
        },
        "http_req_failed": {
            "fails": 65048,
            "passes": 0,
            "value": 0
        },
        "http_req_sending": {
            "p(90)": 0.0635903,
            "p(95)": 0.18642044999999993,
            "avg": 0.6058303147521773,
            "min": 0.01065,
            "med": 0.0207485,
            "max": 452.292921
        },
        "vus": {
            "value": 3,
            "min": 3,
            "max": 500
        },
        "http_reqs": {
            "count": 65048,
            "rate": 418.2514080253936
        }
    }
}