{
    "root_group": {
        "name": "",
        "path": "",
        "id": "d41d8cd98f00b204e9800998ecf8427e",
        "groups": {
            "Presence": {
                "name": "Presence",
                "path": "::Presence",
                "id": "63ab1748852475484c3afb7dae46dbde",
                "groups": {},
                "checks": {
                        "status is 200": {
                            "passes": 70008,
                            "fails": 0,
                            "name": "status is 200",
                            "path": "::Presence::status is 200",
                            "id": "2bdfe827d978801584a6dde561f63b7d"
                        },
                        "response has valid body": {
                            "passes": 70008,
                            "fails": 0,
                            "name": "response has valid body",
                            "path": "::Presence::response has valid body",
                            "id": "2cb1a85a5851b9e28736f532526a5909"
                        }
                    }
            }
        },
        "checks": {}
    },
    "metrics": {
        "active_clients_time": {
            "min": 0,
            "med": 3,
            "max": 222,
            "p(90)": 28,
            "p(95)": 42,
            "avg": 10.05187978516741,
            "thresholds": {
                "p(95)<500": false
            }
        },
        "vus": {
            "value": 2,
            "min": 2,
            "max": 500
        },
        "http_req_tls_handshaking": {
            "med": 0,
            "max": 0,
            "p(90)": 0,
            "p(95)": 0,
            "avg": 0,
            "min": 0
        },
        "http_req_sending": {
            "avg": 0.13794090429665232,
            "min": 0.008002,
            "med": 0.020521,
            "max": 147.744809,
            "p(90)": 0.04587200000000003,
            "p(95)": 0.13452484999999972
        },
        "deactivate_clients": {
            "count": 8751,
            "rate": 56.40267128199942
        },
        "pushpulls_time": {
            "max": 447,
            "p(90)": 47,
            "p(95)": 68,
            "avg": 19.007336304422353,
            "min": 1,
            "med": 9,
            "thresholds": {
                "p(95)<1000": false
            }
        },
        "http_req_receiving": {
            "avg": 0.3438654371357606,
            "min": 0.011698,
            "med": 0.052699,
            "max": 186.302263,
            "p(90)": 0.16337330000000025,
            "p(95)": 0.43116214999999736
        },
        "http_req_failed": {
            "passes": 0,
            "fails": 70008,
            "value": 0
        },
        "attach_documents_success_rate": {
            "passes": 8751,
            "fails": 0,
            "value": 1
        },
        "active_clients_success_rate": {
            "passes": 8751,
            "fails": 0,
            "value": 1
        },
        "transaction_time": {
            "avg": 6173.663581304993,
            "min": 6014,
            "med": 6149,
            "max": 7262,
            "p(90)": 6358,
            "p(95)": 6459,
            "thresholds": {
                "p(95)<30000": false
            }
        },
        "http_req_waiting": {
            "max": 415.362425,
            "p(90)": 39.855949200000005,
            "p(95)": 63.72700609999999,
            "avg": 15.165278680622382,
            "min": 0.130006,
            "med": 4.742287
        },
        "iteration_duration": {
            "avg": 6173.698479983066,
            "min": 6014.114424,
            "med": 6148.646959,
            "max": 7262.517327,
            "p(90)": 6357.961161,
            "p(95)": 6459.117816
        },
        "http_req_duration": {
            "med": 4.9664269999999995,
            "max": 424.01134,
            "p(90)": 40.947280500000005,
            "p(95)": 65.3898311499999,
            "avg": 15.647085022054531,
            "min": 0.172831,
            "thresholds": {
                "p(95)<10000": false
            }
        },
        "vus_max": {
            "value": 500,
            "min": 500,
            "max": 500
        },
        "iterations": {
            "rate": 56.40267128199942,
            "count": 8751
        },
        "data_sent": {
            "count": 65868803,
            "rate": 424543.0743169669
        },
        "pushpulls": {
            "count": 43755,
            "rate": 282.0133564099971
        },
        "active_clients": {
            "count": 8751,
            "rate": 56.40267128199942
        },
        "deactivate_clients_time": {
            "min": 0,
            "med": 2,
            "max": 406,
            "p(90)": 21,
            "p(95)": 35,
            "avg": 7.508513312764255,
            "thresholds": {
                "p(95)<10000": false
            }
        },
        "data_received": {
            "count": 1257677294,
            "rate": 8106086.046430869
        },
        "checks": {
            "passes": 140016,
            "fails": 0,
            "value": 1
        },
        "http_reqs": {
            "count": 70008,
            "rate": 451.22137025599534
        },
        "attach_documents": {
            "rate": 56.40267128199942,
            "count": 8751
        },
        "transaction_success_rate": {
            "passes": 8751,
            "fails": 0,
            "thresholds": {
                "rate>0.99": false
            },
            "value": 1
        },
        "group_duration": {
            "p(90)": 6357.941661,
            "p(95)": 6459.0947165,
            "avg": 6173.643094430822,
            "min": 6014.094063,
            "med": 6148.612523,
            "max": 7262.490927
        },
        "attach_documents_time": {
            "max": 414,
            "p(90)": 97,
            "p(95)": 147.5,
            "avg": 36.64884013255628,
            "min": 3,
            "med": 14,
            "thresholds": {
                "p(95)<10000": false
            }
        },
        "http_req_duration{expected_response:true}": {
            "avg": 15.647085022054531,
            "min": 0.172831,
            "med": 4.9664269999999995,
            "max": 424.01134,
            "p(90)": 40.947280500000005,
            "p(95)": 65.3898311499999
        },
        "http_req_connecting": {
            "p(90)": 0,
            "p(95)": 0,
            "avg": 0.0073007560707347725,
            "min": 0,
            "med": 0,
            "max": 79.419086
        },
        "http_req_blocked": {
            "max": 79.50858,
            "p(90)": 0.005718,
            "p(95)": 0.007447849999999948,
            "avg": 0.01682404455205141,
            "min": 0.001272,
            "med": 0.003906
        },
        "deactivate_clients_success_rate": {
            "passes": 8751,
            "fails": 0,
            "value": 1
        },
        "pushpulls_success_rate": {
            "passes": 43755,
            "fails": 0,
            "value": 1
        }
    }
}