{
    "metrics": {
        "http_req_connecting": {
            "max": 110.212327,
            "p(90)": 0,
            "p(95)": 0,
            "avg": 0.01863985884343183,
            "min": 0,
            "med": 0
        },
        "checks": {
            "passes": 128864,
            "fails": 0,
            "value": 1
        },
        "http_req_tls_handshaking": {
            "med": 0,
            "max": 0,
            "p(90)": 0,
            "p(95)": 0,
            "avg": 0,
            "min": 0
        },
        "http_req_sending": {
            "p(90)": 0.07105800000000008,
            "p(95)": 0.21731399999999987,
            "avg": 0.48295472609883255,
            "min": 0.009368,
            "med": 0.022432,
            "max": 371.678218
        },
        "pushpulls_success_rate": {
            "passes": 40270,
            "fails": 0,
            "value": 1
        },
        "data_received": {
            "count": 1119396331,
            "rate": 7196074.905134037
        },
        "http_req_duration": {
            "p(90)": 231.9152202,
            "p(95)": 320.59501054999987,
            "avg": 74.92630266471598,
            "min": 0.918543,
            "med": 24.4575085,
            "max": 813.709306,
            "thresholds": {
                "p(95)<10000": false
            }
        },
        "attach_documents_success_rate": {
            "passes": 8054,
            "fails": 0,
            "value": 1
        },
        "deactivate_clients_success_rate": {
            "passes": 8054,
            "fails": 0,
            "value": 1
        },
        "deactivate_clients_time": {
            "avg": 194.55202383908616,
            "min": 4,
            "med": 154,
            "max": 814,
            "p(90)": 450,
            "p(95)": 517.3499999999995,
            "thresholds": {
                "p(95)<10000": false
            }
        },
        "group_duration": {
            "avg": 6711.491711386247,
            "min": 6024.067288,
            "med": 6790.627142,
            "max": 8619.924759,
            "p(90)": 7305.101529,
            "p(95)": 7499.487790599999
        },
        "http_req_duration{expected_response:true}": {
            "avg": 74.92630266471598,
            "min": 0.918543,
            "med": 24.4575085,
            "max": 813.709306,
            "p(90)": 231.9152202,
            "p(95)": 320.59501054999987
        },
        "http_req_waiting": {
            "max": 813.273078,
            "p(90)": 223.81578690000006,
            "p(95)": 313.72886989999967,
            "avg": 72.28874508748636,
            "min": 0.85821,
            "med": 23.7413795
        },
        "active_clients_success_rate": {
            "passes": 8054,
            "fails": 0,
            "value": 1
        },
        "http_req_blocked": {
            "max": 182.40754,
            "p(90)": 0.005921,
            "p(95)": 0.007735,
            "avg": 0.03493556783896387,
            "min": 0.001523,
            "med": 0.004217
        },
        "http_req_failed": {
            "passes": 0,
            "fails": 64432,
            "value": 0
        },
        "iteration_duration": {
            "avg": 6711.640750659669,
            "min": 6024.140194,
            "med": 6790.657083,
            "max": 8619.952201,
            "p(90)": 7305.4073222,
            "p(95)": 7499.511012149999
        },
        "pushpulls": {
            "count": 40270,
            "rate": 258.8769753880386
        },
        "attach_documents": {
            "count": 8054,
            "rate": 51.77539507760772
        },
        "transaction_success_rate": {
            "passes": 8054,
            "fails": 0,
            "thresholds": {
                "rate>0.99": false
            },
            "value": 1
        },
        "attach_documents_time": {
            "max": 779,
            "p(90)": 324,
            "p(95)": 396.34999999999945,
            "avg": 153.50099329525702,
            "min": 3,
            "med": 144,
            "thresholds": {
                "p(95)<10000": false
            }
        },
        "transaction_time": {
            "avg": 6711.606903402037,
            "min": 6024,
            "med": 6791,
            "max": 8620,
            "p(90)": 7305.7,
            "p(95)": 7499.349999999999,
            "thresholds": {
                "p(95)<30000": false
            }
        },
        "deactivate_clients": {
            "count": 8054,
            "rate": 51.77539507760772
        },
        "pushpulls_time": {
            "avg": 57.608641668736034,
            "min": 1,
            "med": 30,
            "max": 868,
            "p(90)": 147,
            "p(95)": 197,
            "thresholds": {
                "p(95)<1000": false
            }
        },
        "http_reqs": {
            "count": 64432,
            "rate": 414.20316062086175
        },
        "data_sent": {
            "count": 60620231,
            "rate": 389699.0824088456
        },
        "vus": {
            "max": 500,
            "value": 2,
            "min": 2
        },
        "active_clients_time": {
            "p(95)": 71,
            "avg": 15.801837596225479,
            "min": 1,
            "med": 5,
            "max": 551,
            "p(90)": 44,
            "thresholds": {
                "p(95)<500": false
            }
        },
        "http_req_receiving": {
            "p(90)": 0.3021703000000001,
            "p(95)": 1.1169669499999986,
            "avg": 2.1546028511298845,
            "min": 0.01589,
            "med": 0.0532395,
            "max": 378.641681
        },
        "active_clients": {
            "count": 8054,
            "rate": 51.77539507760772
        },
        "vus_max": {
            "value": 500,
            "min": 500,
            "max": 500
        },
        "iterations": {
            "count": 8054,
            "rate": 51.77539507760772
        }
    },
    "root_group": {
        "name": "",
        "path": "",
        "id": "d41d8cd98f00b204e9800998ecf8427e",
        "groups": {
            "Presence": {
                "name": "Presence",
                "path": "::Presence",
                "id": "63ab1748852475484c3afb7dae46dbde",
                "groups": {},
                "checks": {
                        "status is 200": {
                            "name": "status is 200",
                            "path": "::Presence::status is 200",
                            "id": "2bdfe827d978801584a6dde561f63b7d",
                            "passes": 64432,
                            "fails": 0
                        },
                        "response has valid body": {
                            "path": "::Presence::response has valid body",
                            "id": "2cb1a85a5851b9e28736f532526a5909",
                            "passes": 64432,
                            "fails": 0,
                            "name": "response has valid body"
                        }
                    }
            }
        },
        "checks": {}
    }
}