{
    "root_group": {
        "name": "",
        "path": "",
        "id": "d41d8cd98f00b204e9800998ecf8427e",
        "groups": {
            "Presence": {
                "id": "63ab1748852475484c3afb7dae46dbde",
                "groups": {},
                "checks": {
                        "status is 200": {
                            "path": "::Presence::status is 200",
                            "id": "2bdfe827d978801584a6dde561f63b7d",
                            "passes": 67976,
                            "fails": 0,
                            "name": "status is 200"
                        },
                        "response has valid body": {
                            "id": "2cb1a85a5851b9e28736f532526a5909",
                            "passes": 67976,
                            "fails": 0,
                            "name": "response has valid body",
                            "path": "::Presence::response has valid body"
                        }
                    },
                "name": "Presence",
                "path": "::Presence"
            }
        },
        "checks": {}
    },
    "metrics": {
        "http_req_tls_handshaking": {
            "max": 0,
            "p(90)": 0,
            "p(95)": 0,
            "avg": 0,
            "min": 0,
            "med": 0
        },
        "data_received": {
            "count": 1242159105,
            "rate": 8071441.882042858
        },
        "http_req_duration{expected_response:true}": {
            "p(90)": 96.12630300000001,
            "p(95)": 150.806871,
            "avg": 33.72722390793807,
            "min": 0.15537,
            "med": 9.2371885,
            "max": 564.685718
        },
        "attach_documents": {
            "count": 8497,
            "rate": 55.21276734651328
        },
        "pushpulls_success_rate": {
            "passes": 42485,
            "fails": 0,
            "value": 1
        },
        "deactivate_clients_time": {
            "avg": 17.886195127692126,
            "min": 0,
            "med": 3,
            "max": 399,
            "p(90)": 51,
            "p(95)": 84.19999999999982,
            "thresholds": {
                "p(95)<10000": false
            }
        },
        "active_clients_time": {
            "max": 397,
            "p(90)": 58,
            "p(95)": 94,
            "avg": 20.69542191361657,
            "min": 0,
            "med": 5,
            "thresholds": {
                "p(95)<500": false
            }
        },
        "data_sent": {
            "count": 63956029,
            "rate": 415580.7166745742
        },
        "iterations": {
            "count": 8497,
            "rate": 55.21276734651328
        },
        "http_req_failed": {
            "passes": 0,
            "fails": 67976,
            "value": 0
        },
        "http_req_waiting": {
            "max": 564.175014,
            "p(90)": 92.79900549999999,
            "p(95)": 143.5794395,
            "avg": 32.39341947866932,
            "min": 0.129211,
            "med": 8.8782385
        },
        "http_req_sending": {
            "p(95)": 0.173484,
            "avg": 0.3008844702100772,
            "min": 0.009428,
            "med": 0.020889,
            "max": 270.739678,
            "p(90)": 0.05659
        },
        "http_reqs": {
            "count": 67976,
            "rate": 441.70213877210625
        },
        "transaction_success_rate": {
            "passes": 8497,
            "fails": 0,
            "thresholds": {
                "rate>0.99": false
            },
            "value": 1
        },
        "active_clients_success_rate": {
            "passes": 8497,
            "fails": 0,
            "value": 1
        },
        "transaction_time": {
            "max": 8016,
            "p(90)": 6744,
            "p(95)": 6879,
            "avg": 6354.917617982817,
            "min": 6013,
            "med": 6320,
            "thresholds": {
                "p(95)<30000": false
            }
        },
        "pushpulls": {
            "count": 42485,
            "rate": 276.0638367325664
        },
        "group_duration": {
            "avg": 6354.892413833702,
            "min": 6013.389205,
            "med": 6319.852897,
            "max": 8015.937312,
            "p(90)": 6743.8732258,
            "p(95)": 6878.3963521999995
        },
        "http_req_duration": {
            "p(95)": 150.806871,
            "avg": 33.72722390793807,
            "min": 0.15537,
            "med": 9.2371885,
            "max": 564.685718,
            "p(90)": 96.12630300000001,
            "thresholds": {
                "p(95)<10000": false
            }
        },
        "pushpulls_time": {
            "avg": 38.48972578557138,
            "min": 1,
            "med": 17,
            "max": 557,
            "p(90)": 102,
            "p(95)": 148,
            "thresholds": {
                "p(95)<1000": false
            }
        },
        "attach_documents_time": {
            "avg": 74.40108273508297,
            "min": 3,
            "med": 24,
            "max": 706,
            "p(90)": 224,
            "p(95)": 294,
            "thresholds": {
                "p(95)<10000": false
            }
        },
        "attach_documents_success_rate": {
            "passes": 8497,
            "fails": 0,
            "value": 1
        },
        "deactivate_clients": {
            "count": 8497,
            "rate": 55.21276734651328
        },
        "iteration_duration": {
            "p(90)": 6744.078930000001,
            "p(95)": 6878.42055,
            "avg": 6354.964584446385,
            "min": 6013.477749,
            "med": 6319.877493,
            "max": 8015.955826
        },
        "vus_max": {
            "value": 500,
            "min": 500,
            "max": 500
        },
        "active_clients": {
            "count": 8497,
            "rate": 55.21276734651328
        },
        "vus": {
            "value": 2,
            "min": 2,
            "max": 500
        },
        "deactivate_clients_success_rate": {
            "fails": 0,
            "passes": 8497,
            "value": 1
        },
        "http_req_blocked": {
            "p(95)": 0.008065,
            "avg": 0.04471755559315203,
            "min": 0.001492,
            "med": 0.003928,
            "max": 273.66781,
            "p(90)": 0.00573
        },
        "checks": {
            "passes": 135952,
            "fails": 0,
            "value": 1
        },
        "http_req_receiving": {
            "med": 0.0521075,
            "max": 334.84041,
            "p(90)": 0.191418,
            "p(95)": 0.53334875,
            "avg": 1.0329199590590818,
            "min": 0.013816
        },
        "http_req_connecting": {
            "avg": 0.026307386077439102,
            "min": 0,
            "med": 0,
            "max": 257.738511,
            "p(90)": 0,
            "p(95)": 0
        }
    }
}