{
    "metrics": {
        "iteration_duration": {
            "max": 6322.73286,
            "p(90)": 6116.4623604,
            "p(95)": 6138.841351399999,
            "avg": 6060.389956696758,
            "min": 6011.798073,
            "med": 6049.372473
        },
        "transaction_time": {
            "avg": 6060.368958169788,
            "min": 6012,
            "med": 6049,
            "max": 6323,
            "p(90)": 6116,
            "p(95)": 6139,
            "thresholds": {
                "p(95)<30000": false
            }
        },
        "http_req_blocked": {
            "p(90)": 0.004657,
            "p(95)": 0.005909,
            "avg": 0.007063723071100129,
            "min": 0.001011,
            "med": 0.003205,
            "max": 11.030642
        },
        "checks": {
            "passes": 142672,
            "fails": 0,
            "value": 1
        },
        "active_clients_success_rate": {
            "passes": 8917,
            "fails": 0,
            "value": 1
        },
        "group_duration": {
            "avg": 6060.355225161125,
            "min": 6011.786444,
            "med": 6049.311042,
            "max": 6322.714913,
            "p(90)": 6116.4125954,
            "p(95)": 6138.7417506
        },
        "data_sent": {
            "count": 67118973,
            "rate": 434906.97102647147
        },
        "iterations": {
            "count": 8917,
            "rate": 57.77897496499307
        },
        "pushpulls": {
            "count": 44585,
            "rate": 288.89487482496537
        },
        "attach_documents_time": {
            "p(95)": 34,
            "avg": 10.839968599304699,
            "min": 2,
            "med": 7,
            "max": 227,
            "p(90)": 22,
            "thresholds": {
                "p(95)<10000": false
            }
        },
        "http_req_receiving": {
            "avg": 0.1115271004401705,
            "min": 0.009875,
            "med": 0.043225,
            "max": 35.726278,
            "p(90)": 0.100546,
            "p(95)": 0.222525
        },
        "http_reqs": {
            "count": 71336,
            "rate": 462.23179971994455
        },
        "data_received": {
            "count": 1326552689,
            "rate": 8595587.59756367
        },
        "pushpulls_success_rate": {
            "passes": 44585,
            "fails": 0,
            "value": 1
        },
        "http_req_sending": {
            "min": 0.006179,
            "med": 0.016505,
            "max": 53.465878,
            "p(90)": 0.031397,
            "p(95)": 0.051604750000000005,
            "avg": 0.04870962729897892
        },
        "deactivate_clients_time": {
            "p(90)": 5,
            "p(95)": 10,
            "avg": 2.0917348884153864,
            "min": 0,
            "med": 1,
            "max": 106,
            "thresholds": {
                "p(95)<10000": false
            }
        },
        "active_clients_time": {
            "p(90)": 7,
            "p(95)": 13,
            "avg": 3.2075810250084107,
            "min": 0,
            "med": 1,
            "max": 80,
            "thresholds": {
                "p(95)<500": false
            }
        },
        "http_req_waiting": {
            "avg": 4.69447774278056,
            "min": 0.097476,
            "med": 1.9505620000000001,
            "max": 165.948032,
            "p(90)": 11.1251795,
            "p(95)": 18.37524925
        },
        "attach_documents": {
            "count": 8917,
            "rate": 57.77897496499307
        },
        "vus_max": {
            "value": 500,
            "min": 500,
            "max": 500
        },
        "http_req_duration": {
            "avg": 4.854714470519827,
            "min": 0.128052,
            "med": 2.0689625,
            "max": 166.135364,
            "p(90)": 11.489450000000001,
            "p(95)": 18.8195555,
            "thresholds": {
                "p(95)<10000": false
            }
        },
        "pushpulls_time": {
            "med": 4,
            "max": 157,
            "p(90)": 16,
            "p(95)": 24,
            "avg": 7.196904788606034,
            "min": 0,
            "thresholds": {
                "p(95)<1000": false
            }
        },
        "http_req_failed": {
            "passes": 0,
            "fails": 71336,
            "value": 0
        },
        "transaction_success_rate": {
            "passes": 8917,
            "fails": 0,
            "thresholds": {
                "rate>0.99": false
            },
            "value": 1
        },
        "http_req_tls_handshaking": {
            "avg": 0,
            "min": 0,
            "med": 0,
            "max": 0,
            "p(90)": 0,
            "p(95)": 0
        },
        "http_req_connecting": {
            "max": 6.33812,
            "p(90)": 0,
            "p(95)": 0,
            "avg": 0.001379701595267466,
            "min": 0,
            "med": 0
        },
        "active_clients": {
            "count": 8917,
            "rate": 57.77897496499307
        },
        "deactivate_clients_success_rate": {
            "fails": 0,
            "passes": 8917,
            "value": 1
        },
        "attach_documents_success_rate": {
            "passes": 8917,
            "fails": 0,
            "value": 1
        },
        "vus": {
            "max": 500,
            "value": 5,
            "min": 5
        },
        "deactivate_clients": {
            "count": 8917,
            "rate": 57.77897496499307
        },
        "http_req_duration{expected_response:true}": {
            "avg": 4.854714470519827,
            "min": 0.128052,
            "med": 2.0689625,
            "max": 166.135364,
            "p(90)": 11.489450000000001,
            "p(95)": 18.8195555
        }
    },
    "root_group": {
        "name": "",
        "path": "",
        "id": "d41d8cd98f00b204e9800998ecf8427e",
        "groups": {
            "Presence": {
                "name": "Presence",
                "path": "::Presence",
                "id": "63ab1748852475484c3afb7dae46dbde",
                "groups": {},
                "checks": {
                        "status is 200": {
                            "path": "::Presence::status is 200",
                            "id": "2bdfe827d978801584a6dde561f63b7d",
                            "passes": 71336,
                            "fails": 0,
                            "name": "status is 200"
                        },
                        "response has valid body": {
                            "name": "response has valid body",
                            "path": "::Presence::response has valid body",
                            "id": "2cb1a85a5851b9e28736f532526a5909",
                            "passes": 71336,
                            "fails": 0
                        }
                    }
            }
        },
        "checks": {}
    }
}