{
    "metrics": {
        "transaction_success_rate": {
            "passes": 8092,
            "fails": 0,
            "thresholds": {
                "rate>0.99": false
            },
            "value": 1
        },
        "http_req_waiting": {
            "avg": 66.44086511943932,
            "min": 0.88327,
            "med": 22.6933385,
            "max": 888.919507,
            "p(90)": 190.5574995,
            "p(95)": 261.002645
        },
        "vus": {
            "value": 5,
            "min": 5,
            "max": 500
        },
        "pushpulls": {
            "count": 40460,
            "rate": 259.6540033890979
        },
        "attach_documents_time": {
            "p(95)": 398,
            "avg": 116.29485912011863,
            "min": 3,
            "med": 65,
            "max": 1122,
            "p(90)": 298,
            "thresholds": {
                "p(95)<10000": false
            }
        },
        "http_req_receiving": {
            "max": 486.426401,
            "p(90)": 0.26634199999999997,
            "p(95)": 0.91943,
            "avg": 2.6230735273881427,
            "min": 0.015669,
            "med": 0.050193
        },
        "http_req_blocked": {
            "med": 0.003978,
            "max": 228.479201,
            "p(90)": 0.00537,
            "p(95)": 0.007444,
            "avg": 0.03291090886060396,
            "min": 0.001493
        },
        "http_req_tls_handshaking": {
            "avg": 0,
            "min": 0,
            "med": 0,
            "max": 0,
            "p(90)": 0,
            "p(95)": 0
        },
        "iteration_duration": {
            "p(95)": 7544.512672299999,
            "avg": 6683.254567852599,
            "min": 6021.784156,
            "med": 6719.002085,
            "max": 9182.740148,
            "p(90)": 7334.1821631
        },
        "http_req_duration{expected_response:true}": {
            "avg": 69.57238632504313,
            "min": 0.937318,
            "med": 23.333355,
            "max": 1121.321169,
            "p(90)": 200.1009285,
            "p(95)": 274.7482865
        },
        "data_sent": {
            "count": 60906359,
            "rate": 390869.499411854
        },
        "deactivate_clients_time": {
            "p(95)": 499,
            "avg": 142.77706376668314,
            "min": 4,
            "med": 74,
            "max": 1121,
            "p(90)": 394,
            "thresholds": {
                "p(95)<10000": false
            }
        },
        "active_clients_success_rate": {
            "passes": 8092,
            "fails": 0,
            "value": 1
        },
        "pushpulls_success_rate": {
            "passes": 40460,
            "fails": 0,
            "value": 1
        },
        "transaction_time": {
            "max": 9183,
            "p(90)": 7334,
            "p(95)": 7544.45,
            "avg": 6683.199579831933,
            "min": 6022,
            "med": 6719,
            "thresholds": {
                "p(95)<30000": false
            }
        },
        "active_clients": {
            "count": 8092,
            "rate": 51.93080067781958
        },
        "deactivate_clients_success_rate": {
            "passes": 8092,
            "fails": 0,
            "value": 1
        },
        "attach_documents": {
            "count": 8092,
            "rate": 51.93080067781958
        },
        "deactivate_clients": {
            "count": 8092,
            "rate": 51.93080067781958
        },
        "http_reqs": {
            "count": 64736,
            "rate": 415.44640542255667
        },
        "http_req_failed": {
            "passes": 0,
            "fails": 64736,
            "value": 0
        },
        "group_duration": {
            "max": 9182.717836,
            "p(90)": 7334.161527900001,
            "p(95)": 7544.47948265,
            "avg": 6683.184574589099,
            "min": 6021.769869,
            "med": 6718.902257
        },
        "pushpulls_time": {
            "max": 873,
            "p(90)": 187,
            "p(95)": 249,
            "avg": 67.71233316856154,
            "min": 1,
            "med": 32,
            "thresholds": {
                "p(95)<1000": false
            }
        },
        "active_clients_time": {
            "avg": 17.696613939693524,
            "min": 1,
            "med": 5,
            "max": 343,
            "p(90)": 50,
            "p(95)": 80,
            "thresholds": {
                "p(95)<500": false
            }
        },
        "attach_documents_success_rate": {
            "passes": 8092,
            "fails": 0,
            "value": 1
        },
        "checks": {
            "passes": 129472,
            "fails": 0,
            "value": 1
        },
        "data_received": {
            "count": 1122770400,
            "rate": 7205433.248808176
        },
        "vus_max": {
            "value": 500,
            "min": 500,
            "max": 500
        },
        "http_req_connecting": {
            "p(90)": 0,
            "p(95)": 0,
            "avg": 0.014078201773356402,
            "min": 0,
            "med": 0,
            "max": 102.508417
        },
        "iterations": {
            "count": 8092,
            "rate": 51.93080067781958
        },
        "http_req_duration": {
            "avg": 69.57238632504313,
            "min": 0.937318,
            "med": 23.333355,
            "max": 1121.321169,
            "p(90)": 200.1009285,
            "p(95)": 274.7482865,
            "thresholds": {
                "p(95)<10000": false
            }
        },
        "http_req_sending": {
            "med": 0.021349,
            "max": 446.622151,
            "p(90)": 0.067315,
            "p(95)": 0.2094725,
            "avg": 0.5084476782161372,
            "min": 0.01056
        }
    },
    "root_group": {
        "id": "d41d8cd98f00b204e9800998ecf8427e",
        "groups": {
            "Presence": {
                "path": "::Presence",
                "id": "63ab1748852475484c3afb7dae46dbde",
                "groups": {},
                "checks": {
                        "status is 200": {
                            "name": "status is 200",
                            "path": "::Presence::status is 200",
                            "id": "2bdfe827d978801584a6dde561f63b7d",
                            "passes": 64736,
                            "fails": 0
                        },
                        "response has valid body": {
                            "name": "response has valid body",
                            "path": "::Presence::response has valid body",
                            "id": "2cb1a85a5851b9e28736f532526a5909",
                            "passes": 64736,
                            "fails": 0
                        }
                    },
                "name": "Presence"
            }
        },
        "checks": {},
        "name": "",
        "path": ""
    }
}