{
    "metrics": {
        "data_received": {
            "count": 1176826086,
            "rate": 7590536.359607159
        },
        "active_clients": {
            "count": 8317,
            "rate": 53.64470727992746
        },
        "transaction_time": {
            "p(90)": 7011,
            "p(95)": 7166,
            "avg": 6498.182157027774,
            "min": 6016,
            "med": 6494,
            "max": 8192,
            "thresholds": {
                "p(95)<30000": false
            }
        },
        "http_req_connecting": {
            "avg": 0.009378345752675243,
            "min": 0,
            "med": 0,
            "max": 73.398734,
            "p(90)": 0,
            "p(95)": 0
        },
        "iteration_duration": {
            "avg": 6498.218618276312,
            "min": 6016.041227,
            "med": 6493.818287,
            "max": 8191.602039,
            "p(90)": 7010.8681025999995,
            "p(95)": 7165.5843596
        },
        "http_req_failed": {
            "passes": 0,
            "fails": 66536,
            "value": 0
        },
        "http_reqs": {
            "rate": 429.1576582394197,
            "count": 66536
        },
        "http_req_receiving": {
            "max": 428.320982,
            "p(90)": 0.2629125,
            "p(95)": 0.982565,
            "avg": 2.6497099723608244,
            "min": 0.015138,
            "med": 0.054181
        },
        "deactivate_clients_success_rate": {
            "passes": 8317,
            "fails": 0,
            "value": 1
        },
        "transaction_success_rate": {
            "passes": 8317,
            "fails": 0,
            "thresholds": {
                "rate>0.99": false
            },
            "value": 1
        },
        "active_clients_success_rate": {
            "passes": 8317,
            "fails": 0,
            "value": 1
        },
        "pushpulls": {
            "count": 41585,
            "rate": 268.2235363996373
        },
        "vus": {
            "value": 2,
            "min": 2,
            "max": 500
        },
        "pushpulls_success_rate": {
            "passes": 41585,
            "fails": 0,
            "value": 1
        },
        "vus_max": {
            "value": 500,
            "min": 500,
            "max": 500
        },
        "data_sent": {
            "count": 62600879,
            "rate": 403776.1006878872
        },
        "http_req_duration{expected_response:true}": {
            "avg": 47.336026313634264,
            "min": 0.188323,
            "med": 11.818712,
            "max": 751.684783,
            "p(90)": 140.75705,
            "p(95)": 199.0619005
        },
        "deactivate_clients_time": {
            "min": 0,
            "med": 2,
            "max": 522,
            "p(90)": 63,
            "p(95)": 109,
            "avg": 20.993747745581338,
            "thresholds": {
                "p(95)<10000": false
            }
        },
        "http_req_waiting": {
            "med": 11.340185,
            "max": 751.612817,
            "p(90)": 132.44317949999999,
            "p(95)": 183.58714049999998,
            "avg": 44.26841201432324,
            "min": 0.142908
        },
        "attach_documents": {
            "count": 8317,
            "rate": 53.64470727992746
        },
        "iterations": {
            "count": 8317,
            "rate": 53.64470727992746
        },
        "pushpulls_time": {
            "min": 1,
            "med": 24,
            "max": 671,
            "p(90)": 167,
            "p(95)": 219,
            "avg": 58.97571239629674,
            "thresholds": {
                "p(95)<1000": false
            }
        },
        "http_req_tls_handshaking": {
            "avg": 0,
            "min": 0,
            "med": 0,
            "max": 0,
            "p(90)": 0,
            "p(95)": 0
        },
        "group_duration": {
            "p(90)": 7010.7767608,
            "p(95)": 7165.5528028,
            "avg": 6498.1456300239315,
            "min": 6016.009838,
            "med": 6493.799091,
            "max": 8191.572193
        },
        "http_req_blocked": {
            "avg": 0.02278271967055524,
            "min": 0.001573,
            "med": 0.004137,
            "max": 94.245132,
            "p(90)": 0.005721,
            "p(95)": 0.0075465
        },
        "http_req_sending": {
            "p(95)": 0.18493675,
            "avg": 0.41790432695081775,
            "min": 0.009949,
            "med": 0.021942,
            "max": 438.762179,
            "p(90)": 0.062466999999999995
        },
        "attach_documents_time": {
            "avg": 89.87158831309367,
            "min": 3,
            "med": 27,
            "max": 752,
            "p(90)": 287.40000000000055,
            "p(95)": 379.1999999999998,
            "thresholds": {
                "p(95)<10000": false
            }
        },
        "http_req_duration": {
            "p(95)": 199.0619005,
            "avg": 47.336026313634264,
            "min": 0.188323,
            "med": 11.818712,
            "max": 751.684783,
            "p(90)": 140.75705,
            "thresholds": {
                "p(95)<10000": false
            }
        },
        "deactivate_clients": {
            "count": 8317,
            "rate": 53.64470727992746
        },
        "active_clients_time": {
            "min": 1,
            "med": 7,
            "max": 461,
            "p(90)": 67.40000000000055,
            "p(95)": 100,
            "avg": 22.811831189130697,
            "thresholds": {
                "p(95)<500": false
            }
        },
        "checks": {
            "passes": 133072,
            "fails": 0,
            "value": 1
        },
        "attach_documents_success_rate": {
            "fails": 0,
            "passes": 8317,
            "value": 1
        }
    },
    "root_group": {
        "path": "",
        "id": "d41d8cd98f00b204e9800998ecf8427e",
        "groups": {
            "Presence": {
                "id": "63ab1748852475484c3afb7dae46dbde",
                "groups": {},
                "checks": {
                        "status is 200": {
                            "name": "status is 200",
                            "path": "::Presence::status is 200",
                            "id": "2bdfe827d978801584a6dde561f63b7d",
                            "passes": 66536,
                            "fails": 0
                        },
                        "response has valid body": {
                            "name": "response has valid body",
                            "path": "::Presence::response has valid body",
                            "id": "2cb1a85a5851b9e28736f532526a5909",
                            "passes": 66536,
                            "fails": 0
                        }
                    },
                "name": "Presence",
                "path": "::Presence"
            }
        },
        "checks": {},
        "name": ""
    }
}