{
    "metrics": {
        "attach_documents": {
            "count": 8441,
            "rate": 54.59589615884311
        },
        "data_sent": {
            "rate": 410936.96533677314,
            "count": 63534426
        },
        "deactivate_clients_time": {
            "avg": 20.228053548157803,
            "min": 0,
            "med": 2,
            "max": 604,
            "p(90)": 61,
            "p(95)": 96,
            "thresholds": {
                "p(95)<10000": false
            }
        },
        "checks": {
            "passes": 135056,
            "fails": 0,
            "value": 1
        },
        "active_clients": {
            "count": 8441,
            "rate": 54.59589615884311
        },
        "attach_documents_time": {
            "min": 3,
            "med": 22,
            "max": 662,
            "p(90)": 270,
            "p(95)": 356,
            "avg": 89.4173676104727,
            "thresholds": {
                "p(95)<10000": false
            }
        },
        "http_req_blocked": {
            "p(90)": 0.0056,
            "p(95)": 0.007614,
            "avg": 0.024180838363346925,
            "min": 0.001453,
            "med": 0.004038,
            "max": 92.178769
        },
        "iterations": {
            "count": 8441,
            "rate": 54.59589615884311
        },
        "http_req_duration{expected_response:true}": {
            "avg": 37.914301129205484,
            "min": 0.186267,
            "med": 7.896563,
            "max": 680.905479,
            "p(90)": 112.15022570000001,
            "p(95)": 169.27835505000002
        },
        "http_req_receiving": {
            "avg": 1.8833341481163106,
            "min": 0.014166,
            "med": 0.0554385,
            "max": 479.535118,
            "p(90)": 0.24578160000000004,
            "p(95)": 0.7871361499999966
        },
        "transaction_success_rate": {
            "passes": 8441,
            "fails": 0,
            "thresholds": {
                "rate>0.99": false
            },
            "value": 1
        },
        "http_req_sending": {
            "avg": 0.36838680011254654,
            "min": 0.011051,
            "med": 0.022301500000000002,
            "max": 334.60491,
            "p(90)": 0.05683630000000009,
            "p(95)": 0.17748099999999964
        },
        "deactivate_clients_success_rate": {
            "passes": 8441,
            "fails": 0,
            "value": 1
        },
        "data_received": {
            "count": 1195388028,
            "rate": 7731700.112097173
        },
        "pushpulls": {
            "count": 42205,
            "rate": 272.97948079421553
        },
        "active_clients_success_rate": {
            "passes": 8441,
            "fails": 0,
            "value": 1
        },
        "transaction_time": {
            "min": 6014,
            "med": 6367,
            "max": 8016,
            "p(90)": 6869,
            "p(95)": 7015,
            "avg": 6405.63120483355,
            "thresholds": {
                "p(95)<30000": false
            }
        },
        "http_req_connecting": {
            "p(95)": 0,
            "avg": 0.015286625429451486,
            "min": 0,
            "med": 0,
            "max": 92.126722,
            "p(90)": 0
        },
        "group_duration": {
            "avg": 6405.613494568047,
            "min": 6013.977305,
            "med": 6367.539659,
            "max": 8016.238506,
            "p(90)": 6868.349766,
            "p(95)": 7014.169902
        },
        "pushpulls_success_rate": {
            "passes": 42205,
            "fails": 0,
            "value": 1
        },
        "http_req_tls_handshaking": {
            "med": 0,
            "max": 0,
            "p(90)": 0,
            "p(95)": 0,
            "avg": 0,
            "min": 0
        },
        "vus": {
            "value": 6,
            "min": 6,
            "max": 500
        },
        "vus_max": {
            "value": 500,
            "min": 500,
            "max": 500
        },
        "active_clients_time": {
            "avg": 21.346167515697193,
            "min": 0,
            "med": 4,
            "max": 470,
            "p(90)": 66,
            "p(95)": 96,
            "thresholds": {
                "p(95)<500": false
            }
        },
        "attach_documents_success_rate": {
            "passes": 8441,
            "fails": 0,
            "value": 1
        },
        "deactivate_clients": {
            "count": 8441,
            "rate": 54.59589615884311
        },
        "iteration_duration": {
            "med": 6367.558455,
            "max": 8016.279833,
            "p(90)": 6868.365936,
            "p(95)": 7014.997162,
            "avg": 6405.666997579318,
            "min": 6013.998565
        },
        "http_reqs": {
            "count": 67528,
            "rate": 436.7671692707449
        },
        "http_req_waiting": {
            "avg": 35.66258018097671,
            "min": 0.136517,
            "med": 7.5460705,
            "max": 657.963902,
            "p(90)": 105.77118530000011,
            "p(95)": 156.8973077499999
        },
        "http_req_failed": {
            "passes": 0,
            "fails": 67528,
            "value": 0
        },
        "pushpulls_time": {
            "p(95)": 161,
            "avg": 41.698850847056036,
            "min": 1,
            "med": 15,
            "max": 685,
            "p(90)": 116,
            "thresholds": {
                "p(95)<1000": false
            }
        },
        "http_req_duration": {
            "avg": 37.914301129205484,
            "min": 0.186267,
            "med": 7.896563,
            "max": 680.905479,
            "p(90)": 112.15022570000001,
            "p(95)": 169.27835505000002,
            "thresholds": {
                "p(95)<10000": false
            }
        }
    },
    "root_group": {
        "groups": {
            "Presence": {
                "groups": {},
                "checks": {
                        "status is 200": {
                            "name": "status is 200",
                            "path": "::Presence::status is 200",
                            "id": "2bdfe827d978801584a6dde561f63b7d",
                            "passes": 67528,
                            "fails": 0
                        },
                        "response has valid body": {
                            "name": "response has valid body",
                            "path": "::Presence::response has valid body",
                            "id": "2cb1a85a5851b9e28736f532526a5909",
                            "passes": 67528,
                            "fails": 0
                        }
                    },
                "name": "Presence",
                "path": "::Presence",
                "id": "63ab1748852475484c3afb7dae46dbde"
            }
        },
        "checks": {},
        "name": "",
        "path": "",
        "id": "d41d8cd98f00b204e9800998ecf8427e"
    }
}