{
    "metrics": {
        "vus": {
            "value": 1,
            "min": 1,
            "max": 500
        },
        "http_reqs": {
            "count": 68000,
            "rate": 438.62332871782326
        },
        "data_sent": {
            "count": 63979005,
            "rate": 412686.53148756264
        },
        "attach_documents_time": {
            "p(95)": 295,
            "avg": 71.27435294117647,
            "min": 3,
            "med": 19,
            "max": 728,
            "p(90)": 220,
            "thresholds": {
                "p(95)<10000": false
            }
        },
        "http_req_duration": {
            "avg": 32.74464081148529,
            "min": 0.18222,
            "med": 7.3293040000000005,
            "max": 727.342667,
            "p(90)": 97.34555659999998,
            "p(95)": 143.6356878499998,
            "thresholds": {
                "p(95)<10000": false
            }
        },
        "iterations": {
            "count": 8500,
            "rate": 54.82791608972791
        },
        "http_req_blocked": {
            "max": 144.606058,
            "p(90)": 0.00537,
            "p(95)": 0.007324,
            "avg": 0.02836874989705946,
            "min": 0.001503,
            "med": 0.003796
        },
        "http_req_waiting": {
            "p(95)": 136.67140235,
            "avg": 31.277520617867992,
            "min": 0.130714,
            "med": 7.0057545,
            "max": 596.869244,
            "p(90)": 94.01812489999998
        },
        "http_req_failed": {
            "passes": 0,
            "fails": 68000,
            "value": 0
        },
        "active_clients": {
            "count": 8500,
            "rate": 54.82791608972791
        },
        "attach_documents": {
            "count": 8500,
            "rate": 54.82791608972791
        },
        "checks": {
            "passes": 136000,
            "fails": 0,
            "value": 1
        },
        "http_req_connecting": {
            "p(90)": 0,
            "p(95)": 0,
            "avg": 0.01366491688235294,
            "min": 0,
            "med": 0,
            "max": 103.170646
        },
        "transaction_success_rate": {
            "passes": 8500,
            "fails": 0,
            "thresholds": {
                "rate>0.99": false
            },
            "value": 1
        },
        "deactivate_clients_time": {
            "med": 2,
            "max": 552,
            "p(90)": 56,
            "p(95)": 90,
            "avg": 18.575411764705883,
            "min": 0,
            "thresholds": {
                "p(95)<10000": false
            }
        },
        "pushpulls_success_rate": {
            "passes": 42500,
            "fails": 0,
            "value": 1
        },
        "http_req_tls_handshaking": {
            "avg": 0,
            "min": 0,
            "med": 0,
            "max": 0,
            "p(90)": 0,
            "p(95)": 0
        },
        "iteration_duration": {
            "med": 6335.96148,
            "max": 7571.691731,
            "p(90)": 6723.1328715,
            "p(95)": 6848.057500949999,
            "avg": 6349.150399924343,
            "min": 6012.435087
        },
        "http_req_receiving": {
            "med": 0.050464,
            "max": 284.877887,
            "p(90)": 0.18981499999999984,
            "p(95)": 0.5202510499999974,
            "avg": 1.1271601172794097,
            "min": 0.013996
        },
        "vus_max": {
            "value": 500,
            "min": 500,
            "max": 500
        },
        "http_req_duration{expected_response:true}": {
            "avg": 32.74464081148529,
            "min": 0.18222,
            "med": 7.3293040000000005,
            "max": 727.342667,
            "p(90)": 97.34555659999998,
            "p(95)": 143.6356878499998
        },
        "data_received": {
            "count": 1240425890,
            "rate": 8001172.542640713
        },
        "transaction_time": {
            "min": 6012,
            "med": 6336,
            "max": 7571,
            "p(90)": 6723,
            "p(95)": 6848,
            "avg": 6349.092470588235,
            "thresholds": {
                "p(95)<30000": false
            }
        },
        "http_req_sending": {
            "avg": 0.3399600763382295,
            "min": 0.009107,
            "med": 0.020098,
            "max": 333.394003,
            "p(90)": 0.05296999999999999,
            "p(95)": 0.16333799999999973
        },
        "group_duration": {
            "avg": 6349.071706195629,
            "min": 6012.399651,
            "med": 6335.9254115,
            "max": 7571.672045,
            "p(90)": 6723.0218228,
            "p(95)": 6848.03477245
        },
        "deactivate_clients_success_rate": {
            "passes": 8500,
            "fails": 0,
            "value": 1
        },
        "active_clients_success_rate": {
            "passes": 8500,
            "fails": 0,
            "value": 1
        },
        "deactivate_clients": {
            "count": 8500,
            "rate": 54.82791608972791
        },
        "pushpulls_time": {
            "min": 1,
            "med": 14,
            "max": 775,
            "p(90)": 104,
            "p(95)": 146,
            "avg": 37.50990588235294,
            "thresholds": {
                "p(95)<1000": false
            }
        },
        "active_clients_time": {
            "max": 355,
            "p(90)": 65,
            "p(95)": 96,
            "avg": 20.583529411764705,
            "min": 0,
            "med": 4,
            "thresholds": {
                "p(95)<500": false
            }
        },
        "attach_documents_success_rate": {
            "passes": 8500,
            "fails": 0,
            "value": 1
        },
        "pushpulls": {
            "rate": 274.13958044863955,
            "count": 42500
        }
    },
    "root_group": {
        "name": "",
        "path": "",
        "id": "d41d8cd98f00b204e9800998ecf8427e",
        "groups": {
            "Presence": {
                "name": "Presence",
                "path": "::Presence",
                "id": "63ab1748852475484c3afb7dae46dbde",
                "groups": {},
                "checks": {
                        "status is 200": {
                            "name": "status is 200",
                            "path": "::Presence::status is 200",
                            "id": "2bdfe827d978801584a6dde561f63b7d",
                            "passes": 68000,
                            "fails": 0
                        },
                        "response has valid body": {
                            "name": "response has valid body",
                            "path": "::Presence::response has valid body",
                            "id": "2cb1a85a5851b9e28736f532526a5909",
                            "passes": 68000,
                            "fails": 0
                        }
                    }
            }
        },
        "checks": {}
    }
}