{
    "root_group": {
        "name": "",
        "path": "",
        "id": "d41d8cd98f00b204e9800998ecf8427e",
        "groups": {
            "Presence": {
                "path": "::Presence",
                "id": "63ab1748852475484c3afb7dae46dbde",
                "groups": {},
                "checks": {
                        "status is 200": {
                            "name": "status is 200",
                            "path": "::Presence::status is 200",
                            "id": "2bdfe827d978801584a6dde561f63b7d",
                            "passes": 67592,
                            "fails": 0
                        },
                        "response has valid body": {
                            "name": "response has valid body",
                            "path": "::Presence::response has valid body",
                            "id": "2cb1a85a5851b9e28736f532526a5909",
                            "passes": 67592,
                            "fails": 0
                        }
                    },
                "name": "Presence"
            }
        },
        "checks": {}
    },
    "metrics": {
        "http_req_receiving": {
            "p(90)": 0.17772170000000012,
            "p(95)": 0.5613477499999978,
            "avg": 1.8536971866641117,
            "min": 0.013361,
            "med": 0.049898,
            "max": 284.547326
        },
        "iteration_duration": {
            "med": 6355.737981,
            "max": 7941.824748,
            "p(90)": 6854.395202999999,
            "p(95)": 7007.6298066,
            "avg": 6394.724250846957,
            "min": 6014.1001
        },
        "deactivate_clients_time": {
            "p(90)": 69.19999999999982,
            "p(95)": 109.59999999999945,
            "avg": 21.448928867321577,
            "min": 0,
            "med": 2,
            "max": 473,
            "thresholds": {
                "p(95)<10000": false
            }
        },
        "pushpulls": {
            "count": 42245,
            "rate": 273.38622263917
        },
        "vus": {
            "value": 3,
            "min": 3,
            "max": 500
        },
        "active_clients_success_rate": {
            "passes": 8449,
            "fails": 0,
            "value": 1
        },
        "attach_documents_time": {
            "p(90)": 248,
            "p(95)": 332,
            "avg": 77.88992780210675,
            "min": 3,
            "med": 16,
            "max": 707,
            "thresholds": {
                "p(95)<10000": false
            }
        },
        "attach_documents_success_rate": {
            "passes": 8449,
            "fails": 0,
            "value": 1
        },
        "active_clients_time": {
            "min": 0,
            "med": 4,
            "max": 419,
            "p(90)": 71.19999999999982,
            "p(95)": 105,
            "avg": 22.10391762338738,
            "thresholds": {
                "p(95)<500": false
            }
        },
        "http_req_waiting": {
            "med": 5.924561499999999,
            "max": 706.407787,
            "p(90)": 102.581908,
            "p(95)": 154.15566129999982,
            "avg": 33.404993957406305,
            "min": 0.112333
        },
        "http_req_failed": {
            "fails": 67592,
            "passes": 0,
            "value": 0
        },
        "checks": {
            "passes": 135184,
            "fails": 0,
            "value": 1
        },
        "http_req_duration": {
            "max": 706.499102,
            "p(90)": 110.1684242,
            "p(95)": 168.35578894999995,
            "avg": 35.658822842717505,
            "min": 0.144732,
            "med": 6.140255,
            "thresholds": {
                "p(95)<10000": false
            }
        },
        "http_req_tls_handshaking": {
            "min": 0,
            "med": 0,
            "max": 0,
            "p(90)": 0,
            "p(95)": 0,
            "avg": 0
        },
        "http_req_duration{expected_response:true}": {
            "avg": 35.658822842717505,
            "min": 0.144732,
            "med": 6.140255,
            "max": 706.499102,
            "p(90)": 110.1684242,
            "p(95)": 168.35578894999995
        },
        "pushpulls_success_rate": {
            "passes": 42245,
            "fails": 0,
            "value": 1
        },
        "http_req_sending": {
            "p(90)": 0.043203400000000024,
            "p(95)": 0.16171334999999976,
            "avg": 0.4001316986477719,
            "min": 0.009063,
            "med": 0.021347,
            "max": 261.60676
        },
        "transaction_time": {
            "p(90)": 6854.4,
            "p(95)": 7007.599999999999,
            "avg": 6394.6796070540895,
            "min": 6014,
            "med": 6356,
            "max": 7942,
            "thresholds": {
                "p(95)<30000": false
            }
        },
        "pushpulls_time": {
            "p(95)": 171,
            "avg": 39.99341933956681,
            "min": 1,
            "med": 11,
            "max": 622,
            "p(90)": 117,
            "thresholds": {
                "p(95)<1000": false
            }
        },
        "vus_max": {
            "value": 500,
            "min": 500,
            "max": 500
        },
        "http_req_blocked": {
            "p(90)": 0.005525,
            "p(95)": 0.007221,
            "avg": 0.02064162633151912,
            "min": 0.001602,
            "med": 0.003821,
            "max": 129.886727
        },
        "http_req_connecting": {
            "p(95)": 0,
            "avg": 0.005925682462421588,
            "min": 0,
            "med": 0,
            "max": 43.683063,
            "p(90)": 0
        },
        "data_sent": {
            "count": 63594810,
            "rate": 411550.3582756708
        },
        "deactivate_clients": {
            "count": 8449,
            "rate": 54.677244527834
        },
        "deactivate_clients_success_rate": {
            "passes": 8449,
            "fails": 0,
            "value": 1
        },
        "http_reqs": {
            "rate": 437.417956222672,
            "count": 67592
        },
        "group_duration": {
            "avg": 6394.635954308326,
            "min": 6014.072091,
            "med": 6355.718025,
            "max": 7941.78967,
            "p(90)": 6854.373823,
            "p(95)": 7007.112733399999
        },
        "active_clients": {
            "count": 8449,
            "rate": 54.677244527834
        },
        "transaction_success_rate": {
            "passes": 8449,
            "fails": 0,
            "thresholds": {
                "rate>0.99": false
            },
            "value": 1
        },
        "iterations": {
            "count": 8449,
            "rate": 54.677244527834
        },
        "data_received": {
            "count": 1196121520,
            "rate": 7740635.440175699
        },
        "attach_documents": {
            "count": 8449,
            "rate": 54.677244527834
        }
    }
}