{
    "metrics": {
        "http_req_sending": {
            "p(90)": 0.08224700000000026,
            "p(95)": 0.196817,
            "avg": 0.1718079491231114,
            "min": 0.010871,
            "med": 0.021711,
            "max": 415.431102
        },
        "data_received": {
            "rate": 5733934.402887227,
            "count": 881421712
        },
        "http_req_connecting": {
            "avg": 0.009136038895641605,
            "min": 0,
            "med": 0,
            "max": 136.014525,
            "p(90)": 0,
            "p(95)": 0
        },
        "http_req_duration{expected_response:true}": {
            "avg": 274.3752671526897,
            "min": 0.940607,
            "med": 20.743192,
            "max": 1796.214629,
            "p(90)": 1288.2046008,
            "p(95)": 1383.058199
        },
        "http_req_tls_handshaking": {
            "min": 0,
            "med": 0,
            "max": 0,
            "p(90)": 0,
            "p(95)": 0,
            "avg": 0
        },
        "http_req_waiting": {
            "p(90)": 1287.8402796000007,
            "p(95)": 1381.5065258,
            "avg": 273.79980462515584,
            "min": 0.885083,
            "med": 20.376549,
            "max": 1796.051432
        },
        "http_req_failed": {
            "fails": 63349,
            "passes": 0,
            "value": 0
        },
        "http_req_blocked": {
            "avg": 0.020948130009945363,
            "min": 0.001423,
            "med": 0.004078,
            "max": 136.094356,
            "p(90)": 0.005681,
            "p(95)": 0.007294
        },
        "http_req_receiving": {
            "avg": 0.40365457841481506,
            "min": 0.014758,
            "med": 0.052399,
            "max": 194.909569,
            "p(90)": 0.307499,
            "p(95)": 0.6744548
        },
        "iteration_duration": {
            "med": 5974.4399300000005,
            "max": 9079.11968,
            "p(90)": 7763.475272300001,
            "p(95)": 8086.8900704,
            "avg": 5845.970159152362,
            "min": 3020.36355
        },
        "attach_documents": {
            "count": 9188,
            "rate": 59.77092301729894
        },
        "control_doc_latency": {
            "min": 0,
            "med": 0,
            "max": 0,
            "p(90)": 0,
            "p(95)": 0,
            "avg": 0,
            "thresholds": {
                "p(95)<500": false
            }
        },
        "vus": {
            "value": 4,
            "min": 4,
            "max": 500
        },
        "vus_max": {
            "value": 500,
            "min": 500,
            "max": 500
        },
        "http_req_duration": {
            "med": 20.743192,
            "max": 1796.214629,
            "p(90)": 1288.2046008,
            "p(95)": 1383.058199,
            "avg": 274.3752671526897,
            "min": 0.940607,
            "thresholds": {
                "p(95)<10000": false
            }
        },
        "checks": {
            "passes": 126698,
            "fails": 0,
            "value": 1
        },
        "transaction_success_rate": {
            "fails": 0,
            "passes": 9188,
            "thresholds": {
                "rate>0.99": false
            },
            "value": 1
        },
        "active_clients": {
            "count": 9188,
            "rate": 59.77092301729894
        },
        "pushpulls": {
            "count": 35785,
            "rate": 232.79304311863763
        },
        "transaction_time": {
            "p(95)": 8087,
            "avg": 5845.936112320418,
            "min": 3020,
            "med": 5974,
            "max": 9080,
            "p(90)": 7763.300000000001
        },
        "data_sent": {
            "count": 59375906,
            "rate": 386259.5457780124
        },
        "group_duration": {
            "p(90)": 7763.451998900001,
            "p(95)": 8086.7044393999995,
            "avg": 5845.922267863836,
            "min": 3020.298257,
            "med": 5974.4182789999995,
            "max": 9079.096416
        },
        "iterations": {
            "count": 9188,
            "rate": 59.77092301729894
        },
        "http_reqs": {
            "count": 63349,
            "rate": 412.1058121705345
        }
    },
    "root_group": {
        "groups": {
            "Attachment": {
                "checks": {
                    "status is 200": {
                        "name": "status is 200",
                        "path": "::Attachment::status is 200",
                        "id": "db3dc3f9e26c1649b08cc5a49159f747",
                        "passes": 63349,
                        "fails": 0
                    },
                    "response has valid body": {
                        "name": "response has valid body",
                        "path": "::Attachment::response has valid body",
                        "id": "ae60d91cf191d752075b277bc603091f",
                        "passes": 63349,
                        "fails": 0
                    }
                },
                "name": "Attachment",
                "path": "::Attachment",
                "id": "8e39eb0cb12fb749ba9ccd15af52cbad",
                "groups": {}
            }
        },
        "checks": {},
        "name": "",
        "path": "",
        "id": "d41d8cd98f00b204e9800998ecf8427e"
    }
}