{
    "metrics": {
        "http_req_waiting": {
            "p(90)": 98.69248659999998,
            "p(95)": 151.24444274999996,
            "avg": 35.14996648585329,
            "min": 0.137045,
            "med": 8.231039500000001,
            "max": 828.677193
        },
        "transaction_time": {
            "p(95)": 6953,
            "avg": 6385.448434731246,
            "min": 6015,
            "med": 6361,
            "max": 8493,
            "p(90)": 6806,
            "thresholds": {
                "p(95)<30000": false
            }
        },
        "http_req_blocked": {
            "med": 0.003957,
            "max": 104.240738,
            "p(90)": 0.00567,
            "p(95)": 0.007675449999999961,
            "avg": 0.028449985912582094,
            "min": 0.001503
        },
        "attach_documents": {
            "count": 8465,
            "rate": 54.89272718078792
        },
        "iterations": {
            "count": 8465,
            "rate": 54.89272718078792
        },
        "iteration_duration": {
            "max": 8492.762195,
            "p(90)": 6806.0315962,
            "p(95)": 6952.8118138,
            "avg": 6385.479965487318,
            "min": 6014.899929,
            "med": 6360.783041
        },
        "vus_max": {
            "value": 500,
            "min": 500,
            "max": 500
        },
        "pushpulls": {
            "rate": 274.46363590393963,
            "count": 42325
        },
        "group_duration": {
            "min": 6014.874452,
            "med": 6360.75628,
            "max": 8492.746726,
            "p(90)": 6806.01141,
            "p(95)": 6952.7926128,
            "avg": 6385.406517749221
        },
        "active_clients_time": {
            "max": 419,
            "p(90)": 61,
            "p(95)": 89.79999999999927,
            "avg": 20.318133490844655,
            "min": 0,
            "med": 5,
            "thresholds": {
                "p(95)<500": false
            }
        },
        "http_reqs": {
            "count": 67720,
            "rate": 439.1418174463034
        },
        "active_clients_success_rate": {
            "passes": 8465,
            "fails": 0,
            "value": 1
        },
        "deactivate_clients_time": {
            "avg": 17.532191376255167,
            "min": 0,
            "med": 3,
            "max": 326,
            "p(90)": 54,
            "p(95)": 83,
            "thresholds": {
                "p(95)<10000": false
            }
        },
        "vus": {
            "value": 2,
            "min": 2,
            "max": 500
        },
        "data_received": {
            "rate": 7986275.080313382,
            "count": 1231562395
        },
        "http_req_duration": {
            "med": 8.5635565,
            "max": 828.747945,
            "p(90)": 102.828724,
            "p(95)": 158.82536549999975,
            "avg": 36.55882588789108,
            "min": 0.170407,
            "thresholds": {
                "p(95)<10000": false
            }
        },
        "deactivate_clients": {
            "rate": 54.89272718078792,
            "count": 8465
        },
        "pushpulls_time": {
            "p(95)": 152,
            "avg": 40.056326048434734,
            "min": 1,
            "med": 16,
            "max": 878,
            "p(90)": 109,
            "thresholds": {
                "p(95)<1000": false
            }
        },
        "http_req_receiving": {
            "med": 0.05357,
            "max": 307.678186,
            "p(90)": 0.2045779999999999,
            "p(95)": 0.5773761499999995,
            "avg": 1.0641650639545155,
            "min": 0.015408
        },
        "active_clients": {
            "count": 8465,
            "rate": 54.89272718078792
        },
        "checks": {
            "passes": 135440,
            "fails": 0,
            "value": 1
        },
        "pushpulls_success_rate": {
            "passes": 42325,
            "fails": 0,
            "value": 1
        },
        "http_req_sending": {
            "avg": 0.34469433808328304,
            "min": 0.009829,
            "med": 0.020698,
            "max": 216.800999,
            "p(90)": 0.055604999999999974,
            "p(95)": 0.17639949999999988
        },
        "http_req_tls_handshaking": {
            "avg": 0,
            "min": 0,
            "med": 0,
            "max": 0,
            "p(90)": 0,
            "p(95)": 0
        },
        "attach_documents_time": {
            "avg": 90.20945067926758,
            "min": 3,
            "med": 21,
            "max": 829,
            "p(90)": 285.60000000000036,
            "p(95)": 366,
            "thresholds": {
                "p(95)<10000": false
            }
        },
        "http_req_duration{expected_response:true}": {
            "med": 8.5635565,
            "max": 828.747945,
            "p(90)": 102.828724,
            "p(95)": 158.82536549999975,
            "avg": 36.55882588789108,
            "min": 0.170407
        },
        "deactivate_clients_success_rate": {
            "passes": 8465,
            "fails": 0,
            "value": 1
        },
        "attach_documents_success_rate": {
            "passes": 8465,
            "fails": 0,
            "value": 1
        },
        "data_sent": {
            "count": 63715250,
            "rate": 413172.3373308562
        },
        "http_req_failed": {
            "fails": 67720,
            "passes": 0,
            "value": 0
        },
        "transaction_success_rate": {
            "passes": 8465,
            "fails": 0,
            "thresholds": {
                "rate>0.99": false
            },
            "value": 1
        },
        "http_req_connecting": {
            "max": 85.701252,
            "p(90)": 0,
            "p(95)": 0,
            "avg": 0.01218339763733018,
            "min": 0,
            "med": 0
        }
    },
    "root_group": {
        "checks": {},
        "name": "",
        "path": "",
        "id": "d41d8cd98f00b204e9800998ecf8427e",
        "groups": {
                "Presence": {
                    "name": "Presence",
                    "path": "::Presence",
                    "id": "63ab1748852475484c3afb7dae46dbde",
                    "groups": {},
                    "checks": {
                            "status is 200": {
                                "name": "status is 200",
                                "path": "::Presence::status is 200",
                                "id": "2bdfe827d978801584a6dde561f63b7d",
                                "passes": 67720,
                                "fails": 0
                            },
                            "response has valid body": {
                                "name": "response has valid body",
                                "path": "::Presence::response has valid body",
                                "id": "2cb1a85a5851b9e28736f532526a5909",
                                "passes": 67720,
                                "fails": 0
                            }
                        }
                }
            }
    }
}