{
    "metrics": {
        "vus": {
            "value": 1,
            "min": 1,
            "max": 500
        },
        "data_sent": {
            "count": 63670104,
            "rate": 408331.1755497105
        },
        "http_req_failed": {
            "passes": 0,
            "fails": 67672,
            "value": 0
        },
        "deactivate_clients": {
            "count": 8459,
            "rate": 54.24953309287827
        },
        "http_req_sending": {
            "avg": 0.3803130043592589,
            "min": 0.008271,
            "med": 0.022002,
            "max": 487.864133,
            "p(90)": 0.048215900000000006,
            "p(95)": 0.15692554999999989
        },
        "http_req_blocked": {
            "avg": 0.03244360942487272,
            "min": 0.00143,
            "med": 0.004011,
            "max": 160.452198,
            "p(90)": 0.006121,
            "p(95)": 0.008113699999999982
        },
        "http_reqs": {
            "rate": 433.9962647430262,
            "count": 67672
        },
        "active_clients_success_rate": {
            "passes": 8459,
            "fails": 0,
            "value": 1
        },
        "checks": {
            "passes": 135344,
            "fails": 0,
            "value": 1
        },
        "data_received": {
            "count": 1199288693,
            "rate": 7691317.134273346
        },
        "pushpulls_success_rate": {
            "passes": 42295,
            "fails": 0,
            "value": 1
        },
        "http_req_tls_handshaking": {
            "p(90)": 0,
            "p(95)": 0,
            "avg": 0,
            "min": 0,
            "med": 0,
            "max": 0
        },
        "pushpulls": {
            "rate": 271.24766546439133,
            "count": 42295
        },
        "attach_documents": {
            "rate": 54.24953309287827,
            "count": 8459
        },
        "attach_documents_success_rate": {
            "passes": 8459,
            "fails": 0,
            "value": 1
        },
        "group_duration": {
            "min": 6016.497574,
            "med": 6358.217769,
            "max": 8170.539024,
            "p(90)": 6817.0913002,
            "p(95)": 6974.658064399999,
            "avg": 6386.524618403254
        },
        "deactivate_clients_success_rate": {
            "passes": 8459,
            "fails": 0,
            "value": 1
        },
        "http_req_duration{expected_response:true}": {
            "avg": 35.550593367729725,
            "min": 0.160066,
            "med": 7.4385445,
            "max": 772.837332,
            "p(90)": 104.10907340000001,
            "p(95)": 155.8744281999999
        },
        "http_req_receiving": {
            "avg": 1.7133343852110057,
            "min": 0.013422,
            "med": 0.050658,
            "max": 462.648328,
            "p(90)": 0.17826730000000005,
            "p(95)": 0.5731565999999997
        },
        "attach_documents_time": {
            "med": 18,
            "max": 774,
            "p(90)": 251,
            "p(95)": 326,
            "avg": 77.31741340583993,
            "min": 3,
            "thresholds": {
                "p(95)<10000": false
            }
        },
        "vus_max": {
            "value": 500,
            "min": 500,
            "max": 500
        },
        "transaction_success_rate": {
            "passes": 8459,
            "fails": 0,
            "thresholds": {
                "rate>0.99": false
            },
            "value": 1
        },
        "active_clients": {
            "count": 8459,
            "rate": 54.24953309287827
        },
        "transaction_time": {
            "max": 8170,
            "p(90)": 6817.2,
            "p(95)": 6974.399999999998,
            "avg": 6386.570989478661,
            "min": 6016,
            "med": 6359,
            "thresholds": {
                "p(95)<30000": false
            }
        },
        "http_req_duration": {
            "p(95)": 155.8744281999999,
            "avg": 35.550593367729725,
            "min": 0.160066,
            "med": 7.4385445,
            "max": 772.837332,
            "p(90)": 104.10907340000001,
            "thresholds": {
                "p(95)<10000": false
            }
        },
        "iterations": {
            "count": 8459,
            "rate": 54.24953309287827
        },
        "http_req_waiting": {
            "min": 0.118995,
            "med": 7.144830499999999,
            "max": 610.585882,
            "p(90)": 97.7285027,
            "p(95)": 145.1843630999999,
            "avg": 33.45694597815907
        },
        "active_clients_time": {
            "med": 4,
            "max": 476,
            "p(90)": 67,
            "p(95)": 99,
            "avg": 21.790991843007447,
            "min": 0,
            "thresholds": {
                "p(95)<500": false
            }
        },
        "deactivate_clients_time": {
            "avg": 21.019151199905426,
            "min": 0,
            "med": 2,
            "max": 606,
            "p(90)": 63,
            "p(95)": 97,
            "thresholds": {
                "p(95)<10000": false
            }
        },
        "pushpulls_time": {
            "med": 14,
            "max": 756,
            "p(90)": 112,
            "p(95)": 157,
            "avg": 40.53488592032155,
            "min": 1,
            "thresholds": {
                "p(95)<1000": false
            }
        },
        "http_req_connecting": {
            "p(90)": 0,
            "p(95)": 0,
            "avg": 0.019293841677503254,
            "min": 0,
            "med": 0,
            "max": 159.455996
        },
        "iteration_duration": {
            "p(90)": 6817.1252552000005,
            "p(95)": 6974.681852999998,
            "avg": 6386.621768906391,
            "min": 6016.556127,
            "med": 6358.283115,
            "max": 8170.56326
        }
    },
    "root_group": {
        "name": "",
        "path": "",
        "id": "d41d8cd98f00b204e9800998ecf8427e",
        "groups": {
            "Presence": {
                "name": "Presence",
                "path": "::Presence",
                "id": "63ab1748852475484c3afb7dae46dbde",
                "groups": {},
                "checks": {
                        "status is 200": {
                            "passes": 67672,
                            "fails": 0,
                            "name": "status is 200",
                            "path": "::Presence::status is 200",
                            "id": "2bdfe827d978801584a6dde561f63b7d"
                        },
                        "response has valid body": {
                            "fails": 0,
                            "name": "response has valid body",
                            "path": "::Presence::response has valid body",
                            "id": "2cb1a85a5851b9e28736f532526a5909",
                            "passes": 67672
                        }
                    }
            }
        },
        "checks": {}
    }
}