{
    "metrics": {
        "attach_documents": {
            "count": 7901,
            "rate": 51.34812480138253
        },
        "pushpulls_success_rate": {
            "passes": 39505,
            "fails": 0,
            "value": 1
        },
        "vus": {
            "value": 14,
            "min": 8,
            "max": 500
        },
        "http_req_waiting": {
            "avg": 84.84576098815063,
            "min": 0.907709,
            "med": 27.8818725,
            "max": 906.296036,
            "p(90)": 240.57699610000003,
            "p(95)": 356.2345956999997
        },
        "data_received": {
            "count": 1104833130,
            "rate": 7180244.202498683
        },
        "attach_documents_time": {
            "med": 132,
            "max": 881,
            "p(90)": 428,
            "p(95)": 515,
            "avg": 171.53651436527022,
            "min": 3,
            "thresholds": {
                "p(95)<10000": false
            }
        },
        "transaction_time": {
            "avg": 6837.872294646248,
            "min": 6023,
            "med": 6949,
            "max": 9846,
            "p(90)": 7608,
            "p(95)": 7820,
            "thresholds": {
                "p(95)<30000": false
            }
        },
        "http_req_sending": {
            "p(90)": 0.08525370000000022,
            "p(95)": 0.2343469999999985,
            "avg": 0.5499612414567798,
            "min": 0.01037,
            "med": 0.022632,
            "max": 333.475891
        },
        "deactivate_clients_success_rate": {
            "passes": 7901,
            "fails": 0,
            "value": 1
        },
        "transaction_success_rate": {
            "fails": 0,
            "passes": 7901,
            "thresholds": {
                "rate>0.99": false
            },
            "value": 1
        },
        "active_clients": {
            "rate": 51.34812480138253,
            "count": 7901
        },
        "active_clients_success_rate": {
            "passes": 7901,
            "fails": 0,
            "value": 1
        },
        "pushpulls": {
            "count": 39505,
            "rate": 256.7406240069127
        },
        "http_reqs": {
            "rate": 410.78499841106026,
            "count": 63208
        },
        "http_req_duration{expected_response:true}": {
            "min": 0.972062,
            "med": 28.64203,
            "max": 906.651391,
            "p(90)": 252.25526620000008,
            "p(95)": 367.1585035499999,
            "avg": 87.81140502925231
        },
        "http_req_connecting": {
            "max": 236.382198,
            "p(90)": 0,
            "p(95)": 0,
            "avg": 0.041597922209213996,
            "min": 0,
            "med": 0
        },
        "checks": {
            "passes": 126416,
            "fails": 0,
            "value": 1
        },
        "data_sent": {
            "count": 59468186,
            "rate": 386480.17167951266
        },
        "http_req_receiving": {
            "med": 0.05361,
            "max": 410.082837,
            "p(90)": 0.3056427000000002,
            "p(95)": 1.180840299999989,
            "avg": 2.4156827996456047,
            "min": 0.014538
        },
        "http_req_failed": {
            "passes": 0,
            "fails": 63208,
            "value": 0
        },
        "group_duration": {
            "avg": 6837.834880369067,
            "min": 6023.17883,
            "med": 6949.266742,
            "max": 9845.640814,
            "p(90)": 7607.861442,
            "p(95)": 7820.30854
        },
        "pushpulls_time": {
            "avg": 74.82409821541577,
            "min": 1,
            "med": 36,
            "max": 1030,
            "p(90)": 201,
            "p(95)": 264,
            "thresholds": {
                "p(95)<1000": false
            }
        },
        "deactivate_clients_time": {
            "min": 4,
            "med": 149,
            "max": 907,
            "p(90)": 503,
            "p(95)": 630,
            "avg": 200.20263257815466,
            "thresholds": {
                "p(95)<10000": false
            }
        },
        "http_req_duration": {
            "avg": 87.81140502925231,
            "min": 0.972062,
            "med": 28.64203,
            "max": 906.651391,
            "p(90)": 252.25526620000008,
            "p(95)": 367.1585035499999,
            "thresholds": {
                "p(95)<10000": false
            }
        },
        "active_clients_time": {
            "med": 6,
            "max": 552,
            "p(90)": 62,
            "p(95)": 96,
            "avg": 20.886216934565244,
            "min": 1,
            "thresholds": {
                "p(95)<500": false
            }
        },
        "iteration_duration": {
            "avg": 6837.933218770912,
            "min": 6023.200792,
            "med": 6949.526812,
            "max": 9845.698111,
            "p(90)": 7607.979775,
            "p(95)": 7820.493189
        },
        "vus_max": {
            "value": 500,
            "min": 500,
            "max": 500
        },
        "http_req_blocked": {
            "avg": 0.062184493181244,
            "min": 0.001563,
            "med": 0.004268,
            "max": 236.452761,
            "p(90)": 0.006032,
            "p(95)": 0.008401849999999947
        },
        "deactivate_clients": {
            "count": 7901,
            "rate": 51.34812480138253
        },
        "iterations": {
            "count": 7901,
            "rate": 51.34812480138253
        },
        "attach_documents_success_rate": {
            "passes": 7901,
            "fails": 0,
            "value": 1
        },
        "http_req_tls_handshaking": {
            "p(90)": 0,
            "p(95)": 0,
            "avg": 0,
            "min": 0,
            "med": 0,
            "max": 0
        }
    },
    "root_group": {
        "name": "",
        "path": "",
        "id": "d41d8cd98f00b204e9800998ecf8427e",
        "groups": {
            "Presence": {
                "groups": {},
                "checks": {
                        "status is 200": {
                            "passes": 63208,
                            "fails": 0,
                            "name": "status is 200",
                            "path": "::Presence::status is 200",
                            "id": "2bdfe827d978801584a6dde561f63b7d"
                        },
                        "response has valid body": {
                            "id": "2cb1a85a5851b9e28736f532526a5909",
                            "passes": 63208,
                            "fails": 0,
                            "name": "response has valid body",
                            "path": "::Presence::response has valid body"
                        }
                    },
                "name": "Presence",
                "path": "::Presence",
                "id": "63ab1748852475484c3afb7dae46dbde"
            }
        },
        "checks": {}
    }
}