{
    "metrics": {
        "http_req_receiving": {
            "avg": 1.3629169226239974,
            "min": 0.014718,
            "med": 0.054611,
            "max": 403.770441,
            "p(90)": 0.22561700000000007,
            "p(95)": 0.7939284999999986
        },
        "deactivate_clients": {
            "count": 8386,
            "rate": 54.18879605378751
        },
        "http_req_connecting": {
            "p(90)": 0,
            "p(95)": 0,
            "avg": 0.02367014700095397,
            "min": 0,
            "med": 0,
            "max": 128.037249
        },
        "http_reqs": {
            "count": 67088,
            "rate": 433.5103684303001
        },
        "pushpulls_success_rate": {
            "passes": 41930,
            "fails": 0,
            "value": 1
        },
        "group_duration": {
            "avg": 6449.995176563584,
            "min": 6014.552263,
            "med": 6439.9218734999995,
            "max": 7892.384302,
            "p(90)": 6913.1630055000005,
            "p(95)": 7043.718133
        },
        "attach_documents_success_rate": {
            "passes": 8386,
            "fails": 0,
            "value": 1
        },
        "active_clients": {
            "count": 8386,
            "rate": 54.18879605378751
        },
        "iteration_duration": {
            "p(90)": 6913.1950400000005,
            "p(95)": 7043.741391,
            "avg": 6450.085695933199,
            "min": 6014.609921,
            "med": 6440.009527,
            "max": 7892.414989
        },
        "active_clients_success_rate": {
            "passes": 8386,
            "fails": 0,
            "value": 1
        },
        "http_req_sending": {
            "avg": 0.42923103637013865,
            "min": 0.009047,
            "med": 0.021911,
            "max": 413.510321,
            "p(90)": 0.060573,
            "p(95)": 0.18992899999999827
        },
        "vus": {
            "min": 8,
            "max": 500,
            "value": 10
        },
        "vus_max": {
            "value": 500,
            "min": 500,
            "max": 500
        },
        "http_req_failed": {
            "fails": 67088,
            "passes": 0,
            "value": 0
        },
        "checks": {
            "passes": 134176,
            "fails": 0,
            "value": 1
        },
        "transaction_time": {
            "p(95)": 7043.75,
            "avg": 6450.032435010732,
            "min": 6014,
            "med": 6440,
            "max": 7893,
            "p(90)": 6913.5,
            "thresholds": {
                "p(95)<30000": false
            }
        },
        "deactivate_clients_success_rate": {
            "passes": 8386,
            "fails": 0,
            "value": 1
        },
        "http_req_duration": {
            "p(95)": 179.30183779999965,
            "avg": 42.99797093656067,
            "min": 0.185781,
            "med": 11.2334535,
            "max": 712.812712,
            "p(90)": 122.12713040000001,
            "thresholds": {
                "p(95)<10000": false
            }
        },
        "attach_documents": {
            "count": 8386,
            "rate": 54.18879605378751
        },
        "pushpulls": {
            "rate": 270.9439802689376,
            "count": 41930
        },
        "pushpulls_time": {
            "min": 1,
            "med": 19,
            "max": 669,
            "p(90)": 126,
            "p(95)": 168,
            "avg": 45.69112807059385,
            "thresholds": {
                "p(95)<1000": false
            }
        },
        "http_req_waiting": {
            "max": 712.575781,
            "p(90)": 116.1529804,
            "p(95)": 170.64697234999988,
            "avg": 41.20582297756667,
            "min": 0.134217,
            "med": 10.818408999999999
        },
        "attach_documents_time": {
            "med": 38,
            "max": 714,
            "p(90)": 318.5,
            "p(95)": 420,
            "avg": 110.35988552349153,
            "min": 3,
            "thresholds": {
                "p(95)<10000": false
            }
        },
        "deactivate_clients_time": {
            "med": 4,
            "max": 430,
            "p(90)": 70,
            "p(95)": 103,
            "avg": 21.810636775578345,
            "min": 0,
            "thresholds": {
                "p(95)<10000": false
            }
        },
        "iterations": {
            "count": 8386,
            "rate": 54.18879605378751
        },
        "transaction_success_rate": {
            "fails": 0,
            "passes": 8386,
            "thresholds": {
                "rate>0.99": false
            },
            "value": 1
        },
        "data_received": {
            "count": 1216365524,
            "rate": 7859931.231444596
        },
        "http_req_blocked": {
            "med": 0.004107,
            "max": 131.064896,
            "p(90)": 0.006081,
            "p(95)": 0.008225,
            "avg": 0.04132372300560548,
            "min": 0.001632
        },
        "active_clients_time": {
            "min": 0,
            "med": 6,
            "max": 495,
            "p(90)": 73,
            "p(95)": 104,
            "avg": 24.000357739088958,
            "thresholds": {
                "p(95)<500": false
            }
        },
        "data_sent": {
            "count": 63120236,
            "rate": 407871.40418208163
        },
        "http_req_tls_handshaking": {
            "p(90)": 0,
            "p(95)": 0,
            "avg": 0,
            "min": 0,
            "med": 0,
            "max": 0
        },
        "http_req_duration{expected_response:true}": {
            "max": 712.812712,
            "p(90)": 122.12713040000001,
            "p(95)": 179.30183779999965,
            "avg": 42.99797093656067,
            "min": 0.185781,
            "med": 11.2334535
        }
    },
    "root_group": {
        "checks": {},
        "name": "",
        "path": "",
        "id": "d41d8cd98f00b204e9800998ecf8427e",
        "groups": {
                "Presence": {
                    "checks": {
                        "status is 200": {
                            "fails": 0,
                            "name": "status is 200",
                            "path": "::Presence::status is 200",
                            "id": "2bdfe827d978801584a6dde561f63b7d",
                            "passes": 67088
                        },
                        "response has valid body": {
                            "passes": 67088,
                            "fails": 0,
                            "name": "response has valid body",
                            "path": "::Presence::response has valid body",
                            "id": "2cb1a85a5851b9e28736f532526a5909"
                        }
                    },
                    "name": "Presence",
                    "path": "::Presence",
                    "id": "63ab1748852475484c3afb7dae46dbde",
                    "groups": {}
                }
            }
    }
}