{
    "root_group": {
        "id": "d41d8cd98f00b204e9800998ecf8427e",
        "groups": {
            "Presence": {
                "name": "Presence",
                "path": "::Presence",
                "id": "63ab1748852475484c3afb7dae46dbde",
                "groups": {},
                "checks": {
                        "status is 200": {
                            "name": "status is 200",
                            "path": "::Presence::status is 200",
                            "id": "2bdfe827d978801584a6dde561f63b7d",
                            "passes": 68016,
                            "fails": 0
                        },
                        "response has valid body": {
                            "fails": 0,
                            "name": "response has valid body",
                            "path": "::Presence::response has valid body",
                            "id": "2cb1a85a5851b9e28736f532526a5909",
                            "passes": 68016
                        }
                    }
            }
        },
        "checks": {},
        "name": "",
        "path": ""
    },
    "metrics": {
        "http_req_sending": {
            "max": 432.428861,
            "p(90)": 0.054080500000000004,
            "p(95)": 0.168459,
            "avg": 0.3920398119560109,
            "min": 0.010339,
            "med": 0.021389
        },
        "http_req_connecting": {
            "p(90)": 0,
            "p(95)": 0,
            "avg": 0.011953029287226533,
            "min": 0,
            "med": 0,
            "max": 148.038047
        },
        "iteration_duration": {
            "min": 6014.632793,
            "med": 6290.82576,
            "max": 8374.003307,
            "p(90)": 6821.372560100001,
            "p(95)": 7005.89796395,
            "avg": 6362.3140867361735
        },
        "vus": {
            "value": 1,
            "min": 1,
            "max": 500
        },
        "http_req_duration": {
            "avg": 33.45033841990114,
            "min": 0.184745,
            "med": 6.9643885,
            "max": 1101.398402,
            "p(90)": 95.4666885,
            "p(95)": 158.77063375,
            "thresholds": {
                "p(95)<10000": false
            }
        },
        "http_reqs": {
            "count": 68016,
            "rate": 441.26853277239127
        },
        "http_req_waiting": {
            "max": 833.773075,
            "p(90)": 88.122872,
            "p(95)": 141.59635275,
            "avg": 30.62278037864638,
            "min": 0.136484,
            "med": 6.684010499999999
        },
        "vus_max": {
            "value": 500,
            "min": 500,
            "max": 500
        },
        "http_req_blocked": {
            "p(90)": 0.005491,
            "p(95)": 0.007163,
            "avg": 0.024326082039521416,
            "min": 0.001503,
            "med": 0.003967,
            "max": 148.078922
        },
        "attach_documents": {
            "count": 8502,
            "rate": 55.15856659654891
        },
        "pushpulls": {
            "count": 42510,
            "rate": 275.7928329827445
        },
        "pushpulls_time": {
            "avg": 38.30733944954128,
            "min": 1,
            "med": 13,
            "max": 772,
            "p(90)": 103,
            "p(95)": 163,
            "thresholds": {
                "p(95)<1000": false
            }
        },
        "iterations": {
            "count": 8502,
            "rate": 55.15856659654891
        },
        "data_received": {
            "rate": 8040725.824537114,
            "count": 1239376858
        },
        "http_req_tls_handshaking": {
            "avg": 0,
            "min": 0,
            "med": 0,
            "max": 0,
            "p(90)": 0,
            "p(95)": 0
        },
        "active_clients_success_rate": {
            "passes": 8502,
            "fails": 0,
            "value": 1
        },
        "http_req_receiving": {
            "p(90)": 0.23487249999999998,
            "p(95)": 0.81665375,
            "avg": 2.4355182292990016,
            "min": 0.013375,
            "med": 0.054582,
            "max": 458.218212
        },
        "active_clients_time": {
            "avg": 18.197718183956717,
            "min": 0,
            "med": 4,
            "max": 584,
            "p(90)": 53,
            "p(95)": 84,
            "thresholds": {
                "p(95)<500": false
            }
        },
        "http_req_duration{expected_response:true}": {
            "avg": 33.45033841990114,
            "min": 0.184745,
            "med": 6.9643885,
            "max": 1101.398402,
            "p(90)": 95.4666885,
            "p(95)": 158.77063375
        },
        "deactivate_clients_success_rate": {
            "passes": 8502,
            "fails": 0,
            "value": 1
        },
        "active_clients": {
            "count": 8502,
            "rate": 55.15856659654891
        },
        "group_duration": {
            "p(95)": 7005.839761300001,
            "avg": 6362.262859669382,
            "min": 6014.610161,
            "med": 6290.805157,
            "max": 8373.976516,
            "p(90)": 6821.352993900001
        },
        "data_sent": {
            "count": 63993916,
            "rate": 415174.3916090281
        },
        "transaction_success_rate": {
            "passes": 8502,
            "fails": 0,
            "thresholds": {
                "rate>0.99": false
            },
            "value": 1
        },
        "deactivate_clients_time": {
            "max": 576,
            "p(90)": 51,
            "p(95)": 88,
            "avg": 18.051987767584098,
            "min": 0,
            "med": 2,
            "thresholds": {
                "p(95)<10000": false
            }
        },
        "checks": {
            "passes": 136032,
            "fails": 0,
            "value": 1
        },
        "transaction_time": {
            "avg": 6362.284050811574,
            "min": 6015,
            "med": 6291,
            "max": 8374,
            "p(90)": 6821,
            "p(95)": 7006,
            "thresholds": {
                "p(95)<30000": false
            }
        },
        "http_req_failed": {
            "fails": 68016,
            "passes": 0,
            "value": 0
        },
        "deactivate_clients": {
            "count": 8502,
            "rate": 55.15856659654891
        },
        "attach_documents_time": {
            "avg": 84.45248176899553,
            "min": 3,
            "med": 20,
            "max": 1102,
            "p(90)": 262,
            "p(95)": 330,
            "thresholds": {
                "p(95)<10000": false
            }
        },
        "pushpulls_success_rate": {
            "passes": 42510,
            "fails": 0,
            "value": 1
        },
        "attach_documents_success_rate": {
            "passes": 8502,
            "fails": 0,
            "value": 1
        }
    }
}