{
    "root_group": {
        "id": "d41d8cd98f00b204e9800998ecf8427e",
        "groups": {
            "Presence": {
                "checks": {
                    "status is 200": {
                        "name": "status is 200",
                        "path": "::Presence::status is 200",
                        "id": "2bdfe827d978801584a6dde561f63b7d",
                        "passes": 64408,
                        "fails": 0
                    },
                    "response has valid body": {
                        "fails": 0,
                        "name": "response has valid body",
                        "path": "::Presence::response has valid body",
                        "id": "2cb1a85a5851b9e28736f532526a5909",
                        "passes": 64408
                    }
                },
                "name": "Presence",
                "path": "::Presence",
                "id": "63ab1748852475484c3afb7dae46dbde",
                "groups": {}
            }
        },
        "checks": {},
        "name": "",
        "path": ""
    },
    "metrics": {
        "active_clients_time": {
            "avg": 16.16979257235126,
            "min": 1,
            "med": 5,
            "max": 637,
            "p(90)": 43,
            "p(95)": 74,
            "thresholds": {
                "p(95)<500": false
            }
        },
        "attach_documents_success_rate": {
            "passes": 8051,
            "fails": 0,
            "value": 1
        },
        "deactivate_clients_time": {
            "max": 839,
            "p(90)": 361,
            "p(95)": 461,
            "avg": 159.15848962861756,
            "min": 4,
            "med": 135,
            "thresholds": {
                "p(95)<10000": false
            }
        },
        "http_reqs": {
            "count": 64408,
            "rate": 413.95119247051196
        },
        "iteration_duration": {
            "avg": 6708.790117530501,
            "min": 6023.175543,
            "med": 6783.300093,
            "max": 9138.10603,
            "p(90)": 7336.436561,
            "p(95)": 7546.073962500001
        },
        "attach_documents": {
            "count": 8051,
            "rate": 51.743899058813994
        },
        "deactivate_clients": {
            "count": 8051,
            "rate": 51.743899058813994
        },
        "transaction_success_rate": {
            "passes": 8051,
            "fails": 0,
            "thresholds": {
                "rate>0.99": false
            },
            "value": 1
        },
        "active_clients_success_rate": {
            "passes": 8051,
            "fails": 0,
            "value": 1
        },
        "deactivate_clients_success_rate": {
            "passes": 8051,
            "fails": 0,
            "value": 1
        },
        "group_duration": {
            "avg": 6708.710366761043,
            "min": 6023.129377,
            "med": 6783.196746,
            "max": 9138.074521,
            "p(90)": 7336.416684,
            "p(95)": 7546.024218500001
        },
        "checks": {
            "passes": 128816,
            "fails": 0,
            "value": 1
        },
        "http_req_sending": {
            "avg": 0.5221201024096355,
            "min": 0.010931,
            "med": 0.022371,
            "max": 526.814958,
            "p(90)": 0.07493970000000008,
            "p(95)": 0.2097722999999965
        },
        "pushpulls_success_rate": {
            "fails": 0,
            "passes": 40255,
            "value": 1
        },
        "iterations": {
            "count": 8051,
            "rate": 51.743899058813994
        },
        "pushpulls": {
            "count": 40255,
            "rate": 258.71949529406993
        },
        "attach_documents_time": {
            "avg": 128.27151906595455,
            "min": 3,
            "med": 117,
            "max": 866,
            "p(90)": 274,
            "p(95)": 341,
            "thresholds": {
                "p(95)<10000": false
            }
        },
        "data_received": {
            "count": 1133809459,
            "rate": 7287010.582340641
        },
        "http_req_duration{expected_response:true}": {
            "p(95)": 273.1158164999998,
            "avg": 71.97391401128834,
            "min": 0.959929,
            "med": 23.896454499999997,
            "max": 838.192385,
            "p(90)": 209.68690870000003
        },
        "http_req_waiting": {
            "min": 0.896365,
            "med": 23.198024,
            "max": 803.685629,
            "p(90)": 202.2584909000001,
            "p(95)": 264.6342142499999,
            "avg": 69.1927846774934
        },
        "pushpulls_time": {
            "med": 31,
            "max": 956,
            "p(90)": 174,
            "p(95)": 238,
            "avg": 66.3690224816793,
            "min": 1,
            "thresholds": {
                "p(95)<1000": false
            }
        },
        "http_req_receiving": {
            "avg": 2.2590092313842884,
            "min": 0.015549,
            "med": 0.053299,
            "max": 509.916813,
            "p(90)": 0.27919870000000024,
            "p(95)": 0.9642011499999975
        },
        "data_sent": {
            "count": 60597629,
            "rate": 389461.88028561167
        },
        "http_req_connecting": {
            "med": 0,
            "max": 213.947708,
            "p(90)": 0,
            "p(95)": 0,
            "avg": 0.03668223450503043,
            "min": 0
        },
        "vus_max": {
            "value": 500,
            "min": 500,
            "max": 500
        },
        "http_req_duration": {
            "min": 0.959929,
            "med": 23.896454499999997,
            "max": 838.192385,
            "p(90)": 209.68690870000003,
            "p(95)": 273.1158164999998,
            "avg": 71.97391401128834,
            "thresholds": {
                "p(95)<10000": false
            }
        },
        "http_req_failed": {
            "passes": 0,
            "fails": 64408,
            "value": 0
        },
        "transaction_time": {
            "p(90)": 7337,
            "p(95)": 7546.5,
            "avg": 6708.764625512359,
            "min": 6023,
            "med": 6783,
            "max": 9138,
            "thresholds": {
                "p(95)<30000": false
            }
        },
        "vus": {
            "value": 2,
            "min": 2,
            "max": 500
        },
        "http_req_blocked": {
            "p(90)": 0.005861,
            "p(95)": 0.007694649999999994,
            "avg": 0.04866212377344523,
            "min": 0.001583,
            "med": 0.004188,
            "max": 214.018891
        },
        "http_req_tls_handshaking": {
            "avg": 0,
            "min": 0,
            "med": 0,
            "max": 0,
            "p(90)": 0,
            "p(95)": 0
        },
        "active_clients": {
            "count": 8051,
            "rate": 51.743899058813994
        }
    }
}