{
    "root_group": {
        "name": "",
        "path": "",
        "id": "d41d8cd98f00b204e9800998ecf8427e",
        "groups": {
            "Presence": {
                "name": "Presence",
                "path": "::Presence",
                "id": "63ab1748852475484c3afb7dae46dbde",
                "groups": {},
                "checks": {
                        "status is 200": {
                            "fails": 0,
                            "name": "status is 200",
                            "path": "::Presence::status is 200",
                            "id": "2bdfe827d978801584a6dde561f63b7d",
                            "passes": 67080
                        },
                        "response has valid body": {
                            "passes": 67080,
                            "fails": 0,
                            "name": "response has valid body",
                            "path": "::Presence::response has valid body",
                            "id": "2cb1a85a5851b9e28736f532526a5909"
                        }
                    }
            }
        },
        "checks": {}
    },
    "metrics": {
        "http_req_failed": {
            "passes": 0,
            "fails": 67080,
            "value": 0
        },
        "http_req_connecting": {
            "p(95)": 0,
            "avg": 0.013796990071556351,
            "min": 0,
            "med": 0,
            "max": 110.491017,
            "p(90)": 0
        },
        "attach_documents": {
            "count": 8385,
            "rate": 54.173919318752155
        },
        "vus": {
            "value": 7,
            "min": 7,
            "max": 500
        },
        "vus_max": {
            "value": 500,
            "min": 500,
            "max": 500
        },
        "pushpulls": {
            "count": 41925,
            "rate": 270.8695965937608
        },
        "checks": {
            "passes": 134160,
            "fails": 0,
            "value": 1
        },
        "active_clients": {
            "count": 8385,
            "rate": 54.173919318752155
        },
        "group_duration": {
            "med": 6412.698103,
            "max": 8184.534058,
            "p(90)": 6947.5671414,
            "p(95)": 7121.7243886,
            "avg": 6447.764704905081,
            "min": 6015.985349
        },
        "deactivate_clients": {
            "count": 8385,
            "rate": 54.173919318752155
        },
        "deactivate_clients_success_rate": {
            "passes": 8385,
            "fails": 0,
            "value": 1
        },
        "http_req_tls_handshaking": {
            "p(95)": 0,
            "avg": 0,
            "min": 0,
            "med": 0,
            "max": 0,
            "p(90)": 0
        },
        "attach_documents_success_rate": {
            "passes": 8385,
            "fails": 0,
            "value": 1
        },
        "http_req_waiting": {
            "p(90)": 113.90860039999995,
            "p(95)": 168.94006154999963,
            "avg": 37.79737314347081,
            "min": 0.138646,
            "med": 7.857331,
            "max": 693.922954
        },
        "pushpulls_time": {
            "avg": 47.23627906976744,
            "min": 1,
            "med": 15,
            "max": 764,
            "p(90)": 135,
            "p(95)": 190,
            "thresholds": {
                "p(95)<1000": false
            }
        },
        "deactivate_clients_time": {
            "min": 0,
            "med": 3,
            "max": 655,
            "p(90)": 69,
            "p(95)": 110.79999999999927,
            "avg": 23.442456768038163,
            "thresholds": {
                "p(95)<10000": false
            }
        },
        "pushpulls_success_rate": {
            "fails": 0,
            "passes": 41925,
            "value": 1
        },
        "transaction_time": {
            "med": 6413,
            "max": 8184,
            "p(90)": 6948,
            "p(95)": 7122,
            "avg": 6447.806797853309,
            "min": 6016,
            "thresholds": {
                "p(95)<30000": false
            }
        },
        "iterations": {
            "count": 8385,
            "rate": 54.173919318752155
        },
        "http_req_blocked": {
            "avg": 0.026690176759094988,
            "min": 0.001623,
            "med": 0.004047,
            "max": 110.557481,
            "p(90)": 0.00569,
            "p(95)": 0.007955
        },
        "data_received": {
            "rate": 7876216.13172945,
            "count": 1219075029
        },
        "http_req_duration{expected_response:true}": {
            "avg": 40.59965333527091,
            "min": 0.184344,
            "med": 8.2201065,
            "max": 764.914951,
            "p(90)": 122.52936599999998,
            "p(95)": 183.3989949499998
        },
        "iteration_duration": {
            "p(90)": 6947.936544,
            "p(95)": 7121.7583224,
            "avg": 6447.841907221448,
            "min": 6016.005708,
            "med": 6413.051401,
            "max": 8184.559747
        },
        "http_req_duration": {
            "avg": 40.59965333527091,
            "min": 0.184344,
            "med": 8.2201065,
            "max": 764.914951,
            "p(90)": 122.52936599999998,
            "p(95)": 183.3989949499998,
            "thresholds": {
                "p(95)<10000": false
            }
        },
        "http_req_sending": {
            "avg": 0.5005558257155667,
            "min": 0.010689,
            "med": 0.023985,
            "max": 454.637858,
            "p(90)": 0.06915299999999995,
            "p(95)": 0.199663
        },
        "attach_documents_time": {
            "max": 766,
            "p(90)": 256,
            "p(95)": 348,
            "avg": 82.5427549194991,
            "min": 3,
            "med": 20,
            "thresholds": {
                "p(95)<10000": false
            }
        },
        "http_req_receiving": {
            "p(95)": 1.0177671499999952,
            "avg": 2.301724366085224,
            "min": 0.016471,
            "med": 0.058139,
            "max": 527.348693,
            "p(90)": 0.27926579999999995
        },
        "data_sent": {
            "count": 63112706,
            "rate": 407759.40880526236
        },
        "active_clients_success_rate": {
            "passes": 8385,
            "fails": 0,
            "value": 1
        },
        "transaction_success_rate": {
            "passes": 8385,
            "fails": 0,
            "thresholds": {
                "rate>0.99": false
            },
            "value": 1
        },
        "active_clients_time": {
            "min": 0,
            "med": 4,
            "max": 326,
            "p(90)": 77,
            "p(95)": 111,
            "avg": 24.61216457960644,
            "thresholds": {
                "p(95)<500": false
            }
        },
        "http_reqs": {
            "count": 67080,
            "rate": 433.39135455001724
        }
    }
}