{
    "root_group": {
        "id": "d41d8cd98f00b204e9800998ecf8427e",
        "groups": {
            "Presence": {
                "checks": {
                    "status is 200": {
                        "fails": 0,
                        "name": "status is 200",
                        "path": "::Presence::status is 200",
                        "id": "2bdfe827d978801584a6dde561f63b7d",
                        "passes": 69568
                    },
                    "response has valid body": {
                        "fails": 0,
                        "name": "response has valid body",
                        "path": "::Presence::response has valid body",
                        "id": "2cb1a85a5851b9e28736f532526a5909",
                        "passes": 69568
                    }
                },
                "name": "Presence",
                "path": "::Presence",
                "id": "63ab1748852475484c3afb7dae46dbde",
                "groups": {}
            }
        },
        "checks": {},
        "name": "",
        "path": ""
    },
    "metrics": {
        "http_req_blocked": {
            "avg": 0.014263600779094892,
            "min": 0.001281,
            "med": 0.004056,
            "max": 132.659789,
            "p(90)": 0.005989,
            "p(95)": 0.007781649999999994
        },
        "pushpulls_success_rate": {
            "fails": 0,
            "passes": 43480,
            "value": 1
        },
        "vus_max": {
            "value": 500,
            "min": 500,
            "max": 500
        },
        "transaction_time": {
            "p(90)": 6470.5,
            "p(95)": 6609,
            "avg": 6213.912258509659,
            "min": 6014,
            "med": 6169,
            "max": 7673,
            "thresholds": {
                "p(95)<30000": false
            }
        },
        "iterations": {
            "count": 8696,
            "rate": 56.06369579875547
        },
        "attach_documents_time": {
            "p(90)": 116,
            "p(95)": 165,
            "avg": 42.1695032198712,
            "min": 3,
            "med": 16,
            "max": 505,
            "thresholds": {
                "p(95)<10000": false
            }
        },
        "transaction_success_rate": {
            "passes": 8696,
            "fails": 0,
            "thresholds": {
                "rate>0.99": false
            },
            "value": 1
        },
        "http_req_waiting": {
            "p(95)": 83.41021409999993,
            "avg": 18.30957690761564,
            "min": 0.134377,
            "med": 5.3722675,
            "max": 489.35164,
            "p(90)": 48.3116895
        },
        "deactivate_clients_time": {
            "p(90)": 25,
            "p(95)": 44,
            "avg": 9.45250689972401,
            "min": 0,
            "med": 2,
            "max": 347,
            "thresholds": {
                "p(95)<10000": false
            }
        },
        "deactivate_clients_success_rate": {
            "passes": 8696,
            "fails": 0,
            "value": 1
        },
        "pushpulls": {
            "count": 43480,
            "rate": 280.3184789937773
        },
        "iteration_duration": {
            "min": 6014.663153,
            "med": 6169.157571,
            "max": 7672.979325,
            "p(90)": 6470.448034499999,
            "p(95)": 6609.5609779999995,
            "avg": 6213.976985061496
        },
        "http_req_sending": {
            "avg": 0.17882151775241323,
            "min": 0.008042,
            "med": 0.0209815,
            "max": 260.116497,
            "p(90)": 0.048019000000000055,
            "p(95)": 0.14264099999999977
        },
        "attach_documents": {
            "count": 8696,
            "rate": 56.06369579875547
        },
        "http_req_connecting": {
            "min": 0,
            "med": 0,
            "max": 18.162308,
            "p(90)": 0,
            "p(95)": 0,
            "avg": 0.002769296443767249
        },
        "attach_documents_success_rate": {
            "passes": 8696,
            "fails": 0,
            "value": 1
        },
        "deactivate_clients": {
            "count": 8696,
            "rate": 56.06369579875547
        },
        "data_received": {
            "count": 1248560206,
            "rate": 8049551.469137013
        },
        "active_clients": {
            "count": 8696,
            "rate": 56.06369579875547
        },
        "active_clients_success_rate": {
            "passes": 8696,
            "fails": 0,
            "value": 1
        },
        "data_sent": {
            "count": 65454547,
            "rate": 421989.85874578456
        },
        "http_req_duration{expected_response:true}": {
            "min": 0.17638,
            "med": 5.6339675,
            "max": 531.142768,
            "p(90)": 49.7535374,
            "p(95)": 85.85427369999982,
            "avg": 19.139319274580288
        },
        "group_duration": {
            "avg": 6213.871028111211,
            "min": 6014.642782,
            "med": 6169.097949,
            "max": 7672.946875,
            "p(90)": 6470.240268,
            "p(95)": 6608.8996907499995
        },
        "http_req_failed": {
            "passes": 0,
            "fails": 69568,
            "value": 0
        },
        "vus": {
            "value": 6,
            "min": 6,
            "max": 500
        },
        "active_clients_time": {
            "max": 288,
            "p(90)": 31,
            "p(95)": 50,
            "avg": 11.691927322907084,
            "min": 0,
            "med": 3,
            "thresholds": {
                "p(95)<500": false
            }
        },
        "http_req_duration": {
            "avg": 19.139319274580288,
            "min": 0.17638,
            "med": 5.6339675,
            "max": 531.142768,
            "p(90)": 49.7535374,
            "p(95)": 85.85427369999982,
            "thresholds": {
                "p(95)<10000": false
            }
        },
        "http_req_tls_handshaking": {
            "p(90)": 0,
            "p(95)": 0,
            "avg": 0,
            "min": 0,
            "med": 0,
            "max": 0
        },
        "http_req_receiving": {
            "med": 0.054553,
            "max": 330.040104,
            "p(90)": 0.18483200000000002,
            "p(95)": 0.49388199999999777,
            "avg": 0.6509208492122884,
            "min": 0.014011
        },
        "http_reqs": {
            "count": 69568,
            "rate": 448.50956639004374
        },
        "checks": {
            "passes": 139136,
            "fails": 0,
            "value": 1
        },
        "pushpulls_time": {
            "p(90)": 55,
            "p(95)": 90,
            "avg": 23.239811407543698,
            "min": 1,
            "med": 10,
            "max": 720,
            "thresholds": {
                "p(95)<1000": false
            }
        }
    }
}