{
    "metrics": {
        "http_reqs": {
            "count": 70104,
            "rate": 452.0287262083054
        },
        "transaction_success_rate": {
            "passes": 8763,
            "fails": 0,
            "thresholds": {
                "rate>0.99": false
            },
            "value": 1
        },
        "pushpulls_success_rate": {
            "passes": 43815,
            "fails": 0,
            "value": 1
        },
        "http_req_duration": {
            "med": 4.81075,
            "max": 371.960464,
            "p(90)": 40.14933640000002,
            "p(95)": 62.91861514999992,
            "avg": 15.322195582991005,
            "min": 0.178478,
            "thresholds": {
                "p(95)<10000": false
            }
        },
        "attach_documents": {
            "count": 8763,
            "rate": 56.50359077603817
        },
        "iterations": {
            "count": 8763,
            "rate": 56.50359077603817
        },
        "http_req_tls_handshaking": {
            "med": 0,
            "max": 0,
            "p(90)": 0,
            "p(95)": 0,
            "avg": 0,
            "min": 0
        },
        "pushpulls": {
            "rate": 282.5179538801909,
            "count": 43815
        },
        "active_clients_success_rate": {
            "passes": 8763,
            "fails": 0,
            "value": 1
        },
        "attach_documents_success_rate": {
            "passes": 8763,
            "fails": 0,
            "value": 1
        },
        "data_received": {
            "count": 1293038215,
            "rate": 8337475.9965923615
        },
        "checks": {
            "passes": 140208,
            "fails": 0,
            "value": 1
        },
        "deactivate_clients_time": {
            "max": 266,
            "p(90)": 23,
            "p(95)": 36,
            "avg": 7.818669405454753,
            "min": 0,
            "med": 2,
            "thresholds": {
                "p(95)<10000": false
            }
        },
        "http_req_duration{expected_response:true}": {
            "max": 371.960464,
            "p(90)": 40.14933640000002,
            "p(95)": 62.91861514999992,
            "avg": 15.322195582991005,
            "min": 0.178478,
            "med": 4.81075
        },
        "http_req_failed": {
            "passes": 0,
            "fails": 70104,
            "value": 0
        },
        "deactivate_clients_success_rate": {
            "fails": 0,
            "passes": 8763,
            "value": 1
        },
        "attach_documents_time": {
            "med": 13,
            "max": 375,
            "p(90)": 129,
            "p(95)": 179,
            "avg": 40.74837384457378,
            "min": 3,
            "thresholds": {
                "p(95)<10000": false
            }
        },
        "http_req_blocked": {
            "avg": 0.0177075688691091,
            "min": 0.001162,
            "med": 0.003885,
            "max": 96.230093,
            "p(90)": 0.005559,
            "p(95)": 0.007031
        },
        "data_sent": {
            "count": 65959072,
            "rate": 425302.34078001115
        },
        "vus": {
            "value": 4,
            "min": 4,
            "max": 500
        },
        "active_clients_time": {
            "avg": 9.861805317813534,
            "min": 0,
            "med": 3,
            "max": 174,
            "p(90)": 28,
            "p(95)": 41,
            "thresholds": {
                "p(95)<500": false
            }
        },
        "http_req_connecting": {
            "min": 0,
            "med": 0,
            "max": 45.859168,
            "p(90)": 0,
            "p(95)": 0,
            "avg": 0.007319608096542281
        },
        "http_req_waiting": {
            "avg": 14.80069009249124,
            "min": 0.13039,
            "med": 4.607437,
            "max": 371.900073,
            "p(90)": 38.9397254,
            "p(95)": 60.673867799999975
        },
        "http_req_receiving": {
            "p(90)": 0.15235300000000007,
            "p(95)": 0.4044244999999999,
            "avg": 0.3903752107868316,
            "min": 0.012098,
            "med": 0.051958,
            "max": 203.214474
        },
        "iteration_duration": {
            "med": 6147.71972,
            "max": 6964.457927,
            "p(90)": 6354.536931,
            "p(95)": 6425.7307078,
            "avg": 6169.237906894932,
            "min": 6014.043164
        },
        "transaction_time": {
            "p(90)": 6354.8,
            "p(95)": 6425.9,
            "avg": 6169.20540910647,
            "min": 6014,
            "med": 6148,
            "max": 6965,
            "thresholds": {
                "p(95)<30000": false
            }
        },
        "group_duration": {
            "avg": 6169.18041902853,
            "min": 6014.028441,
            "med": 6147.540936,
            "max": 6964.43964,
            "p(90)": 6354.4811546,
            "p(95)": 6425.6945516000005
        },
        "active_clients": {
            "count": 8763,
            "rate": 56.50359077603817
        },
        "http_req_sending": {
            "avg": 0.13113027971299931,
            "min": 0.008442,
            "med": 0.02041,
            "max": 163.342433,
            "p(90)": 0.0430147,
            "p(95)": 0.118678
        },
        "pushpulls_time": {
            "avg": 17.46792194453954,
            "min": 1,
            "med": 9,
            "max": 413,
            "p(90)": 44,
            "p(95)": 62,
            "thresholds": {
                "p(95)<1000": false
            }
        },
        "vus_max": {
            "value": 500,
            "min": 500,
            "max": 500
        },
        "deactivate_clients": {
            "count": 8763,
            "rate": 56.50359077603817
        }
    },
    "root_group": {
        "groups": {
            "Presence": {
                "name": "Presence",
                "path": "::Presence",
                "id": "63ab1748852475484c3afb7dae46dbde",
                "groups": {},
                "checks": {
                        "status is 200": {
                            "name": "status is 200",
                            "path": "::Presence::status is 200",
                            "id": "2bdfe827d978801584a6dde561f63b7d",
                            "passes": 70104,
                            "fails": 0
                        },
                        "response has valid body": {
                            "name": "response has valid body",
                            "path": "::Presence::response has valid body",
                            "id": "2cb1a85a5851b9e28736f532526a5909",
                            "passes": 70104,
                            "fails": 0
                        }
                    }
            }
        },
        "checks": {},
        "name": "",
        "path": "",
        "id": "d41d8cd98f00b204e9800998ecf8427e"
    }
}