{
    "root_group": {
        "groups": {
            "Presence": {
                "checks": {
                    "status is 200": {
                        "fails": 0,
                        "name": "status is 200",
                        "path": "::Presence::status is 200",
                        "id": "2bdfe827d978801584a6dde561f63b7d",
                        "passes": 63552
                    },
                    "response has valid body": {
                        "passes": 63552,
                        "fails": 0,
                        "name": "response has valid body",
                        "path": "::Presence::response has valid body",
                        "id": "2cb1a85a5851b9e28736f532526a5909"
                    }
                },
                "name": "Presence",
                "path": "::Presence",
                "id": "63ab1748852475484c3afb7dae46dbde",
                "groups": {}
            }
        },
        "checks": {},
        "name": "",
        "path": "",
        "id": "d41d8cd98f00b204e9800998ecf8427e"
    },
    "metrics": {
        "data_received": {
            "count": 1115178795,
            "rate": 7226706.900830135
        },
        "iteration_duration": {
            "avg": 6804.138429186423,
            "min": 6024.815514,
            "med": 6879.917441,
            "max": 9135.07765,
            "p(90)": 7478.9918399,
            "p(95)": 7679.112325699999
        },
        "attach_documents_time": {
            "p(95)": 414.84999999999945,
            "avg": 150.1978851963746,
            "min": 3,
            "med": 137,
            "max": 993,
            "p(90)": 321,
            "thresholds": {
                "p(95)<10000": false
            }
        },
        "http_req_waiting": {
            "avg": 79.30311439314043,
            "min": 0.923462,
            "med": 29.865594,
            "max": 991.595593,
            "p(90)": 225.55980480000002,
            "p(95)": 302.35496159999957
        },
        "http_req_receiving": {
            "avg": 2.9694179478380343,
            "min": 0.016801,
            "med": 0.057788,
            "max": 514.036399,
            "p(90)": 0.3465350000000001,
            "p(95)": 1.4777363499999991
        },
        "http_reqs": {
            "count": 63552,
            "rate": 411.83680950600996
        },
        "active_clients": {
            "count": 7944,
            "rate": 51.479601188251245
        },
        "deactivate_clients": {
            "count": 7944,
            "rate": 51.479601188251245
        },
        "transaction_time": {
            "min": 6024,
            "med": 6880,
            "max": 9135,
            "p(90)": 7479,
            "p(95)": 7678.849999999999,
            "avg": 6804.105614300101,
            "thresholds": {
                "p(95)<30000": false
            }
        },
        "vus_max": {
            "value": 500,
            "min": 500,
            "max": 500
        },
        "transaction_success_rate": {
            "passes": 7944,
            "fails": 0,
            "thresholds": {
                "rate>0.99": false
            },
            "value": 1
        },
        "group_duration": {
            "med": 6879.8887825,
            "max": 9135.0565,
            "p(90)": 7478.5356662,
            "p(95)": 7679.076169299999,
            "avg": 6804.044236953937,
            "min": 6024.795315
        },
        "http_req_tls_handshaking": {
            "max": 0,
            "p(90)": 0,
            "p(95)": 0,
            "avg": 0,
            "min": 0,
            "med": 0
        },
        "attach_documents": {
            "count": 7944,
            "rate": 51.479601188251245
        },
        "http_req_connecting": {
            "med": 0,
            "max": 124.284973,
            "p(90)": 0,
            "p(95)": 0,
            "avg": 0.020555065977467257,
            "min": 0
        },
        "active_clients_success_rate": {
            "passes": 7944,
            "fails": 0,
            "value": 1
        },
        "http_req_duration{expected_response:true}": {
            "avg": 82.80790764765685,
            "min": 0.983955,
            "med": 30.990962000000003,
            "max": 991.855138,
            "p(90)": 236.166207,
            "p(95)": 314.57390615
        },
        "http_req_failed": {
            "fails": 63552,
            "passes": 0,
            "value": 0
        },
        "pushpulls_time": {
            "avg": 74.00689828801612,
            "min": 1,
            "med": 37,
            "max": 901,
            "p(90)": 192,
            "p(95)": 261,
            "thresholds": {
                "p(95)<1000": false
            }
        },
        "pushpulls": {
            "count": 39720,
            "rate": 257.3980059412562
        },
        "deactivate_clients_time": {
            "p(95)": 524.8499999999995,
            "avg": 185.40067975830814,
            "min": 4,
            "med": 158,
            "max": 918,
            "p(90)": 438,
            "thresholds": {
                "p(95)<10000": false
            }
        },
        "vus": {
            "value": 7,
            "min": 7,
            "max": 500
        },
        "http_req_duration": {
            "med": 30.990962000000003,
            "max": 991.855138,
            "p(90)": 236.166207,
            "p(95)": 314.57390615,
            "avg": 82.80790764765685,
            "min": 0.983955,
            "thresholds": {
                "p(95)<10000": false
            }
        },
        "data_sent": {
            "rate": 387470.71200094355,
            "count": 59791981
        },
        "active_clients_time": {
            "avg": 19.265357502517624,
            "min": 1,
            "med": 5,
            "max": 404,
            "p(90)": 57,
            "p(95)": 90,
            "thresholds": {
                "p(95)<500": false
            }
        },
        "attach_documents_success_rate": {
            "passes": 7944,
            "fails": 0,
            "value": 1
        },
        "iterations": {
            "count": 7944,
            "rate": 51.479601188251245
        },
        "http_req_blocked": {
            "max": 124.325479,
            "p(90)": 0.006521100000000013,
            "p(95)": 0.008787,
            "avg": 0.03532121461165736,
            "min": 0.001663,
            "med": 0.004438
        },
        "http_req_sending": {
            "avg": 0.5353753066779959,
            "min": 0.01085,
            "med": 0.025308,
            "max": 398.295187,
            "p(90)": 0.11881910000000004,
            "p(95)": 0.2796890499999994
        },
        "pushpulls_success_rate": {
            "fails": 0,
            "passes": 39720,
            "value": 1
        },
        "checks": {
            "fails": 0,
            "passes": 127104,
            "value": 1
        },
        "deactivate_clients_success_rate": {
            "passes": 7944,
            "fails": 0,
            "value": 1
        }
    }
}