{
    "root_group": {
        "path": "",
        "id": "d41d8cd98f00b204e9800998ecf8427e",
        "groups": {
            "Presence": {
                "path": "::Presence",
                "id": "63ab1748852475484c3afb7dae46dbde",
                "groups": {},
                "checks": {
                        "status is 200": {
                            "name": "status is 200",
                            "path": "::Presence::status is 200",
                            "id": "2bdfe827d978801584a6dde561f63b7d",
                            "passes": 66064,
                            "fails": 0
                        },
                        "response has valid body": {
                            "path": "::Presence::response has valid body",
                            "id": "2cb1a85a5851b9e28736f532526a5909",
                            "passes": 66064,
                            "fails": 0,
                            "name": "response has valid body"
                        }
                    },
                "name": "Presence"
            }
        },
        "checks": {},
        "name": ""
    },
    "metrics": {
        "deactivate_clients": {
            "count": 8258,
            "rate": 53.04543859788107
        },
        "pushpulls_success_rate": {
            "passes": 41290,
            "fails": 0,
            "value": 1
        },
        "http_req_duration": {
            "p(90)": 151.4506733,
            "p(95)": 232.05430579999998,
            "avg": 51.929472896630436,
            "min": 0.197379,
            "med": 10.408833999999999,
            "max": 964.752435,
            "thresholds": {
                "p(95)<10000": false
            }
        },
        "http_reqs": {
            "rate": 424.3635087830486,
            "count": 66064
        },
        "transaction_success_rate": {
            "passes": 8258,
            "fails": 0,
            "thresholds": {
                "rate>0.99": false
            },
            "value": 1
        },
        "data_received": {
            "rate": 7421457.276465073,
            "count": 1155356536
        },
        "data_sent": {
            "count": 62156397,
            "rate": 399262.93782138766
        },
        "deactivate_clients_time": {
            "avg": 27.60668442722209,
            "min": 0,
            "med": 3,
            "max": 807,
            "p(90)": 82.30000000000018,
            "p(95)": 132,
            "thresholds": {
                "p(95)<10000": false
            }
        },
        "vus": {
            "min": 4,
            "max": 500,
            "value": 4
        },
        "http_req_waiting": {
            "avg": 48.01722965121662,
            "min": 0.148569,
            "med": 9.964372000000001,
            "max": 780.122495,
            "p(90)": 138.32620400000005,
            "p(95)": 208.1368131499999
        },
        "attach_documents_success_rate": {
            "passes": 8258,
            "fails": 0,
            "value": 1
        },
        "active_clients_success_rate": {
            "passes": 8258,
            "fails": 0,
            "value": 1
        },
        "checks": {
            "passes": 132128,
            "fails": 0,
            "value": 1
        },
        "pushpulls_time": {
            "med": 18,
            "max": 1012,
            "p(90)": 164,
            "p(95)": 232,
            "avg": 57.855122305643015,
            "min": 1,
            "thresholds": {
                "p(95)<1000": false
            }
        },
        "deactivate_clients_success_rate": {
            "fails": 0,
            "passes": 8258,
            "value": 1
        },
        "http_req_duration{expected_response:true}": {
            "avg": 51.929472896630436,
            "min": 0.197379,
            "med": 10.408833999999999,
            "max": 964.752435,
            "p(90)": 151.4506733,
            "p(95)": 232.05430579999998
        },
        "http_req_failed": {
            "passes": 0,
            "fails": 66064,
            "value": 0
        },
        "transaction_time": {
            "min": 6015,
            "med": 6520.5,
            "max": 8623,
            "p(90)": 7127.3,
            "p(95)": 7312.299999999999,
            "avg": 6549.908331315089,
            "thresholds": {
                "p(95)<30000": false
            }
        },
        "http_req_sending": {
            "avg": 0.5109033559729981,
            "min": 0.010971,
            "med": 0.023764,
            "max": 416.392804,
            "p(90)": 0.06190000000000009,
            "p(95)": 0.19184349999999994
        },
        "group_duration": {
            "avg": 6549.896972645064,
            "min": 6015.302655,
            "med": 6520.7863535,
            "max": 8623.205187,
            "p(90)": 7127.4258492,
            "p(95)": 7312.2871884
        },
        "iteration_duration": {
            "avg": 6549.977017827927,
            "min": 6015.365802,
            "med": 6521.061186999999,
            "max": 8623.231747,
            "p(90)": 7127.4918872,
            "p(95)": 7312.3144259499995
        },
        "http_req_connecting": {
            "min": 0,
            "med": 0,
            "max": 176.46574,
            "p(90)": 0,
            "p(95)": 0,
            "avg": 0.019187943796924192
        },
        "vus_max": {
            "value": 500,
            "min": 500,
            "max": 500
        },
        "active_clients": {
            "count": 8258,
            "rate": 53.04543859788107
        },
        "pushpulls": {
            "count": 41290,
            "rate": 265.22719298940535
        },
        "attach_documents_time": {
            "p(90)": 396,
            "p(95)": 473,
            "avg": 127.280092031969,
            "min": 3,
            "med": 32.5,
            "max": 993,
            "thresholds": {
                "p(95)<10000": false
            }
        },
        "http_req_tls_handshaking": {
            "p(90)": 0,
            "p(95)": 0,
            "avg": 0,
            "min": 0,
            "med": 0,
            "max": 0
        },
        "http_req_receiving": {
            "p(90)": 0.28042970000000034,
            "p(95)": 1.373362799999997,
            "avg": 3.401339889440572,
            "min": 0.013836,
            "med": 0.0561595,
            "max": 579.346614
        },
        "active_clients_time": {
            "avg": 26.423468152094937,
            "min": 0,
            "med": 5,
            "max": 548,
            "p(90)": 81,
            "p(95)": 111,
            "thresholds": {
                "p(95)<500": false
            }
        },
        "http_req_blocked": {
            "med": 0.004308,
            "max": 176.676273,
            "p(90)": 0.006131,
            "p(95)": 0.008644499999999986,
            "avg": 0.030844110453501113,
            "min": 0.001563
        },
        "attach_documents": {
            "count": 8258,
            "rate": 53.04543859788107
        },
        "iterations": {
            "count": 8258,
            "rate": 53.04543859788107
        }
    }
}