{
    "root_group": {
        "groups": {
            "Presence": {
                "name": "Presence",
                "path": "::Presence",
                "id": "63ab1748852475484c3afb7dae46dbde",
                "groups": {},
                "checks": {
                        "status is 200": {
                            "name": "status is 200",
                            "path": "::Presence::status is 200",
                            "id": "2bdfe827d978801584a6dde561f63b7d",
                            "passes": 68720,
                            "fails": 0
                        },
                        "response has valid body": {
                            "passes": 68720,
                            "fails": 0,
                            "name": "response has valid body",
                            "path": "::Presence::response has valid body",
                            "id": "2cb1a85a5851b9e28736f532526a5909"
                        }
                    }
            }
        },
        "checks": {},
        "name": "",
        "path": "",
        "id": "d41d8cd98f00b204e9800998ecf8427e"
    },
    "metrics": {
        "transaction_success_rate": {
            "passes": 8590,
            "fails": 0,
            "thresholds": {
                "rate>0.99": false
            },
            "value": 1
        },
        "http_req_sending": {
            "avg": 0.2267682303841682,
            "min": 0.008132,
            "med": 0.022805,
            "max": 160.743552,
            "p(90)": 0.05381249999999998,
            "p(95)": 0.1572399999999997
        },
        "deactivate_clients_time": {
            "avg": 13.037019790454016,
            "min": 0,
            "med": 2,
            "max": 492,
            "p(90)": 37,
            "p(95)": 62,
            "thresholds": {
                "p(95)<10000": false
            }
        },
        "pushpulls": {
            "count": 42950,
            "rate": 276.0739276440991
        },
        "attach_documents_time": {
            "med": 19,
            "max": 806,
            "p(90)": 234,
            "p(95)": 333,
            "avg": 73.78381839348079,
            "min": 3,
            "thresholds": {
                "p(95)<10000": false
            }
        },
        "vus_max": {
            "value": 500,
            "min": 500,
            "max": 500
        },
        "http_reqs": {
            "count": 68720,
            "rate": 441.71828423055854
        },
        "http_req_tls_handshaking": {
            "min": 0,
            "med": 0,
            "max": 0,
            "p(90)": 0,
            "p(95)": 0,
            "avg": 0
        },
        "active_clients": {
            "count": 8590,
            "rate": 55.21478552881982
        },
        "http_req_duration{expected_response:true}": {
            "med": 6.523236000000001,
            "max": 802.645686,
            "p(90)": 75.46553599999997,
            "p(95)": 122.89499259999984,
            "avg": 27.598103039595255,
            "min": 0.1787
        },
        "http_req_connecting": {
            "avg": 0.005863550247380677,
            "min": 0,
            "med": 0,
            "max": 88.932131,
            "p(90)": 0,
            "p(95)": 0
        },
        "vus": {
            "value": 4,
            "min": 4,
            "max": 500
        },
        "http_req_blocked": {
            "max": 89.002497,
            "p(90)": 0.00665,
            "p(95)": 0.008583,
            "avg": 0.0143160899883598,
            "min": 0.001211,
            "med": 0.004296
        },
        "http_req_waiting": {
            "min": 0.128178,
            "med": 6.2687170000000005,
            "max": 792.513957,
            "p(90)": 72.04858759999999,
            "p(95)": 115.40187329999999,
            "avg": 26.31527118095179
        },
        "iteration_duration": {
            "avg": 6288.702651263798,
            "min": 6015.664311,
            "med": 6224.755671,
            "max": 8041.652054,
            "p(90)": 6681.5259478,
            "p(95)": 6806.9036841
        },
        "http_req_duration": {
            "med": 6.523236000000001,
            "max": 802.645686,
            "p(90)": 75.46553599999997,
            "p(95)": 122.89499259999984,
            "avg": 27.598103039595255,
            "min": 0.1787,
            "thresholds": {
                "p(95)<10000": false
            }
        },
        "data_received": {
            "count": 1257888890,
            "rate": 8085455.79516126
        },
        "checks": {
            "passes": 137440,
            "fails": 0,
            "value": 1
        },
        "deactivate_clients_success_rate": {
            "passes": 8590,
            "fails": 0,
            "value": 1
        },
        "pushpulls_time": {
            "max": 674,
            "p(90)": 80,
            "p(95)": 119,
            "avg": 29.717392316647263,
            "min": 1,
            "med": 12,
            "thresholds": {
                "p(95)<1000": false
            }
        },
        "active_clients_success_rate": {
            "passes": 8590,
            "fails": 0,
            "value": 1
        },
        "http_req_failed": {
            "passes": 0,
            "fails": 68720,
            "value": 0
        },
        "http_req_receiving": {
            "min": 0.013721,
            "med": 0.057837,
            "max": 462.662216,
            "p(90)": 0.21948899999999974,
            "p(95)": 0.6763629999999997,
            "avg": 1.056063628259609
        },
        "deactivate_clients": {
            "count": 8590,
            "rate": 55.21478552881982
        },
        "attach_documents": {
            "count": 8590,
            "rate": 55.21478552881982
        },
        "iterations": {
            "count": 8590,
            "rate": 55.21478552881982
        },
        "transaction_time": {
            "avg": 6288.6619324796275,
            "min": 6015,
            "med": 6225,
            "max": 8042,
            "p(90)": 6681,
            "p(95)": 6807,
            "thresholds": {
                "p(95)<30000": false
            }
        },
        "active_clients_time": {
            "p(95)": 67,
            "avg": 14.70267753201397,
            "min": 0,
            "med": 4,
            "max": 354,
            "p(90)": 44,
            "thresholds": {
                "p(95)<500": false
            }
        },
        "group_duration": {
            "med": 6224.734038500001,
            "max": 8041.627528,
            "p(90)": 6681.1941852,
            "p(95)": 6806.8827713499995,
            "avg": 6288.648258254244,
            "min": 6015.640815
        },
        "pushpulls_success_rate": {
            "passes": 42950,
            "fails": 0,
            "value": 1
        },
        "attach_documents_success_rate": {
            "fails": 0,
            "passes": 8590,
            "value": 1
        },
        "data_sent": {
            "count": 64656294,
            "rate": 415597.6025958463
        }
    }
}