{
    "root_group": {
        "checks": {},
        "name": "",
        "path": "",
        "id": "d41d8cd98f00b204e9800998ecf8427e",
        "groups": {
                "Presence": {
                    "name": "Presence",
                    "path": "::Presence",
                    "id": "63ab1748852475484c3afb7dae46dbde",
                    "groups": {},
                    "checks": {
                            "status is 200": {
                                "fails": 0,
                                "name": "status is 200",
                                "path": "::Presence::status is 200",
                                "id": "2bdfe827d978801584a6dde561f63b7d",
                                "passes": 70000
                            },
                            "response has valid body": {
                                "name": "response has valid body",
                                "path": "::Presence::response has valid body",
                                "id": "2cb1a85a5851b9e28736f532526a5909",
                                "passes": 70000,
                                "fails": 0
                            }
                        }
                }
            }
    },
    "metrics": {
        "http_req_waiting": {
            "min": 0.130974,
            "med": 4.832055,
            "max": 443.857345,
            "p(90)": 40.25132249999997,
            "p(95)": 65.57221720000005,
            "avg": 14.949367363828458
        },
        "attach_documents_time": {
            "avg": 35.159085714285716,
            "min": 3,
            "med": 14,
            "max": 445,
            "p(90)": 92,
            "p(95)": 134,
            "thresholds": {
                "p(95)<10000": false
            }
        },
        "data_received": {
            "count": 1295133073,
            "rate": 8348099.647912108
        },
        "iterations": {
            "count": 8750,
            "rate": 56.40028306128427
        },
        "http_req_receiving": {
            "max": 250.964323,
            "p(90)": 0.15855689999999983,
            "p(95)": 0.41579400000000044,
            "avg": 0.37219317585714273,
            "min": 0.011958,
            "med": 0.051807
        },
        "active_clients": {
            "count": 8750,
            "rate": 56.40028306128427
        },
        "pushpulls_time": {
            "avg": 19.13065142857143,
            "min": 1,
            "med": 9,
            "max": 328,
            "p(90)": 47,
            "p(95)": 72,
            "thresholds": {
                "p(95)<1000": false
            }
        },
        "http_req_failed": {
            "passes": 0,
            "fails": 70000,
            "value": 0
        },
        "vus_max": {
            "min": 500,
            "max": 500,
            "value": 500
        },
        "http_req_tls_handshaking": {
            "p(95)": 0,
            "avg": 0,
            "min": 0,
            "med": 0,
            "max": 0,
            "p(90)": 0
        },
        "deactivate_clients": {
            "count": 8750,
            "rate": 56.40028306128427
        },
        "vus": {
            "value": 3,
            "min": 3,
            "max": 500
        },
        "http_req_connecting": {
            "avg": 0.0041050931714285725,
            "min": 0,
            "med": 0,
            "max": 61.071683,
            "p(90)": 0,
            "p(95)": 0
        },
        "attach_documents": {
            "rate": 56.40028306128427,
            "count": 8750
        },
        "http_reqs": {
            "count": 70000,
            "rate": 451.20226449027416
        },
        "http_req_blocked": {
            "avg": 0.013023638757143907,
            "min": 0.001231,
            "med": 0.003885,
            "max": 61.12958,
            "p(90)": 0.005709,
            "p(95)": 0.007501
        },
        "transaction_time": {
            "avg": 6173.999657142857,
            "min": 6015,
            "med": 6151,
            "max": 7155,
            "p(90)": 6361,
            "p(95)": 6460,
            "thresholds": {
                "p(95)<30000": false
            }
        },
        "active_clients_success_rate": {
            "passes": 8750,
            "fails": 0,
            "value": 1
        },
        "http_req_duration": {
            "avg": 15.470373448300029,
            "min": 0.165886,
            "med": 5.046259,
            "max": 443.948591,
            "p(90)": 41.52262989999999,
            "p(95)": 67.76997845000001,
            "thresholds": {
                "p(95)<10000": false
            }
        },
        "pushpulls": {
            "count": 43750,
            "rate": 282.00141530642134
        },
        "deactivate_clients_time": {
            "min": 0,
            "med": 2,
            "max": 255,
            "p(90)": 21,
            "p(95)": 37,
            "avg": 7.414285714285715,
            "thresholds": {
                "p(95)<10000": false
            }
        },
        "http_req_sending": {
            "med": 0.02034,
            "max": 135.591991,
            "p(90)": 0.045557099999999996,
            "p(95)": 0.1310685000000002,
            "avg": 0.1488129086142848,
            "min": 0.008012
        },
        "http_req_duration{expected_response:true}": {
            "avg": 15.470373448300029,
            "min": 0.165886,
            "med": 5.046259,
            "max": 443.948591,
            "p(90)": 41.52262989999999,
            "p(95)": 67.76997845000001
        },
        "transaction_success_rate": {
            "passes": 8750,
            "fails": 0,
            "thresholds": {
                "rate>0.99": false
            },
            "value": 1
        },
        "group_duration": {
            "p(90)": 6361.268792000001,
            "p(95)": 6459.8928484,
            "avg": 6173.979083164575,
            "min": 6015.105223,
            "med": 6150.865494,
            "max": 7154.570372
        },
        "data_sent": {
            "count": 65861273,
            "rate": 424525.07885445934
        },
        "pushpulls_success_rate": {
            "passes": 43750,
            "fails": 0,
            "value": 1
        },
        "attach_documents_success_rate": {
            "passes": 8750,
            "fails": 0,
            "value": 1
        },
        "iteration_duration": {
            "avg": 6174.032777781256,
            "min": 6015.186584,
            "med": 6151.054687,
            "max": 7155.259065,
            "p(90)": 6361.292529599999,
            "p(95)": 6459.91007505
        },
        "checks": {
            "passes": 140000,
            "fails": 0,
            "value": 1
        },
        "active_clients_time": {
            "avg": 9.72102857142857,
            "min": 0,
            "med": 3,
            "max": 234,
            "p(90)": 26,
            "p(95)": 40.54999999999927,
            "thresholds": {
                "p(95)<500": false
            }
        },
        "deactivate_clients_success_rate": {
            "passes": 8750,
            "fails": 0,
            "value": 1
        }
    }
}