{
    "root_group": {
        "path": "",
        "id": "d41d8cd98f00b204e9800998ecf8427e",
        "groups": {
            "Presence": {
                "name": "Presence",
                "path": "::Presence",
                "id": "63ab1748852475484c3afb7dae46dbde",
                "groups": {},
                "checks": {
                        "status is 200": {
                            "name": "status is 200",
                            "path": "::Presence::status is 200",
                            "id": "2bdfe827d978801584a6dde561f63b7d",
                            "passes": 68040,
                            "fails": 0
                        },
                        "response has valid body": {
                            "path": "::Presence::response has valid body",
                            "id": "2cb1a85a5851b9e28736f532526a5909",
                            "passes": 68040,
                            "fails": 0,
                            "name": "response has valid body"
                        }
                    }
            }
        },
        "checks": {},
        "name": ""
    },
    "metrics": {
        "data_sent": {
            "count": 64016295,
            "rate": 411685.0142103844
        },
        "deactivate_clients_time": {
            "min": 0,
            "med": 2,
            "max": 479,
            "p(90)": 53,
            "p(95)": 88.79999999999927,
            "avg": 17.72533803644915,
            "thresholds": {
                "p(95)<10000": false
            }
        },
        "http_req_duration{expected_response:true}": {
            "max": 699.739862,
            "p(90)": 98.70957669999993,
            "p(95)": 160.45819504999997,
            "avg": 33.86866584469441,
            "min": 0.181771,
            "med": 6.2355065
        },
        "vus_max": {
            "value": 500,
            "min": 500,
            "max": 500
        },
        "http_req_waiting": {
            "avg": 32.674096457510416,
            "min": 0.126879,
            "med": 5.9890205,
            "max": 699.670002,
            "p(90)": 94.79488589999998,
            "p(95)": 151.90990999999968
        },
        "active_clients_success_rate": {
            "passes": 8505,
            "fails": 0,
            "value": 1
        },
        "pushpulls": {
            "count": 42525,
            "rate": 273.47576471422775
        },
        "pushpulls_success_rate": {
            "passes": 42525,
            "fails": 0,
            "value": 1
        },
        "http_req_tls_handshaking": {
            "avg": 0,
            "min": 0,
            "med": 0,
            "max": 0,
            "p(90)": 0,
            "p(95)": 0
        },
        "http_req_blocked": {
            "max": 50.684567,
            "p(90)": 0.00533,
            "p(95)": 0.006984449999999961,
            "avg": 0.011883981099353562,
            "min": 0.001493,
            "med": 0.003797
        },
        "iteration_duration": {
            "p(90)": 6798.2512256,
            "p(95)": 6954.4284882,
            "avg": 6355.0312401312,
            "min": 6012.886878,
            "med": 6312.887325,
            "max": 7808.208997
        },
        "transaction_time": {
            "p(90)": 6798,
            "p(95)": 6954.799999999999,
            "avg": 6354.987889476778,
            "min": 6012,
            "med": 6313,
            "max": 7808,
            "thresholds": {
                "p(95)<30000": false
            }
        },
        "attach_documents_time": {
            "avg": 81.17813051146385,
            "min": 2,
            "med": 16,
            "max": 700,
            "p(90)": 266,
            "p(95)": 378,
            "thresholds": {
                "p(95)<10000": false
            }
        },
        "http_req_connecting": {
            "avg": 0.001975353248089359,
            "min": 0,
            "med": 0,
            "max": 15.804083,
            "p(90)": 0,
            "p(95)": 0
        },
        "active_clients": {
            "count": 8505,
            "rate": 54.69515294284555
        },
        "deactivate_clients": {
            "count": 8505,
            "rate": 54.69515294284555
        },
        "deactivate_clients_success_rate": {
            "passes": 8505,
            "fails": 0,
            "value": 1
        },
        "http_req_sending": {
            "min": 0.009338,
            "med": 0.020157,
            "max": 282.779231,
            "p(90)": 0.051656899999999985,
            "p(95)": 0.15971999999999983,
            "avg": 0.29218207654320894
        },
        "http_req_receiving": {
            "avg": 0.9023873106408048,
            "min": 0.013896,
            "med": 0.0513695,
            "max": 294.126756,
            "p(90)": 0.18657189999999996,
            "p(95)": 0.5120920499999994
        },
        "group_duration": {
            "max": 7808.182557,
            "p(90)": 6798.23238,
            "p(95)": 6954.4076372,
            "avg": 6354.974650832564,
            "min": 6012.836634,
            "med": 6312.864993
        },
        "checks": {
            "passes": 136080,
            "fails": 0,
            "value": 1
        },
        "vus": {
            "value": 1,
            "min": 1,
            "max": 500
        },
        "http_req_duration": {
            "p(95)": 160.45819504999997,
            "avg": 33.86866584469441,
            "min": 0.181771,
            "med": 6.2355065,
            "max": 699.739862,
            "p(90)": 98.70957669999993,
            "thresholds": {
                "p(95)<10000": false
            }
        },
        "http_reqs": {
            "count": 68040,
            "rate": 437.5612235427644
        },
        "attach_documents": {
            "count": 8505,
            "rate": 54.69515294284555
        },
        "pushpulls_time": {
            "min": 1,
            "med": 12,
            "max": 657,
            "p(90)": 105,
            "p(95)": 156,
            "avg": 37.20171663727219,
            "thresholds": {
                "p(95)<1000": false
            }
        },
        "attach_documents_success_rate": {
            "passes": 8505,
            "fails": 0,
            "value": 1
        },
        "http_req_failed": {
            "passes": 0,
            "fails": 68040,
            "value": 0
        },
        "iterations": {
            "count": 8505,
            "rate": 54.69515294284555
        },
        "active_clients_time": {
            "p(95)": 97,
            "avg": 20.423985890652556,
            "min": 0,
            "med": 4,
            "max": 502,
            "p(90)": 61,
            "thresholds": {
                "p(95)<500": false
            }
        },
        "transaction_success_rate": {
            "passes": 8505,
            "fails": 0,
            "thresholds": {
                "rate>0.99": false
            },
            "value": 1
        },
        "data_received": {
            "count": 1206886238,
            "rate": 7761414.153089418
        }
    }
}