{
    "metrics": {
        "http_req_connecting": {
            "avg": 0.013034908285328006,
            "min": 0,
            "med": 0,
            "max": 151.908673,
            "p(90)": 0,
            "p(95)": 0
        },
        "checks": {
            "passes": 136096,
            "fails": 0,
            "value": 1
        },
        "http_req_waiting": {
            "max": 608.780185,
            "p(90)": 84.99628680000001,
            "p(95)": 134.48560894999997,
            "avg": 29.574803853162393,
            "min": 0.137576,
            "med": 6.174154
        },
        "http_req_duration{expected_response:true}": {
            "avg": 31.91803967430374,
            "min": 0.17744,
            "med": 6.447865999999999,
            "max": 669.997275,
            "p(90)": 91.2985676,
            "p(95)": 149.20203899999998
        },
        "attach_documents": {
            "count": 8506,
            "rate": 54.539090633891476
        },
        "deactivate_clients_success_rate": {
            "passes": 8506,
            "fails": 0,
            "value": 1
        },
        "iterations": {
            "count": 8506,
            "rate": 54.539090633891476
        },
        "iteration_duration": {
            "avg": 6348.454289357291,
            "min": 6012.7364,
            "med": 6278.695963,
            "max": 8173.458649,
            "p(90)": 6803.342177500001,
            "p(95)": 6987.13255675
        },
        "http_reqs": {
            "count": 68048,
            "rate": 436.3127250711318
        },
        "attach_documents_success_rate": {
            "passes": 8506,
            "fails": 0,
            "value": 1
        },
        "http_req_blocked": {
            "max": 151.955661,
            "p(90)": 0.00561,
            "p(95)": 0.007784,
            "avg": 0.023682475326241417,
            "min": 0.001583,
            "med": 0.004048
        },
        "http_req_duration": {
            "avg": 31.91803967430374,
            "min": 0.17744,
            "med": 6.447865999999999,
            "max": 669.997275,
            "p(90)": 91.2985676,
            "p(95)": 149.20203899999998,
            "thresholds": {
                "p(95)<10000": false
            }
        },
        "deactivate_clients_time": {
            "p(95)": 78,
            "avg": 16.90947566423701,
            "min": 0,
            "med": 2,
            "max": 474,
            "p(90)": 46,
            "thresholds": {
                "p(95)<10000": false
            }
        },
        "http_req_sending": {
            "avg": 0.3729438850223331,
            "min": 0.011131,
            "med": 0.02159,
            "max": 540.768557,
            "p(90)": 0.052910500000000076,
            "p(95)": 0.17189599999999977
        },
        "data_sent": {
            "count": 64023744,
            "rate": 410509.8491343835
        },
        "pushpulls_success_rate": {
            "passes": 42530,
            "fails": 0,
            "value": 1
        },
        "pushpulls_time": {
            "p(90)": 101,
            "p(95)": 160,
            "avg": 37.466635316247356,
            "min": 1,
            "med": 12,
            "max": 718,
            "thresholds": {
                "p(95)<1000": false
            }
        },
        "http_req_receiving": {
            "med": 0.055052,
            "max": 414.27317,
            "p(90)": 0.2202800000000001,
            "p(95)": 0.6984513499999992,
            "avg": 1.9702919361186113,
            "min": 0.014096
        },
        "http_req_failed": {
            "passes": 0,
            "fails": 68048,
            "value": 0
        },
        "pushpulls": {
            "count": 42530,
            "rate": 272.6954531694574
        },
        "vus_max": {
            "max": 500,
            "value": 500,
            "min": 500
        },
        "vus": {
            "max": 500,
            "value": 1,
            "min": 1
        },
        "group_duration": {
            "avg": 6348.397286131581,
            "min": 6012.631325,
            "med": 6278.660030999999,
            "max": 8173.432351,
            "p(90)": 6803.1379895,
            "p(95)": 6987.109824499999
        },
        "active_clients_success_rate": {
            "fails": 0,
            "passes": 8506,
            "value": 1
        },
        "active_clients": {
            "count": 8506,
            "rate": 54.539090633891476
        },
        "active_clients_time": {
            "p(95)": 80,
            "avg": 16.797201975076415,
            "min": 0,
            "med": 4,
            "max": 402,
            "p(90)": 50,
            "thresholds": {
                "p(95)<500": false
            }
        },
        "deactivate_clients": {
            "rate": 54.539090633891476,
            "count": 8506
        },
        "transaction_time": {
            "avg": 6348.421232071479,
            "min": 6013,
            "med": 6279,
            "max": 8173,
            "p(90)": 6803,
            "p(95)": 6987,
            "thresholds": {
                "p(95)<30000": false
            }
        },
        "data_received": {
            "rate": 7750818.216853227,
            "count": 1208829465
        },
        "http_req_tls_handshaking": {
            "avg": 0,
            "min": 0,
            "med": 0,
            "max": 0,
            "p(90)": 0,
            "p(95)": 0
        },
        "attach_documents_time": {
            "p(95)": 342,
            "avg": 76.40324476839878,
            "min": 2,
            "med": 17,
            "max": 718,
            "p(90)": 254,
            "thresholds": {
                "p(95)<10000": false
            }
        },
        "transaction_success_rate": {
            "passes": 8506,
            "fails": 0,
            "thresholds": {
                "rate>0.99": false
            },
            "value": 1
        }
    },
    "root_group": {
        "name": "",
        "path": "",
        "id": "d41d8cd98f00b204e9800998ecf8427e",
        "groups": {
            "Presence": {
                "name": "Presence",
                "path": "::Presence",
                "id": "63ab1748852475484c3afb7dae46dbde",
                "groups": {},
                "checks": {
                        "status is 200": {
                            "path": "::Presence::status is 200",
                            "id": "2bdfe827d978801584a6dde561f63b7d",
                            "passes": 68048,
                            "fails": 0,
                            "name": "status is 200"
                        },
                        "response has valid body": {
                            "name": "response has valid body",
                            "path": "::Presence::response has valid body",
                            "id": "2cb1a85a5851b9e28736f532526a5909",
                            "passes": 68048,
                            "fails": 0
                        }
                    }
            }
        },
        "checks": {}
    }
}