{
    "root_group": {
        "groups": {
            "Presence": {
                "name": "Presence",
                "path": "::Presence",
                "id": "63ab1748852475484c3afb7dae46dbde",
                "groups": {},
                "checks": {
                        "status is 200": {
                            "id": "2bdfe827d978801584a6dde561f63b7d",
                            "passes": 66256,
                            "fails": 0,
                            "name": "status is 200",
                            "path": "::Presence::status is 200"
                        },
                        "response has valid body": {
                            "name": "response has valid body",
                            "path": "::Presence::response has valid body",
                            "id": "2cb1a85a5851b9e28736f532526a5909",
                            "passes": 66256,
                            "fails": 0
                        }
                    }
            }
        },
        "checks": {},
        "name": "",
        "path": "",
        "id": "d41d8cd98f00b204e9800998ecf8427e"
    },
    "metrics": {
        "http_req_failed": {
            "passes": 0,
            "fails": 66256,
            "value": 0
        },
        "iteration_duration": {
            "p(95)": 7311.51478455,
            "avg": 6519.660263910312,
            "min": 6015.936001,
            "med": 6475.611586999999,
            "max": 8548.535659,
            "p(90)": 7122.6788109
        },
        "attach_documents_success_rate": {
            "passes": 8282,
            "fails": 0,
            "value": 1
        },
        "checks": {
            "passes": 132512,
            "fails": 0,
            "value": 1
        },
        "vus": {
            "value": 6,
            "min": 6,
            "max": 500
        },
        "pushpulls": {
            "count": 41410,
            "rate": 267.52292807737473
        },
        "attach_documents": {
            "count": 8282,
            "rate": 53.50458561547495
        },
        "http_req_sending": {
            "med": 0.02158,
            "max": 451.948752,
            "p(90)": 0.0614425,
            "p(95)": 0.186109,
            "avg": 0.5345209378924209,
            "min": 0.010029
        },
        "active_clients_time": {
            "med": 6,
            "max": 592,
            "p(90)": 96,
            "p(95)": 144,
            "avg": 30.176889640183532,
            "min": 1,
            "thresholds": {
                "p(95)<500": false
            }
        },
        "deactivate_clients": {
            "count": 8282,
            "rate": 53.50458561547495
        },
        "data_sent": {
            "count": 62337206,
            "rate": 402719.91976050456
        },
        "attach_documents_time": {
            "avg": 103.5916445303067,
            "min": 3,
            "med": 25,
            "max": 931,
            "p(90)": 330,
            "p(95)": 412,
            "thresholds": {
                "p(95)<10000": false
            }
        },
        "transaction_time": {
            "p(95)": 7311.9,
            "avg": 6519.606496015455,
            "min": 6016,
            "med": 6476,
            "max": 8549,
            "p(90)": 7123,
            "thresholds": {
                "p(95)<30000": false
            }
        },
        "http_req_duration": {
            "avg": 49.43298125828611,
            "min": 0.487402,
            "med": 10.1884385,
            "max": 930.114252,
            "p(90)": 155.070514,
            "p(95)": 224.97985225,
            "thresholds": {
                "p(95)<10000": false
            }
        },
        "transaction_success_rate": {
            "passes": 8282,
            "fails": 0,
            "thresholds": {
                "rate>0.99": false
            },
            "value": 1
        },
        "iterations": {
            "count": 8282,
            "rate": 53.50458561547495
        },
        "data_received": {
            "count": 1162556628,
            "rate": 7510518.067575932
        },
        "http_req_connecting": {
            "p(90)": 0,
            "p(95)": 0,
            "avg": 0.02115079622977541,
            "min": 0,
            "med": 0,
            "max": 188.603947
        },
        "pushpulls_time": {
            "max": 830,
            "p(90)": 173,
            "p(95)": 246,
            "avg": 57.869137889398694,
            "min": 1,
            "med": 18,
            "thresholds": {
                "p(95)<1000": false
            }
        },
        "http_req_waiting": {
            "avg": 46.22025942639126,
            "min": 0.420449,
            "med": 9.785698,
            "max": 740.639902,
            "p(90)": 141.7089075,
            "p(95)": 207.7059935
        },
        "active_clients": {
            "count": 8282,
            "rate": 53.50458561547495
        },
        "vus_max": {
            "value": 500,
            "min": 500,
            "max": 500
        },
        "pushpulls_success_rate": {
            "passes": 41410,
            "fails": 0,
            "value": 1
        },
        "http_req_blocked": {
            "avg": 0.038648027589955454,
            "min": 0.001512,
            "med": 0.004018,
            "max": 188.673777,
            "p(90)": 0.005551,
            "p(95)": 0.00789725
        },
        "http_req_receiving": {
            "max": 460.518755,
            "p(90)": 0.2770765,
            "p(95)": 1.3280615,
            "avg": 2.6782008940020345,
            "min": 0.01608,
            "med": 0.053731
        },
        "http_req_tls_handshaking": {
            "avg": 0,
            "min": 0,
            "med": 0,
            "max": 0,
            "p(90)": 0,
            "p(95)": 0
        },
        "group_duration": {
            "p(90)": 7122.6542025,
            "p(95)": 7311.497753299999,
            "avg": 6519.583978832043,
            "min": 6015.917366,
            "med": 6475.5866605,
            "max": 8548.487449
        },
        "http_reqs": {
            "count": 66256,
            "rate": 428.0366849237996
        },
        "http_req_duration{expected_response:true}": {
            "p(90)": 155.070514,
            "p(95)": 224.97985225,
            "avg": 49.43298125828611,
            "min": 0.487402,
            "med": 10.1884385,
            "max": 930.114252
        },
        "deactivate_clients_success_rate": {
            "passes": 8282,
            "fails": 0,
            "value": 1
        },
        "deactivate_clients_time": {
            "p(95)": 147,
            "avg": 28.04672784351606,
            "min": 0,
            "med": 4,
            "max": 643,
            "p(90)": 86.90000000000055,
            "thresholds": {
                "p(95)<10000": false
            }
        },
        "active_clients_success_rate": {
            "passes": 8282,
            "fails": 0,
            "value": 1
        }
    }
}