{
    "metrics": {
        "http_req_receiving": {
            "avg": 2.446901851697583,
            "min": 0.013255,
            "med": 0.054261,
            "max": 514.331908,
            "p(90)": 0.291752,
            "p(95)": 1.11309675
        },
        "iterations": {
            "count": 7982,
            "rate": 51.296614703031494
        },
        "deactivate_clients_success_rate": {
            "passes": 7982,
            "fails": 0,
            "value": 1
        },
        "http_req_duration": {
            "min": 0.953394,
            "med": 29.8114885,
            "max": 958.066338,
            "p(90)": 235.69929100000002,
            "p(95)": 324.12862025,
            "avg": 80.59536413716859,
            "thresholds": {
                "p(95)<10000": false
            }
        },
        "pushpulls": {
            "count": 39910,
            "rate": 256.48307351515746
        },
        "http_req_blocked": {
            "med": 0.004248,
            "max": 86.539321,
            "p(90)": 0.006062,
            "p(95)": 0.007995,
            "avg": 0.031250173765974824,
            "min": 0.001512
        },
        "attach_documents_time": {
            "p(90)": 360,
            "p(95)": 447.9499999999998,
            "avg": 162.17514407416687,
            "min": 3,
            "med": 150,
            "max": 959,
            "thresholds": {
                "p(95)<10000": false
            }
        },
        "iteration_duration": {
            "med": 6870.863541000001,
            "max": 8589.470732,
            "p(90)": 7394.2059762,
            "p(95)": 7572.8594268,
            "avg": 6768.349635739042,
            "min": 6023.538033
        },
        "data_received": {
            "count": 1084977291,
            "rate": 6972646.2112209825
        },
        "pushpulls_success_rate": {
            "passes": 39910,
            "fails": 0,
            "value": 1
        },
        "active_clients": {
            "count": 7982,
            "rate": 51.296614703031494
        },
        "active_clients_time": {
            "p(95)": 71,
            "avg": 16.896141317965423,
            "min": 1,
            "med": 6,
            "max": 534,
            "p(90)": 48,
            "thresholds": {
                "p(95)<500": false
            }
        },
        "http_reqs": {
            "count": 63856,
            "rate": 410.37291762425195
        },
        "transaction_success_rate": {
            "passes": 7982,
            "fails": 0,
            "thresholds": {
                "rate>0.99": false
            },
            "value": 1
        },
        "http_req_waiting": {
            "min": 0.894654,
            "med": 28.976703,
            "max": 883.06232,
            "p(90)": 226.110857,
            "p(95)": 315.47313775,
            "avg": 77.65551881085565
        },
        "vus_max": {
            "min": 500,
            "max": 500,
            "value": 500
        },
        "vus": {
            "value": 1,
            "min": 1,
            "max": 500
        },
        "active_clients_success_rate": {
            "fails": 0,
            "passes": 7982,
            "value": 1
        },
        "transaction_time": {
            "max": 8589,
            "p(90)": 7394,
            "p(95)": 7573,
            "avg": 6768.314582811326,
            "min": 6023,
            "med": 6871,
            "thresholds": {
                "p(95)<30000": false
            }
        },
        "http_req_tls_handshaking": {
            "max": 0,
            "p(90)": 0,
            "p(95)": 0,
            "avg": 0,
            "min": 0,
            "med": 0
        },
        "http_req_connecting": {
            "p(95)": 0,
            "avg": 0.020105003523552985,
            "min": 0,
            "med": 0,
            "max": 86.369252,
            "p(90)": 0
        },
        "attach_documents": {
            "count": 7982,
            "rate": 51.296614703031494
        },
        "attach_documents_success_rate": {
            "passes": 7982,
            "fails": 0,
            "value": 1
        },
        "http_req_duration{expected_response:true}": {
            "max": 958.066338,
            "p(90)": 235.69929100000002,
            "p(95)": 324.12862025,
            "avg": 80.59536413716859,
            "min": 0.953394,
            "med": 29.8114885
        },
        "deactivate_clients": {
            "count": 7982,
            "rate": 51.296614703031494
        },
        "pushpulls_time": {
            "avg": 66.94232022049611,
            "min": 1,
            "med": 37,
            "max": 805,
            "p(90)": 171,
            "p(95)": 225,
            "thresholds": {
                "p(95)<1000": false
            }
        },
        "data_sent": {
            "count": 60078044,
            "rate": 386093.74532445165
        },
        "http_req_sending": {
            "p(90)": 0.083111,
            "p(95)": 0.23338199999999998,
            "avg": 0.49294347461475435,
            "min": 0.011152,
            "med": 0.023514,
            "max": 386.731931
        },
        "http_req_failed": {
            "passes": 0,
            "fails": 63856,
            "value": 0
        },
        "deactivate_clients_time": {
            "p(95)": 499.9499999999998,
            "avg": 186.35893259834629,
            "min": 4,
            "med": 160.5,
            "max": 897,
            "p(90)": 432,
            "thresholds": {
                "p(95)<10000": false
            }
        },
        "checks": {
            "passes": 127712,
            "fails": 0,
            "value": 1
        },
        "group_duration": {
            "avg": 6768.291705858699,
            "min": 6023.522073,
            "med": 6870.788214,
            "max": 8589.42711,
            "p(90)": 7393.8435598,
            "p(95)": 7572.8415531499995
        }
    },
    "root_group": {
        "groups": {
            "Presence": {
                "groups": {},
                "checks": {
                        "status is 200": {
                            "name": "status is 200",
                            "path": "::Presence::status is 200",
                            "id": "2bdfe827d978801584a6dde561f63b7d",
                            "passes": 63856,
                            "fails": 0
                        },
                        "response has valid body": {
                            "path": "::Presence::response has valid body",
                            "id": "2cb1a85a5851b9e28736f532526a5909",
                            "passes": 63856,
                            "fails": 0,
                            "name": "response has valid body"
                        }
                    },
                "name": "Presence",
                "path": "::Presence",
                "id": "63ab1748852475484c3afb7dae46dbde"
            }
        },
        "checks": {},
        "name": "",
        "path": "",
        "id": "d41d8cd98f00b204e9800998ecf8427e"
    }
}