{
    "root_group": {
        "path": "",
        "id": "d41d8cd98f00b204e9800998ecf8427e",
        "groups": {
            "Presence": {
                "groups": {},
                "checks": {
                        "status is 200": {
                            "path": "::Presence::status is 200",
                            "id": "2bdfe827d978801584a6dde561f63b7d",
                            "passes": 66776,
                            "fails": 0,
                            "name": "status is 200"
                        },
                        "response has valid body": {
                            "path": "::Presence::response has valid body",
                            "id": "2cb1a85a5851b9e28736f532526a5909",
                            "passes": 66776,
                            "fails": 0,
                            "name": "response has valid body"
                        }
                    },
                "name": "Presence",
                "path": "::Presence",
                "id": "63ab1748852475484c3afb7dae46dbde"
            }
        },
        "checks": {},
        "name": ""
    },
    "metrics": {
        "active_clients_success_rate": {
            "passes": 8347,
            "fails": 0,
            "value": 1
        },
        "active_clients_time": {
            "p(95)": 105,
            "avg": 23.719300347430213,
            "min": 0,
            "med": 5,
            "max": 352,
            "p(90)": 72,
            "thresholds": {
                "p(95)<500": false
            }
        },
        "http_req_tls_handshaking": {
            "avg": 0,
            "min": 0,
            "med": 0,
            "max": 0,
            "p(90)": 0,
            "p(95)": 0
        },
        "http_req_duration": {
            "med": 9.9464315,
            "max": 801.031657,
            "p(90)": 132.2781705,
            "p(95)": 204.07590575,
            "avg": 45.64847612405668,
            "min": 0.163988,
            "thresholds": {
                "p(95)<10000": false
            }
        },
        "transaction_time": {
            "med": 6450,
            "max": 8230,
            "p(90)": 6982.400000000001,
            "p(95)": 7151,
            "avg": 6473.9016413082545,
            "min": 6015,
            "thresholds": {
                "p(95)<30000": false
            }
        },
        "deactivate_clients_time": {
            "med": 3,
            "max": 499,
            "p(90)": 65,
            "p(95)": 102,
            "avg": 21.81346591589793,
            "min": 0,
            "thresholds": {
                "p(95)<10000": false
            }
        },
        "pushpulls": {
            "count": 41735,
            "rate": 268.7997282812232
        },
        "pushpulls_success_rate": {
            "passes": 41735,
            "fails": 0,
            "value": 1
        },
        "http_req_receiving": {
            "p(90)": 0.288783,
            "p(95)": 0.924032,
            "avg": 2.014690571342998,
            "min": 0.016952,
            "med": 0.060428499999999996,
            "max": 335.562009
        },
        "http_req_blocked": {
            "avg": 0.04427934437522638,
            "min": 0.001502,
            "med": 0.004328,
            "max": 332.860675,
            "p(90)": 0.006381,
            "p(95)": 0.00871625
        },
        "http_req_failed": {
            "passes": 0,
            "fails": 66776,
            "value": 0
        },
        "iteration_duration": {
            "p(90)": 6982.3949712,
            "p(95)": 7151.3653389,
            "avg": 6473.96906141689,
            "min": 6015.452866,
            "med": 6450.65965,
            "max": 8229.676979
        },
        "attach_documents": {
            "count": 8347,
            "rate": 53.759945656244646
        },
        "http_reqs": {
            "count": 66776,
            "rate": 430.07956524995717
        },
        "pushpulls_time": {
            "min": 1,
            "med": 17,
            "max": 627,
            "p(90)": 131,
            "p(95)": 180,
            "avg": 47.03778603090931,
            "thresholds": {
                "p(95)<1000": false
            }
        },
        "http_req_connecting": {
            "p(95)": 0,
            "avg": 0.020961464238648617,
            "min": 0,
            "med": 0,
            "max": 121.078208,
            "p(90)": 0
        },
        "http_req_duration{expected_response:true}": {
            "max": 801.031657,
            "p(90)": 132.2781705,
            "p(95)": 204.07590575,
            "avg": 45.64847612405668,
            "min": 0.163988,
            "med": 9.9464315
        },
        "vus": {
            "min": 1,
            "max": 500,
            "value": 1
        },
        "data_received": {
            "count": 1207747341,
            "rate": 7778654.776402776
        },
        "http_req_waiting": {
            "min": 0.125185,
            "med": 9.528682,
            "max": 800.940177,
            "p(90)": 122.96413749999999,
            "p(95)": 187.142471,
            "avg": 43.202829221366734
        },
        "checks": {
            "passes": 133552,
            "fails": 0,
            "value": 1
        },
        "vus_max": {
            "value": 500,
            "min": 500,
            "max": 500
        },
        "http_req_sending": {
            "med": 0.0260685,
            "max": 403.156256,
            "p(90)": 0.067081,
            "p(95)": 0.20180800000000002,
            "avg": 0.4309563313465904,
            "min": 0.01082
        },
        "deactivate_clients": {
            "count": 8347,
            "rate": 53.759945656244646
        },
        "transaction_success_rate": {
            "passes": 8347,
            "fails": 0,
            "thresholds": {
                "rate>0.99": false
            },
            "value": 1
        },
        "data_sent": {
            "count": 62826394,
            "rate": 404641.6110240583
        },
        "active_clients": {
            "count": 8347,
            "rate": 53.759945656244646
        },
        "deactivate_clients_success_rate": {
            "passes": 8347,
            "fails": 0,
            "value": 1
        },
        "attach_documents_success_rate": {
            "passes": 8347,
            "fails": 0,
            "value": 1
        },
        "iterations": {
            "count": 8347,
            "rate": 53.759945656244646
        },
        "attach_documents_time": {
            "p(90)": 353,
            "p(95)": 435,
            "avg": 120.40529531568228,
            "min": 3,
            "med": 43,
            "max": 802,
            "thresholds": {
                "p(95)<10000": false
            }
        },
        "group_duration": {
            "med": 6450.633954,
            "max": 8229.651731,
            "p(90)": 6981.722864400001,
            "p(95)": 7151.139102499999,
            "avg": 6473.859093270403,
            "min": 6015.42272
        }
    }
}