{
    "metrics": {
        "http_req_sending": {
            "avg": 0.620479564494334,
            "min": 0.012183,
            "med": 0.026931,
            "max": 533.478943,
            "p(90)": 0.126508,
            "p(95)": 0.30982925
        },
        "data_sent": {
            "count": 58496837,
            "rate": 377910.91145232914
        },
        "group_duration": {
            "max": 10282.988481,
            "p(90)": 7786.373342000001,
            "p(95)": 7995.08934565,
            "avg": 6960.101297932691,
            "min": 6025.578927,
            "med": 7038.3448785
        },
        "transaction_time": {
            "med": 7039,
            "max": 10283,
            "p(90)": 7786.800000000001,
            "p(95)": 7995.45,
            "avg": 6960.120946989192,
            "min": 6026,
            "thresholds": {
                "p(95)<30000": false
            }
        },
        "http_reqs": {
            "count": 62176,
            "rate": 401.6796468920194
        },
        "active_clients": {
            "count": 7772,
            "rate": 50.20995586150242
        },
        "vus_max": {
            "value": 500,
            "min": 500,
            "max": 500
        },
        "transaction_success_rate": {
            "passes": 7772,
            "fails": 0,
            "thresholds": {
                "rate>0.99": false
            },
            "value": 1
        },
        "deactivate_clients": {
            "count": 7772,
            "rate": 50.20995586150242
        },
        "attach_documents_success_rate": {
            "passes": 7772,
            "fails": 0,
            "value": 1
        },
        "http_req_tls_handshaking": {
            "max": 0,
            "p(90)": 0,
            "p(95)": 0,
            "avg": 0,
            "min": 0,
            "med": 0
        },
        "attach_documents": {
            "count": 7772,
            "rate": 50.20995586150242
        },
        "active_clients_success_rate": {
            "passes": 7772,
            "fails": 0,
            "value": 1
        },
        "http_req_duration": {
            "max": 1193.635596,
            "p(90)": 298.16270899999995,
            "p(95)": 424.762096,
            "avg": 100.40150390414372,
            "min": 0.944312,
            "med": 34.289831,
            "thresholds": {
                "p(95)<10000": false
            }
        },
        "http_req_receiving": {
            "avg": 3.742228335692217,
            "min": 0.016671,
            "med": 0.060373,
            "max": 685.385487,
            "p(90)": 0.370944,
            "p(95)": 1.7076577499999999
        },
        "pushpulls": {
            "count": 38860,
            "rate": 251.04977930751213
        },
        "http_req_connecting": {
            "max": 254.290664,
            "p(90)": 0,
            "p(95)": 0,
            "avg": 0.031647650604734935,
            "min": 0,
            "med": 0
        },
        "checks": {
            "passes": 124352,
            "fails": 0,
            "value": 1
        },
        "http_req_duration{expected_response:true}": {
            "p(95)": 424.762096,
            "avg": 100.40150390414372,
            "min": 0.944312,
            "med": 34.289831,
            "max": 1193.635596,
            "p(90)": 298.16270899999995
        },
        "data_received": {
            "count": 1044654254,
            "rate": 6748847.6561851185
        },
        "deactivate_clients_success_rate": {
            "passes": 7772,
            "fails": 0,
            "value": 1
        },
        "http_req_failed": {
            "passes": 0,
            "fails": 62176,
            "value": 0
        },
        "http_req_waiting": {
            "p(90)": 283.33277599999997,
            "p(95)": 405.11606225,
            "avg": 96.03879600395615,
            "min": 0.897244,
            "med": 33.351969499999996,
            "max": 980.924365
        },
        "pushpulls_time": {
            "avg": 84.22352032938754,
            "min": 2,
            "med": 41,
            "max": 1177,
            "p(90)": 224,
            "p(95)": 306.04999999999563,
            "thresholds": {
                "p(95)<1000": false
            }
        },
        "iterations": {
            "count": 7772,
            "rate": 50.20995586150242
        },
        "http_req_blocked": {
            "avg": 0.06089103488484536,
            "min": 0.001513,
            "med": 0.004709,
            "max": 434.252288,
            "p(90)": 0.007374,
            "p(95)": 0.009708
        },
        "vus": {
            "value": 14,
            "min": 8,
            "max": 500
        },
        "deactivate_clients_time": {
            "avg": 236.67884714359238,
            "min": 4,
            "med": 182,
            "max": 1065,
            "p(90)": 576.9000000000005,
            "p(95)": 657,
            "thresholds": {
                "p(95)<10000": false
            }
        },
        "iteration_duration": {
            "p(95)": 7995.11729695,
            "avg": 6960.166260999083,
            "min": 6025.601329,
            "med": 7038.4400829999995,
            "max": 10283.0092,
            "p(90)": 7786.397336000001
        },
        "pushpulls_success_rate": {
            "passes": 38860,
            "fails": 0,
            "value": 1
        },
        "attach_documents_time": {
            "avg": 197.68090581574884,
            "min": 4,
            "med": 159,
            "max": 1195,
            "p(90)": 481,
            "p(95)": 575,
            "thresholds": {
                "p(95)<10000": false
            }
        },
        "active_clients_time": {
            "max": 571,
            "p(90)": 62,
            "p(95)": 95,
            "avg": 21.739963973237263,
            "min": 1,
            "med": 6,
            "thresholds": {
                "p(95)<500": false
            }
        }
    },
    "root_group": {
        "groups": {
            "Presence": {
                "name": "Presence",
                "path": "::Presence",
                "id": "63ab1748852475484c3afb7dae46dbde",
                "groups": {},
                "checks": {
                        "status is 200": {
                            "name": "status is 200",
                            "path": "::Presence::status is 200",
                            "id": "2bdfe827d978801584a6dde561f63b7d",
                            "passes": 62176,
                            "fails": 0
                        },
                        "response has valid body": {
                            "path": "::Presence::response has valid body",
                            "id": "2cb1a85a5851b9e28736f532526a5909",
                            "passes": 62176,
                            "fails": 0,
                            "name": "response has valid body"
                        }
                    }
            }
        },
        "checks": {},
        "name": "",
        "path": "",
        "id": "d41d8cd98f00b204e9800998ecf8427e"
    }
}