{
    "metrics": {
        "vus": {
            "max": 500,
            "value": 4,
            "min": 4
        },
        "data_sent": {
            "count": 61379580,
            "rate": 399785.405874319
        },
        "http_reqs": {
            "count": 65488,
            "rate": 426.54489750332937
        },
        "http_req_connecting": {
            "p(90)": 0,
            "p(95)": 0,
            "avg": 0.014943811858661128,
            "min": 0,
            "med": 0,
            "max": 75.400785
        },
        "attach_documents": {
            "count": 9509,
            "rate": 61.93524661555031
        },
        "transaction_success_rate": {
            "passes": 9509,
            "fails": 0,
            "thresholds": {
                "rate>0.99": false
            },
            "value": 1
        },
        "http_req_waiting": {
            "min": 0.926075,
            "med": 28.107557999999997,
            "max": 1461.642561,
            "p(90)": 1111.4548291,
            "p(95)": 1244.6690514,
            "avg": 246.3515268798698
        },
        "vus_max": {
            "value": 500,
            "min": 500,
            "max": 500
        },
        "http_req_duration{expected_response:true}": {
            "max": 1462.246982,
            "p(90)": 1112.2022261000002,
            "p(95)": 1245.0472221499997,
            "avg": 247.02792521199282,
            "min": 0.989461,
            "med": 28.647533000000003
        },
        "group_duration": {
            "max": 9363.134578,
            "p(90)": 7415.597037400001,
            "p(95)": 7812.0603834,
            "avg": 5642.190667738871,
            "min": 3018.636452,
            "med": 5757.675473
        },
        "http_req_receiving": {
            "p(95)": 0.6673673999999978,
            "avg": 0.4860882019606679,
            "min": 0.013405,
            "med": 0.051336,
            "max": 246.024378,
            "p(90)": 0.26445240000000003
        },
        "active_clients": {
            "count": 9509,
            "rate": 61.93524661555031
        },
        "transaction_time": {
            "min": 3019,
            "med": 5757,
            "max": 9363,
            "p(90)": 7415,
            "p(95)": 7812,
            "avg": 5642.2084341150485
        },
        "iteration_duration": {
            "avg": 5642.245463311384,
            "min": 3018.654576,
            "med": 5757.697706,
            "max": 9363.157511,
            "p(90)": 7415.6294016,
            "p(95)": 7812.093998400001
        },
        "iterations": {
            "count": 9509,
            "rate": 61.93524661555031
        },
        "data_received": {
            "count": 928084622,
            "rate": 6044920.595611504
        },
        "control_doc_latency": {
            "max": 0,
            "p(90)": 0,
            "p(95)": 0,
            "avg": 0,
            "min": 0,
            "med": 0,
            "thresholds": {
                "p(95)<500": false
            }
        },
        "http_req_failed": {
            "passes": 0,
            "fails": 65488,
            "value": 0
        },
        "pushpulls": {
            "count": 36961,
            "rate": 240.73915765667843
        },
        "http_req_duration": {
            "avg": 247.02792521199282,
            "min": 0.989461,
            "med": 28.647533000000003,
            "max": 1462.246982,
            "p(90)": 1112.2022261000002,
            "p(95)": 1245.0472221499997,
            "thresholds": {
                "p(95)<10000": false
            }
        },
        "http_req_tls_handshaking": {
            "avg": 0,
            "min": 0,
            "med": 0,
            "max": 0,
            "p(90)": 0,
            "p(95)": 0
        },
        "http_req_sending": {
            "min": 0.010841,
            "med": 0.022433,
            "max": 229.002965,
            "p(90)": 0.06944130000000012,
            "p(95)": 0.2085954999999996,
            "avg": 0.19031013016124831
        },
        "http_req_blocked": {
            "avg": 0.02661713443684497,
            "min": 0.001563,
            "med": 0.004118,
            "max": 75.585651,
            "p(90)": 0.00573,
            "p(95)": 0.007985
        },
        "checks": {
            "passes": 130976,
            "fails": 0,
            "value": 1
        }
    },
    "root_group": {
        "groups": {
            "Attachment": {
                "name": "Attachment",
                "path": "::Attachment",
                "id": "8e39eb0cb12fb749ba9ccd15af52cbad",
                "groups": {},
                "checks": {
                        "status is 200": {
                            "id": "db3dc3f9e26c1649b08cc5a49159f747",
                            "passes": 65488,
                            "fails": 0,
                            "name": "status is 200",
                            "path": "::Attachment::status is 200"
                        },
                        "response has valid body": {
                            "id": "ae60d91cf191d752075b277bc603091f",
                            "passes": 65488,
                            "fails": 0,
                            "name": "response has valid body",
                            "path": "::Attachment::response has valid body"
                        }
                    }
            }
        },
        "checks": {},
        "name": "",
        "path": "",
        "id": "d41d8cd98f00b204e9800998ecf8427e"
    }
}