{
    "root_group": {
        "path": "",
        "id": "d41d8cd98f00b204e9800998ecf8427e",
        "groups": {
            "Presence": {
                "groups": {},
                "checks": {
                        "status is 200": {
                            "passes": 65424,
                            "fails": 0,
                            "name": "status is 200",
                            "path": "::Presence::status is 200",
                            "id": "2bdfe827d978801584a6dde561f63b7d"
                        },
                        "response has valid body": {
                            "name": "response has valid body",
                            "path": "::Presence::response has valid body",
                            "id": "2cb1a85a5851b9e28736f532526a5909",
                            "passes": 65424,
                            "fails": 0
                        }
                    },
                "name": "Presence",
                "path": "::Presence",
                "id": "63ab1748852475484c3afb7dae46dbde"
            }
        },
        "checks": {},
        "name": ""
    },
    "metrics": {
        "vus_max": {
            "value": 500,
            "min": 500,
            "max": 500
        },
        "pushpulls_success_rate": {
            "passes": 40890,
            "fails": 0,
            "value": 1
        },
        "http_req_tls_handshaking": {
            "med": 0,
            "max": 0,
            "p(90)": 0,
            "p(95)": 0,
            "avg": 0,
            "min": 0
        },
        "active_clients_success_rate": {
            "passes": 8178,
            "fails": 0,
            "value": 1
        },
        "active_clients_time": {
            "avg": 25.9157495720225,
            "min": 1,
            "med": 8,
            "max": 348,
            "p(90)": 76.30000000000018,
            "p(95)": 107,
            "thresholds": {
                "p(95)<500": false
            }
        },
        "http_req_receiving": {
            "p(95)": 1.0934766499999937,
            "avg": 2.901339437637583,
            "min": 0.014056,
            "med": 0.051887,
            "max": 436.321064,
            "p(90)": 0.2779197
        },
        "data_sent": {
            "count": 61553776,
            "rate": 396585.70337053883
        },
        "attach_documents_time": {
            "p(95)": 558,
            "avg": 175.7961604304231,
            "min": 3,
            "med": 89,
            "max": 989,
            "p(90)": 472,
            "thresholds": {
                "p(95)<10000": false
            }
        },
        "deactivate_clients_time": {
            "avg": 21.810711665443876,
            "min": 0,
            "med": 3,
            "max": 579,
            "p(90)": 59,
            "p(95)": 102,
            "thresholds": {
                "p(95)<10000": false
            }
        },
        "http_reqs": {
            "count": 65424,
            "rate": 421.5212249093237
        },
        "iteration_duration": {
            "med": 6633.348597,
            "max": 8847.531113,
            "p(90)": 7201.3254154999995,
            "p(95)": 7379.947225,
            "avg": 6601.391321918066,
            "min": 6017.844688
        },
        "transaction_time": {
            "min": 6018,
            "med": 6633.5,
            "max": 8848,
            "p(90)": 7201,
            "p(95)": 7380,
            "avg": 6601.344949865493,
            "thresholds": {
                "p(95)<30000": false
            }
        },
        "http_req_duration{expected_response:true}": {
            "p(90)": 176.81391850000014,
            "p(95)": 271.3658969999999,
            "avg": 60.64771033986013,
            "min": 0.181232,
            "med": 14.9658985,
            "max": 986.215946
        },
        "http_req_waiting": {
            "med": 14.472997,
            "max": 910.153754,
            "p(90)": 162.27045730000003,
            "p(95)": 250.63082154999995,
            "avg": 57.26951229889701,
            "min": 0.1325
        },
        "checks": {
            "passes": 130848,
            "fails": 0,
            "value": 1
        },
        "transaction_success_rate": {
            "passes": 8178,
            "fails": 0,
            "thresholds": {
                "rate>0.99": false
            },
            "value": 1
        },
        "deactivate_clients": {
            "count": 8178,
            "rate": 52.69015311366546
        },
        "attach_documents_success_rate": {
            "passes": 8178,
            "fails": 0,
            "value": 1
        },
        "data_received": {
            "count": 1176931029,
            "rate": 7582865.752290761
        },
        "http_req_sending": {
            "avg": 0.47685860332599517,
            "min": 0.01029,
            "med": 0.021119,
            "max": 403.653276,
            "p(90)": 0.05854630000000004,
            "p(95)": 0.1919359999999997
        },
        "group_duration": {
            "med": 6633.328128499999,
            "max": 8847.508952,
            "p(90)": 7201.3029065,
            "p(95)": 7379.923278249999,
            "avg": 6601.334063113824,
            "min": 6017.821224
        },
        "attach_documents": {
            "count": 8178,
            "rate": 52.69015311366546
        },
        "vus": {
            "value": 1,
            "min": 1,
            "max": 500
        },
        "http_req_duration": {
            "avg": 60.64771033986013,
            "min": 0.181232,
            "med": 14.9658985,
            "max": 986.215946,
            "p(90)": 176.81391850000014,
            "p(95)": 271.3658969999999,
            "thresholds": {
                "p(95)<10000": false
            }
        },
        "deactivate_clients_success_rate": {
            "passes": 8178,
            "fails": 0,
            "value": 1
        },
        "pushpulls": {
            "count": 40890,
            "rate": 263.4507655683273
        },
        "pushpulls_time": {
            "avg": 63.55661530936659,
            "min": 1,
            "med": 26,
            "max": 823,
            "p(90)": 177,
            "p(95)": 243,
            "thresholds": {
                "p(95)<1000": false
            }
        },
        "http_req_connecting": {
            "p(95)": 0,
            "avg": 0.016536479304230862,
            "min": 0,
            "med": 0,
            "max": 118.342405,
            "p(90)": 0
        },
        "active_clients": {
            "rate": 52.69015311366546,
            "count": 8178
        },
        "iterations": {
            "count": 8178,
            "rate": 52.69015311366546
        },
        "http_req_blocked": {
            "p(90)": 0.00563,
            "p(95)": 0.007604849999999998,
            "avg": 0.0330499969124494,
            "min": 0.001633,
            "med": 0.004138,
            "max": 120.855527
        },
        "http_req_failed": {
            "passes": 0,
            "fails": 65424,
            "value": 0
        }
    }
}