{
    "metrics": {
        "deactivate_clients": {
            "count": 8381,
            "rate": 53.91111399979566
        },
        "deactivate_clients_time": {
            "p(95)": 113,
            "avg": 22.395776160362725,
            "min": 0,
            "med": 2,
            "max": 499,
            "p(90)": 67,
            "thresholds": {
                "p(95)<10000": false
            }
        },
        "http_req_receiving": {
            "avg": 2.6027841399445317,
            "min": 0.014877,
            "med": 0.057718,
            "max": 432.045586,
            "p(90)": 0.30404000000000003,
            "p(95)": 1.1856535499999983
        },
        "http_req_waiting": {
            "p(95)": 170.2215971,
            "avg": 37.70567125372893,
            "min": 0.13946,
            "med": 7.955496,
            "max": 661.934389,
            "p(90)": 110.7120804
        },
        "checks": {
            "passes": 134096,
            "fails": 0,
            "value": 1
        },
        "deactivate_clients_success_rate": {
            "passes": 8381,
            "fails": 0,
            "value": 1
        },
        "attach_documents_success_rate": {
            "fails": 0,
            "passes": 8381,
            "value": 1
        },
        "iterations": {
            "count": 8381,
            "rate": 53.91111399979566
        },
        "pushpulls_time": {
            "avg": 45.768786540985566,
            "min": 1,
            "med": 16,
            "max": 684,
            "p(90)": 128,
            "p(95)": 191,
            "thresholds": {
                "p(95)<1000": false
            }
        },
        "attach_documents": {
            "count": 8381,
            "rate": 53.91111399979566
        },
        "http_req_blocked": {
            "p(90)": 0.005871,
            "p(95)": 0.008135,
            "avg": 0.028060402696576923,
            "min": 0.001613,
            "med": 0.004128,
            "max": 115.891537
        },
        "data_received": {
            "count": 1184633624,
            "rate": 7620202.643056327
        },
        "pushpulls": {
            "count": 41905,
            "rate": 269.5555699989783
        },
        "transaction_success_rate": {
            "passes": 8381,
            "fails": 0,
            "thresholds": {
                "rate>0.99": false
            },
            "value": 1
        },
        "vus_max": {
            "value": 500,
            "min": 500,
            "max": 500
        },
        "transaction_time": {
            "avg": 6448.739410571531,
            "min": 6014,
            "med": 6408,
            "max": 8065,
            "p(90)": 6963,
            "p(95)": 7134,
            "thresholds": {
                "p(95)<30000": false
            }
        },
        "http_reqs": {
            "count": 67048,
            "rate": 431.2889119983653
        },
        "http_req_tls_handshaking": {
            "avg": 0,
            "min": 0,
            "med": 0,
            "max": 0,
            "p(90)": 0,
            "p(95)": 0
        },
        "http_req_sending": {
            "avg": 0.4643852128027716,
            "min": 0.011261,
            "med": 0.023764,
            "max": 434.361689,
            "p(90)": 0.07127600000000003,
            "p(95)": 0.19773034999999953
        },
        "group_duration": {
            "min": 6014.480637,
            "med": 6407.859141,
            "max": 8064.748095,
            "p(90)": 6963.499655,
            "p(95)": 7134.614257,
            "avg": 6448.735530140322
        },
        "active_clients_success_rate": {
            "passes": 8381,
            "fails": 0,
            "value": 1
        },
        "data_sent": {
            "count": 63082465,
            "rate": 405780.45125917194
        },
        "active_clients": {
            "count": 8381,
            "rate": 53.91111399979566
        },
        "http_req_connecting": {
            "avg": 0.015712997703138054,
            "min": 0,
            "med": 0,
            "max": 115.72181,
            "p(90)": 0,
            "p(95)": 0
        },
        "active_clients_time": {
            "min": 0,
            "med": 4,
            "max": 418,
            "p(90)": 67,
            "p(95)": 100,
            "avg": 21.82281350674144,
            "thresholds": {
                "p(95)<500": false
            }
        },
        "http_req_failed": {
            "passes": 0,
            "fails": 67048,
            "value": 0
        },
        "http_req_duration": {
            "med": 8.333866,
            "max": 688.354843,
            "p(90)": 120.51638920000002,
            "p(95)": 192.00289299999997,
            "avg": 40.77284060647616,
            "min": 0.192719,
            "thresholds": {
                "p(95)<10000": false
            }
        },
        "iteration_duration": {
            "avg": 6448.801038996777,
            "min": 6014.502187,
            "med": 6408.210379,
            "max": 8064.768463,
            "p(90)": 6963.517598,
            "p(95)": 7134.64219
        },
        "attach_documents_time": {
            "p(90)": 303,
            "p(95)": 391,
            "avg": 92.79799546593485,
            "min": 3,
            "med": 21,
            "max": 689,
            "thresholds": {
                "p(95)<10000": false
            }
        },
        "vus": {
            "value": 1,
            "min": 1,
            "max": 500
        },
        "http_req_duration{expected_response:true}": {
            "max": 688.354843,
            "p(90)": 120.51638920000002,
            "p(95)": 192.00289299999997,
            "avg": 40.77284060647616,
            "min": 0.192719,
            "med": 8.333866
        },
        "pushpulls_success_rate": {
            "fails": 0,
            "passes": 41905,
            "value": 1
        }
    },
    "root_group": {
        "name": "",
        "path": "",
        "id": "d41d8cd98f00b204e9800998ecf8427e",
        "groups": {
            "Presence": {
                "checks": {
                    "status is 200": {
                        "name": "status is 200",
                        "path": "::Presence::status is 200",
                        "id": "2bdfe827d978801584a6dde561f63b7d",
                        "passes": 67048,
                        "fails": 0
                    },
                    "response has valid body": {
                        "name": "response has valid body",
                        "path": "::Presence::response has valid body",
                        "id": "2cb1a85a5851b9e28736f532526a5909",
                        "passes": 67048,
                        "fails": 0
                    }
                },
                "name": "Presence",
                "path": "::Presence",
                "id": "63ab1748852475484c3afb7dae46dbde",
                "groups": {}
            }
        },
        "checks": {}
    }
}