{
    "metrics": {
        "http_reqs": {
            "count": 63472,
            "rate": 409.63097751290064
        },
        "http_req_blocked": {
            "p(95)": 0.008035,
            "avg": 0.029628749621881556,
            "min": 0.001623,
            "med": 0.004218,
            "max": 94.633276,
            "p(90)": 0.005851
        },
        "data_received": {
            "count": 1086302712,
            "rate": 7010701.43987073
        },
        "attach_documents": {
            "count": 7934,
            "rate": 51.20387218911258
        },
        "attach_documents_success_rate": {
            "passes": 7934,
            "fails": 0,
            "value": 1
        },
        "data_sent": {
            "count": 59716246,
            "rate": 385392.3654899931
        },
        "http_req_connecting": {
            "avg": 0.017366539387446426,
            "min": 0,
            "med": 0,
            "max": 94.552094,
            "p(90)": 0,
            "p(95)": 0
        },
        "group_duration": {
            "avg": 6815.164942894901,
            "min": 6022.846402,
            "med": 6848.1754975,
            "max": 9081.708031,
            "p(90)": 7566.1060041,
            "p(95)": 7774.038537399999
        },
        "attach_documents_time": {
            "max": 1033,
            "p(90)": 409,
            "p(95)": 517.3499999999995,
            "avg": 154.14280312578774,
            "min": 3,
            "med": 97,
            "thresholds": {
                "p(95)<10000": false
            }
        },
        "http_req_failed": {
            "passes": 0,
            "fails": 63472,
            "value": 0
        },
        "active_clients_success_rate": {
            "fails": 0,
            "passes": 7934,
            "value": 1
        },
        "transaction_success_rate": {
            "passes": 7934,
            "fails": 0,
            "thresholds": {
                "rate>0.99": false
            },
            "value": 1
        },
        "active_clients": {
            "count": 7934,
            "rate": 51.20387218911258
        },
        "active_clients_time": {
            "p(95)": 93,
            "avg": 20.57020418452231,
            "min": 1,
            "med": 6,
            "max": 435,
            "p(90)": 60,
            "thresholds": {
                "p(95)<500": false
            }
        },
        "http_req_waiting": {
            "p(90)": 214.7540706000001,
            "p(95)": 329.1677000999995,
            "avg": 79.56558786025452,
            "min": 0.932326,
            "med": 28.2142895,
            "max": 920.533916
        },
        "http_req_receiving": {
            "avg": 3.33224781404401,
            "min": 0.013575,
            "med": 0.053821,
            "max": 505.900885,
            "p(90)": 0.3144919000000002,
            "p(95)": 1.4482442499999977
        },
        "pushpulls_time": {
            "p(90)": 198,
            "p(95)": 274,
            "avg": 76.3540458784976,
            "min": 2,
            "med": 37,
            "max": 952,
            "thresholds": {
                "p(95)<1000": false
            }
        },
        "http_req_duration{expected_response:true}": {
            "avg": 83.41786481398138,
            "min": 0.979825,
            "med": 29.028852999999998,
            "max": 1088.962859,
            "p(90)": 230.70412470000002,
            "p(95)": 347.6341683499998
        },
        "http_req_duration": {
            "p(90)": 230.70412470000002,
            "p(95)": 347.6341683499998,
            "avg": 83.41786481398138,
            "min": 0.979825,
            "med": 29.028852999999998,
            "max": 1088.962859,
            "thresholds": {
                "p(95)<10000": false
            }
        },
        "vus": {
            "max": 500,
            "value": 3,
            "min": 3
        },
        "http_req_sending": {
            "avg": 0.5200291396836323,
            "min": 0.01082,
            "med": 0.022792,
            "max": 426.806036,
            "p(90)": 0.08268340000000012,
            "p(95)": 0.2289724499999996
        },
        "deactivate_clients": {
            "count": 7934,
            "rate": 51.20387218911258
        },
        "iterations": {
            "count": 7934,
            "rate": 51.20387218911258
        },
        "deactivate_clients_success_rate": {
            "passes": 7934,
            "fails": 0,
            "value": 1
        },
        "pushpulls_success_rate": {
            "passes": 39670,
            "fails": 0,
            "value": 1
        },
        "pushpulls": {
            "count": 39670,
            "rate": 256.0193609455629
        },
        "transaction_time": {
            "avg": 6815.235820519284,
            "min": 6023,
            "med": 6848,
            "max": 9082,
            "p(90)": 7566.7,
            "p(95)": 7774.349999999999,
            "thresholds": {
                "p(95)<30000": false
            }
        },
        "checks": {
            "passes": 126944,
            "fails": 0,
            "value": 1
        },
        "deactivate_clients_time": {
            "avg": 181.57701033526595,
            "min": 4,
            "med": 109,
            "max": 1089,
            "p(90)": 495,
            "p(95)": 596.3499999999995,
            "thresholds": {
                "p(95)<10000": false
            }
        },
        "vus_max": {
            "max": 500,
            "value": 500,
            "min": 500
        },
        "http_req_tls_handshaking": {
            "avg": 0,
            "min": 0,
            "med": 0,
            "max": 0,
            "p(90)": 0,
            "p(95)": 0
        },
        "iteration_duration": {
            "p(90)": 7566.6344456,
            "p(95)": 7774.059892549999,
            "avg": 6815.293806359078,
            "min": 6022.86128,
            "med": 6848.230936,
            "max": 9081.752265
        }
    },
    "root_group": {
        "name": "",
        "path": "",
        "id": "d41d8cd98f00b204e9800998ecf8427e",
        "groups": {
            "Presence": {
                "groups": {},
                "checks": {
                        "status is 200": {
                            "name": "status is 200",
                            "path": "::Presence::status is 200",
                            "id": "2bdfe827d978801584a6dde561f63b7d",
                            "passes": 63472,
                            "fails": 0
                        },
                        "response has valid body": {
                            "name": "response has valid body",
                            "path": "::Presence::response has valid body",
                            "id": "2cb1a85a5851b9e28736f532526a5909",
                            "passes": 63472,
                            "fails": 0
                        }
                    },
                "name": "Presence",
                "path": "::Presence",
                "id": "63ab1748852475484c3afb7dae46dbde"
            }
        },
        "checks": {}
    }
}