{
    "root_group": {
        "groups": {
            "Presence": {
                "groups": {},
                "checks": {
                        "status is 200": {
                            "id": "2bdfe827d978801584a6dde561f63b7d",
                            "passes": 65976,
                            "fails": 0,
                            "name": "status is 200",
                            "path": "::Presence::status is 200"
                        },
                        "response has valid body": {
                            "passes": 65976,
                            "fails": 0,
                            "name": "response has valid body",
                            "path": "::Presence::response has valid body",
                            "id": "2cb1a85a5851b9e28736f532526a5909"
                        }
                    },
                "name": "Presence",
                "path": "::Presence",
                "id": "63ab1748852475484c3afb7dae46dbde"
            }
        },
        "checks": {},
        "name": "",
        "path": "",
        "id": "d41d8cd98f00b204e9800998ecf8427e"
    },
    "metrics": {
        "http_req_waiting": {
            "avg": 48.02719245856056,
            "min": 0.141055,
            "med": 9.622876999999999,
            "max": 829.91574,
            "p(90)": 140.8724445,
            "p(95)": 216.8847005
        },
        "http_req_receiving": {
            "avg": 3.487549097292939,
            "min": 0.014848,
            "med": 0.056416,
            "max": 475.88643,
            "p(90)": 0.3119845,
            "p(95)": 1.64387475
        },
        "iterations": {
            "count": 8247,
            "rate": 53.039284108536776
        },
        "http_req_tls_handshaking": {
            "avg": 0,
            "min": 0,
            "med": 0,
            "max": 0,
            "p(90)": 0,
            "p(95)": 0
        },
        "active_clients": {
            "count": 8247,
            "rate": 53.039284108536776
        },
        "transaction_time": {
            "p(90)": 7186,
            "p(95)": 7355.4,
            "avg": 6556.395659027525,
            "min": 6013,
            "med": 6507,
            "max": 8519,
            "thresholds": {
                "p(95)<30000": false
            }
        },
        "pushpulls_success_rate": {
            "passes": 41235,
            "fails": 0,
            "value": 1
        },
        "iteration_duration": {
            "max": 8519.276296,
            "p(90)": 7185.7400626,
            "p(95)": 7355.3579705,
            "avg": 6556.452324765975,
            "min": 6013.329595,
            "med": 6507.032187
        },
        "deactivate_clients_success_rate": {
            "passes": 8247,
            "fails": 0,
            "value": 1
        },
        "http_req_sending": {
            "avg": 0.601862967078933,
            "min": 0.010981,
            "med": 0.022292,
            "max": 359.800373,
            "p(90)": 0.074401,
            "p(95)": 0.20392325
        },
        "deactivate_clients": {
            "count": 8247,
            "rate": 53.039284108536776
        },
        "data_sent": {
            "count": 62073725,
            "rate": 399217.40462594666
        },
        "pushpulls_time": {
            "p(95)": 256,
            "avg": 59.33030192797381,
            "min": 1,
            "med": 18,
            "max": 805,
            "p(90)": 171,
            "thresholds": {
                "p(95)<1000": false
            }
        },
        "transaction_success_rate": {
            "passes": 8247,
            "fails": 0,
            "thresholds": {
                "rate>0.99": false
            },
            "value": 1
        },
        "active_clients_time": {
            "max": 436,
            "p(90)": 79,
            "p(95)": 118,
            "avg": 26.145871225900326,
            "min": 0,
            "med": 5,
            "thresholds": {
                "p(95)<500": false
            }
        },
        "http_req_blocked": {
            "p(95)": 0.00765725,
            "avg": 0.03293247818904033,
            "min": 0.001663,
            "med": 0.004219,
            "max": 153.33462,
            "p(90)": 0.005931
        },
        "checks": {
            "passes": 131952,
            "fails": 0,
            "value": 1
        },
        "deactivate_clients_time": {
            "max": 645,
            "p(90)": 80,
            "p(95)": 141,
            "avg": 26.652843458227235,
            "min": 0,
            "med": 3,
            "thresholds": {
                "p(95)<10000": false
            }
        },
        "attach_documents": {
            "count": 8247,
            "rate": 53.039284108536776
        },
        "pushpulls": {
            "count": 41235,
            "rate": 265.1964205426839
        },
        "vus": {
            "value": 2,
            "min": 2,
            "max": 500
        },
        "attach_documents_success_rate": {
            "passes": 8247,
            "fails": 0,
            "value": 1
        },
        "group_duration": {
            "max": 8519.256428,
            "p(90)": 7185.6644472,
            "p(95)": 7355.0585702,
            "avg": 6556.38899712489,
            "min": 6013.303296,
            "med": 6507.010165
        },
        "vus_max": {
            "value": 500,
            "min": 500,
            "max": 500
        },
        "active_clients_success_rate": {
            "passes": 8247,
            "fails": 0,
            "value": 1
        },
        "http_req_duration": {
            "avg": 52.11660452293255,
            "min": 0.201117,
            "med": 10.040537,
            "max": 986.799547,
            "p(90)": 154.4041555,
            "p(95)": 245.72720925,
            "thresholds": {
                "p(95)<10000": false
            }
        },
        "data_received": {
            "count": 1154676808,
            "rate": 7426122.380629365
        },
        "http_reqs": {
            "rate": 424.3142728682942,
            "count": 65976
        },
        "http_req_duration{expected_response:true}": {
            "p(90)": 154.4041555,
            "p(95)": 245.72720925,
            "avg": 52.11660452293255,
            "min": 0.201117,
            "med": 10.040537,
            "max": 986.799547
        },
        "http_req_failed": {
            "fails": 65976,
            "passes": 0,
            "value": 0
        },
        "attach_documents_time": {
            "avg": 129.89135443191464,
            "min": 3,
            "med": 29,
            "max": 987,
            "p(90)": 401,
            "p(95)": 501,
            "thresholds": {
                "p(95)<10000": false
            }
        },
        "http_req_connecting": {
            "med": 0,
            "max": 153.252736,
            "p(90)": 0,
            "p(95)": 0,
            "avg": 0.019362518476415663,
            "min": 0
        }
    }
}