{
    "root_group": {
        "path": "",
        "id": "d41d8cd98f00b204e9800998ecf8427e",
        "groups": {
            "Presence": {
                "groups": {},
                "checks": {
                        "status is 200": {
                            "fails": 0,
                            "name": "status is 200",
                            "path": "::Presence::status is 200",
                            "id": "2bdfe827d978801584a6dde561f63b7d",
                            "passes": 63200
                        },
                        "response has valid body": {
                            "name": "response has valid body",
                            "path": "::Presence::response has valid body",
                            "id": "2cb1a85a5851b9e28736f532526a5909",
                            "passes": 63200,
                            "fails": 0
                        }
                    },
                "name": "Presence",
                "path": "::Presence",
                "id": "63ab1748852475484c3afb7dae46dbde"
            }
        },
        "checks": {},
        "name": ""
    },
    "metrics": {
        "active_clients_success_rate": {
            "passes": 7900,
            "fails": 0,
            "value": 1
        },
        "http_req_sending": {
            "avg": 0.5935728259019066,
            "min": 0.01071,
            "med": 0.022922,
            "max": 526.875591,
            "p(90)": 0.079067,
            "p(95)": 0.2557820499999995
        },
        "pushpulls": {
            "count": 39500,
            "rate": 255.74099806579352
        },
        "transaction_time": {
            "med": 6922,
            "max": 8814,
            "p(90)": 7612,
            "p(95)": 7825.149999999998,
            "avg": 6842.6,
            "min": 6019,
            "thresholds": {
                "p(95)<30000": false
            }
        },
        "group_duration": {
            "avg": 6842.473815187713,
            "min": 6019.209431,
            "med": 6921.6410555,
            "max": 8813.36756,
            "p(90)": 7611.8435108,
            "p(95)": 7824.962141899998
        },
        "iteration_duration": {
            "min": 6019.256158,
            "med": 6921.724491,
            "max": 8813.392256,
            "p(90)": 7611.8707441999995,
            "p(95)": 7824.9808746499975,
            "avg": 6842.653133067358
        },
        "http_req_waiting": {
            "avg": 81.98934554895561,
            "min": 0.146232,
            "med": 23.421718,
            "max": 1173.579588,
            "p(90)": 228.90674119999994,
            "p(95)": 349.9131693499997
        },
        "deactivate_clients": {
            "count": 7900,
            "rate": 51.1481996131587
        },
        "vus": {
            "value": 6,
            "min": 6,
            "max": 500
        },
        "attach_documents_time": {
            "med": 224,
            "max": 1213,
            "p(90)": 669,
            "p(95)": 808.0499999999993,
            "avg": 279.9279746835443,
            "min": 3,
            "thresholds": {
                "p(95)<10000": false
            }
        },
        "transaction_success_rate": {
            "passes": 7900,
            "fails": 0,
            "thresholds": {
                "rate>0.99": false
            },
            "value": 1
        },
        "http_req_connecting": {
            "avg": 0.03122248492088607,
            "min": 0,
            "med": 0,
            "max": 237.282085,
            "p(90)": 0,
            "p(95)": 0
        },
        "data_received": {
            "count": 1087724667,
            "rate": 7042425.112895263
        },
        "pushpulls_time": {
            "max": 896,
            "p(90)": 234,
            "p(95)": 299,
            "avg": 85.27977215189874,
            "min": 1,
            "med": 38,
            "thresholds": {
                "p(95)<1000": false
            }
        },
        "pushpulls_success_rate": {
            "passes": 39500,
            "fails": 0,
            "value": 1
        },
        "http_req_tls_handshaking": {
            "avg": 0,
            "min": 0,
            "med": 0,
            "max": 0,
            "p(90)": 0,
            "p(95)": 0
        },
        "http_req_duration": {
            "avg": 86.29043780463712,
            "min": 0.198633,
            "med": 24.2794675,
            "max": 1211.998271,
            "p(90)": 243.96995919999998,
            "p(95)": 376.80801659999923,
            "thresholds": {
                "p(95)<10000": false
            }
        },
        "data_sent": {
            "count": 59460548,
            "rate": 384974.6807863044
        },
        "iterations": {
            "count": 7900,
            "rate": 51.1481996131587
        },
        "http_req_duration{expected_response:true}": {
            "p(90)": 243.96995919999998,
            "p(95)": 376.80801659999923,
            "avg": 86.29043780463712,
            "min": 0.198633,
            "med": 24.2794675,
            "max": 1211.998271
        },
        "http_req_receiving": {
            "med": 0.0558685,
            "max": 526.947545,
            "p(90)": 0.3661250999999999,
            "p(95)": 2.008475549999986,
            "avg": 3.7075194297784786,
            "min": 0.014207
        },
        "http_req_failed": {
            "fails": 63200,
            "passes": 0,
            "value": 0
        },
        "http_req_blocked": {
            "min": 0.001413,
            "med": 0.004438,
            "max": 237.497335,
            "p(90)": 0.006292,
            "p(95)": 0.008465,
            "avg": 0.04640482583860971
        },
        "active_clients_time": {
            "p(90)": 92,
            "p(95)": 130,
            "avg": 33.60481012658228,
            "min": 1,
            "med": 12,
            "max": 483,
            "thresholds": {
                "p(95)<500": false
            }
        },
        "attach_documents": {
            "rate": 51.1481996131587,
            "count": 7900
        },
        "active_clients": {
            "rate": 51.1481996131587,
            "count": 7900
        },
        "vus_max": {
            "max": 500,
            "value": 500,
            "min": 500
        },
        "deactivate_clients_success_rate": {
            "passes": 7900,
            "fails": 0,
            "value": 1
        },
        "deactivate_clients_time": {
            "p(95)": 123,
            "avg": 27.48392405063291,
            "min": 0,
            "med": 5,
            "max": 584,
            "p(90)": 75,
            "thresholds": {
                "p(95)<10000": false
            }
        },
        "attach_documents_success_rate": {
            "passes": 7900,
            "fails": 0,
            "value": 1
        },
        "http_reqs": {
            "count": 63200,
            "rate": 409.1855969052696
        },
        "checks": {
            "passes": 126400,
            "fails": 0,
            "value": 1
        }
    }
}