{
    "metrics": {
        "http_reqs": {
            "count": 69520,
            "rate": 447.5236085976839
        },
        "attach_documents_success_rate": {
            "passes": 8690,
            "fails": 0,
            "value": 1
        },
        "pushpulls_time": {
            "p(90)": 66,
            "p(95)": 102,
            "avg": 24.660023014959723,
            "min": 1,
            "med": 9,
            "max": 536,
            "thresholds": {
                "p(95)<1000": false
            }
        },
        "vus": {
            "max": 500,
            "value": 4,
            "min": 4
        },
        "deactivate_clients_success_rate": {
            "passes": 8690,
            "fails": 0,
            "value": 1
        },
        "http_req_duration{expected_response:true}": {
            "max": 631.533753,
            "p(90)": 55.7354345,
            "p(95)": 92.31061735000003,
            "avg": 19.794800165362396,
            "min": 0.176019,
            "med": 4.910545
        },
        "active_clients_success_rate": {
            "passes": 8690,
            "fails": 0,
            "value": 1
        },
        "attach_documents_time": {
            "avg": 40.33993095512083,
            "min": 3,
            "med": 13,
            "max": 632,
            "p(90)": 113,
            "p(95)": 170.54999999999927,
            "thresholds": {
                "p(95)<10000": false
            }
        },
        "group_duration": {
            "avg": 6216.350991488732,
            "min": 6013.983643,
            "med": 6185.6737505,
            "max": 7452.684991,
            "p(90)": 6478.091916699999,
            "p(95)": 6572.1015716
        },
        "pushpulls": {
            "rate": 279.7022553735524,
            "count": 43450
        },
        "http_req_duration": {
            "p(90)": 55.7354345,
            "p(95)": 92.31061735000003,
            "avg": 19.794800165362396,
            "min": 0.176019,
            "med": 4.910545,
            "max": 631.533753,
            "thresholds": {
                "p(95)<10000": false
            }
        },
        "deactivate_clients": {
            "count": 8690,
            "rate": 55.94045107471049
        },
        "iterations": {
            "count": 8690,
            "rate": 55.94045107471049
        },
        "http_req_blocked": {
            "p(90)": 0.005669,
            "p(95)": 0.007171,
            "avg": 0.013451917476986413,
            "min": 0.001212,
            "med": 0.003906,
            "max": 43.368828
        },
        "active_clients": {
            "count": 8690,
            "rate": 55.94045107471049
        },
        "http_req_waiting": {
            "max": 575.427555,
            "p(90)": 54.157925399999996,
            "p(95)": 88.77795245000003,
            "avg": 19.045993344116788,
            "min": 0.133665,
            "med": 4.6955665
        },
        "http_req_receiving": {
            "min": 0.0133,
            "med": 0.05295,
            "max": 281.766201,
            "p(90)": 0.171648,
            "p(95)": 0.4464405,
            "avg": 0.5756893672755989
        },
        "vus_max": {
            "value": 500,
            "min": 500,
            "max": 500
        },
        "deactivate_clients_time": {
            "avg": 9.488952819332566,
            "min": 0,
            "med": 1,
            "max": 371,
            "p(90)": 27,
            "p(95)": 48,
            "thresholds": {
                "p(95)<10000": false
            }
        },
        "http_req_failed": {
            "passes": 0,
            "fails": 69520,
            "value": 0
        },
        "http_req_connecting": {
            "p(95)": 0,
            "avg": 0.005694747252589183,
            "min": 0,
            "med": 0,
            "max": 43.320025,
            "p(90)": 0
        },
        "attach_documents": {
            "count": 8690,
            "rate": 55.94045107471049
        },
        "transaction_time": {
            "min": 6014,
            "med": 6186,
            "max": 7453,
            "p(90)": 6478,
            "p(95)": 6572,
            "avg": 6216.3657077100115,
            "thresholds": {
                "p(95)<30000": false
            }
        },
        "data_received": {
            "count": 1284027520,
            "rate": 8265716.761926564
        },
        "iteration_duration": {
            "med": 6185.691596500001,
            "max": 7452.708437,
            "p(90)": 6478.3517814,
            "p(95)": 6572.1172586,
            "avg": 6216.4109476195645,
            "min": 6014.005837
        },
        "http_req_tls_handshaking": {
            "avg": 0,
            "min": 0,
            "med": 0,
            "max": 0,
            "p(90)": 0,
            "p(95)": 0
        },
        "checks": {
            "passes": 139040,
            "fails": 0,
            "value": 1
        },
        "pushpulls_success_rate": {
            "passes": 43450,
            "fails": 0,
            "value": 1
        },
        "transaction_success_rate": {
            "fails": 0,
            "passes": 8690,
            "thresholds": {
                "rate>0.99": false
            },
            "value": 1
        },
        "http_req_sending": {
            "max": 320.504541,
            "p(90)": 0.045679999999999985,
            "p(95)": 0.13030000000000022,
            "avg": 0.17311745397008022,
            "min": 0.008333,
            "med": 0.020471
        },
        "data_sent": {
            "rate": 421062.10796928505,
            "count": 65409371
        },
        "active_clients_time": {
            "avg": 11.13590333716916,
            "min": 0,
            "med": 3,
            "max": 290,
            "p(90)": 31,
            "p(95)": 50,
            "thresholds": {
                "p(95)<500": false
            }
        }
    },
    "root_group": {
        "name": "",
        "path": "",
        "id": "d41d8cd98f00b204e9800998ecf8427e",
        "groups": {
            "Presence": {
                "name": "Presence",
                "path": "::Presence",
                "id": "63ab1748852475484c3afb7dae46dbde",
                "groups": {},
                "checks": {
                        "status is 200": {
                            "id": "2bdfe827d978801584a6dde561f63b7d",
                            "passes": 69520,
                            "fails": 0,
                            "name": "status is 200",
                            "path": "::Presence::status is 200"
                        },
                        "response has valid body": {
                            "passes": 69520,
                            "fails": 0,
                            "name": "response has valid body",
                            "path": "::Presence::response has valid body",
                            "id": "2cb1a85a5851b9e28736f532526a5909"
                        }
                    }
            }
        },
        "checks": {}
    }
}