{
    "root_group": {
        "name": "",
        "path": "",
        "id": "d41d8cd98f00b204e9800998ecf8427e",
        "groups": {
            "Attachment": {
                "id": "8e39eb0cb12fb749ba9ccd15af52cbad",
                "groups": {},
                "checks": {
                        "status is 200": {
                            "fails": 0,
                            "name": "status is 200",
                            "path": "::Attachment::status is 200",
                            "id": "db3dc3f9e26c1649b08cc5a49159f747",
                            "passes": 66365
                        },
                        "response has valid body": {
                            "path": "::Attachment::response has valid body",
                            "id": "ae60d91cf191d752075b277bc603091f",
                            "passes": 66365,
                            "fails": 0,
                            "name": "response has valid body"
                        }
                    },
                "name": "Attachment",
                "path": "::Attachment"
            }
        },
        "checks": {}
    },
    "metrics": {
        "data_received": {
            "count": 942612228,
            "rate": 6142834.5852660015
        },
        "vus_max": {
            "value": 500,
            "min": 500,
            "max": 500
        },
        "transaction_time": {
            "med": 5555,
            "max": 9144,
            "p(90)": 7235.700000000001,
            "p(95)": 7731.700000000001,
            "avg": 5569.9991696076395,
            "min": 3017
        },
        "attach_documents": {
            "count": 9634,
            "rate": 62.78304761653554
        },
        "http_req_tls_handshaking": {
            "p(95)": 0,
            "avg": 0,
            "min": 0,
            "med": 0,
            "max": 0,
            "p(90)": 0
        },
        "control_doc_latency": {
            "max": 0,
            "p(90)": 0,
            "p(95)": 0,
            "avg": 0,
            "min": 0,
            "med": 0,
            "thresholds": {
                "p(95)<500": false
            }
        },
        "http_req_receiving": {
            "max": 181.909692,
            "p(90)": 0.28262459999999984,
            "p(95)": 0.6759097999999998,
            "avg": 0.353299393279589,
            "min": 0.014768,
            "med": 0.049515
        },
        "checks": {
            "passes": 132730,
            "fails": 0,
            "value": 1
        },
        "http_req_duration": {
            "avg": 235.8396475839079,
            "min": 0.974406,
            "med": 25.102272,
            "max": 1589.091112,
            "p(90)": 1073.9111070000001,
            "p(95)": 1206.0555728,
            "thresholds": {
                "p(95)<10000": false
            }
        },
        "http_req_waiting": {
            "avg": 235.31285961437624,
            "min": 0.92019,
            "med": 24.63071,
            "max": 1589.051178,
            "p(90)": 1073.405613,
            "p(95)": 1205.6897656
        },
        "pushpulls": {
            "count": 37463,
            "rate": 244.13964218998038
        },
        "iteration_duration": {
            "avg": 5570.032019225027,
            "min": 3017.464016,
            "med": 5555.0826825,
            "max": 9143.729775,
            "p(90)": 7236.0244284,
            "p(95)": 7731.804646900001
        },
        "transaction_success_rate": {
            "passes": 9634,
            "fails": 0,
            "thresholds": {
                "rate>0.99": false
            },
            "value": 1
        },
        "http_reqs": {
            "count": 66365,
            "rate": 432.488785039587
        },
        "http_req_sending": {
            "avg": 0.17348857625254202,
            "min": 0.011011,
            "med": 0.02101,
            "max": 151.31473,
            "p(90)": 0.099606,
            "p(95)": 0.22116159999999951
        },
        "iterations": {
            "rate": 62.78304761653554,
            "count": 9634
        },
        "http_req_duration{expected_response:true}": {
            "p(90)": 1073.9111070000001,
            "p(95)": 1206.0555728,
            "avg": 235.8396475839079,
            "min": 0.974406,
            "med": 25.102272,
            "max": 1589.091112
        },
        "vus": {
            "value": 3,
            "min": 3,
            "max": 500
        },
        "group_duration": {
            "max": 9143.709808,
            "p(90)": 7236.0041324,
            "p(95)": 7731.566203400001,
            "avg": 5569.980851702514,
            "min": 3017.445923,
            "med": 5555.063176
        },
        "http_req_connecting": {
            "avg": 0.01227470513071649,
            "min": 0,
            "med": 0,
            "max": 48.063111,
            "p(90)": 0,
            "p(95)": 0
        },
        "http_req_blocked": {
            "p(95)": 0.007772199999999961,
            "avg": 0.023214542334063053,
            "min": 0.001583,
            "med": 0.004038,
            "max": 48.124245,
            "p(90)": 0.005491
        },
        "data_sent": {
            "rate": 405362.68309567595,
            "count": 62202525
        },
        "http_req_failed": {
            "passes": 0,
            "fails": 66365,
            "value": 0
        },
        "active_clients": {
            "count": 9634,
            "rate": 62.78304761653554
        }
    }
}