{
    "metrics": {
        "http_req_failed": {
            "passes": 0,
            "fails": 57792,
            "value": 0
        },
        "pushpulls": {
            "count": 32697,
            "rate": 212.35457215662584
        },
        "checks": {
            "fails": 0,
            "passes": 115584,
            "value": 1
        },
        "data_received": {
            "rate": 6250923.208247024,
            "count": 962477210
        },
        "http_req_tls_handshaking": {
            "max": 0,
            "p(90)": 0,
            "p(95)": 0,
            "avg": 0,
            "min": 0,
            "med": 0
        },
        "http_reqs": {
            "rate": 375.3370472543573,
            "count": 57792
        },
        "vus_max": {
            "value": 500,
            "min": 500,
            "max": 500
        },
        "transaction_time": {
            "min": 3020,
            "med": 6425,
            "max": 10940,
            "p(90)": 9236.2,
            "p(95)": 9646,
            "avg": 6434.606575014943
        },
        "iteration_duration": {
            "max": 10939.534516,
            "p(90)": 9236.042177000001,
            "p(95)": 9645.961642799999,
            "avg": 6434.646937922887,
            "min": 3019.925367,
            "med": 6425.398724
        },
        "iterations": {
            "count": 8365,
            "rate": 54.32749169924382
        },
        "group_duration": {
            "max": 10939.511482,
            "p(90)": 9236.00991,
            "p(95)": 9645.9332104,
            "avg": 6434.578737818294,
            "min": 3019.908365,
            "med": 6425.37538
        },
        "transaction_success_rate": {
            "passes": 8365,
            "fails": 0,
            "thresholds": {
                "rate>0.99": false
            },
            "value": 1
        },
        "control_doc_latency": {
            "max": 0,
            "p(90)": 0,
            "p(95)": 0,
            "avg": 0,
            "min": 0,
            "med": 0,
            "thresholds": {
                "p(95)<500": false
            }
        },
        "data_sent": {
            "rate": 351803.81965576275,
            "count": 54168504
        },
        "http_req_duration{expected_response:true}": {
            "p(95)": 843.7081913999999,
            "avg": 353.3311874100555,
            "min": 0.988988,
            "med": 351.3009275,
            "max": 1360.301214,
            "p(90)": 725.5376988
        },
        "http_req_receiving": {
            "avg": 0.6164599732315887,
            "min": 0.01575,
            "med": 0.0551385,
            "max": 503.929076,
            "p(90)": 0.33538,
            "p(95)": 1.103980199999993
        },
        "http_req_duration": {
            "med": 351.3009275,
            "max": 1360.301214,
            "p(90)": 725.5376988,
            "p(95)": 843.7081913999999,
            "avg": 353.3311874100555,
            "min": 0.988988,
            "thresholds": {
                "p(95)<10000": false
            }
        },
        "active_clients": {
            "count": 8365,
            "rate": 54.32749169924382
        },
        "attach_documents": {
            "count": 8365,
            "rate": 54.32749169924382
        },
        "vus": {
            "value": 1,
            "min": 1,
            "max": 500
        },
        "http_req_blocked": {
            "p(95)": 0.008647,
            "avg": 0.03331904599252579,
            "min": 0.001583,
            "med": 0.004378,
            "max": 76.383386,
            "p(90)": 0.006372
        },
        "http_req_connecting": {
            "med": 0,
            "max": 58.50205,
            "p(90)": 0,
            "p(95)": 0,
            "avg": 0.018659981969822815,
            "min": 0
        },
        "http_req_sending": {
            "avg": 0.29430679318937153,
            "min": 0.011371,
            "med": 0.0240755,
            "max": 634.567266,
            "p(90)": 0.15147290000000002,
            "p(95)": 0.2731924999999996
        },
        "http_req_waiting": {
            "avg": 352.4204206436381,
            "min": 0.93706,
            "med": 350.2008735,
            "max": 1360.065502,
            "p(90)": 723.713206,
            "p(95)": 842.5048760999999
        }
    },
    "root_group": {
        "checks": {},
        "name": "",
        "path": "",
        "id": "d41d8cd98f00b204e9800998ecf8427e",
        "groups": {
                "Attachment": {
                    "checks": {
                        "status is 200": {
                            "id": "db3dc3f9e26c1649b08cc5a49159f747",
                            "passes": 57792,
                            "fails": 0,
                            "name": "status is 200",
                            "path": "::Attachment::status is 200"
                        },
                        "response has valid body": {
                            "name": "response has valid body",
                            "path": "::Attachment::response has valid body",
                            "id": "ae60d91cf191d752075b277bc603091f",
                            "passes": 57792,
                            "fails": 0
                        }
                    },
                    "name": "Attachment",
                    "path": "::Attachment",
                    "id": "8e39eb0cb12fb749ba9ccd15af52cbad",
                    "groups": {}
                }
            }
    }
}