{
    "metrics": {
        "http_req_duration": {
            "avg": 35.46668324036406,
            "min": 0.171528,
            "med": 6.2829654999999995,
            "max": 719.111717,
            "p(90)": 106.9613576000002,
            "p(95)": 164.03864754999995,
            "thresholds": {
                "p(95)<10000": false
            }
        },
        "http_reqs": {
            "count": 67664,
            "rate": 438.5529554508999
        },
        "http_req_receiving": {
            "p(90)": 0.20252360000000025,
            "p(95)": 0.6188098999999999,
            "avg": 1.8819792379699698,
            "min": 0.011658,
            "med": 0.050489,
            "max": 345.631191
        },
        "transaction_success_rate": {
            "passes": 8458,
            "fails": 0,
            "thresholds": {
                "rate>0.99": false
            },
            "value": 1
        },
        "http_req_sending": {
            "p(90)": 0.049954700000000046,
            "p(95)": 0.17235839999999994,
            "avg": 0.41589585615689695,
            "min": 0.008168,
            "med": 0.021939,
            "max": 270.944374
        },
        "http_req_blocked": {
            "p(95)": 0.0074626999999999975,
            "avg": 0.029141515370064378,
            "min": 0.001399,
            "med": 0.003672,
            "max": 126.519841,
            "p(90)": 0.005399
        },
        "data_sent": {
            "count": 63662467,
            "rate": 412617.6852409758
        },
        "active_clients": {
            "count": 8458,
            "rate": 54.81911943136249
        },
        "pushpulls": {
            "rate": 274.09559715681246,
            "count": 42290
        },
        "vus_max": {
            "value": 500,
            "min": 500,
            "max": 500
        },
        "http_req_tls_handshaking": {
            "p(95)": 0,
            "avg": 0,
            "min": 0,
            "med": 0,
            "max": 0,
            "p(90)": 0
        },
        "active_clients_success_rate": {
            "passes": 8458,
            "fails": 0,
            "value": 1
        },
        "attach_documents_success_rate": {
            "passes": 8458,
            "fails": 0,
            "value": 1
        },
        "pushpulls_time": {
            "max": 672,
            "p(90)": 115,
            "p(95)": 165,
            "avg": 39.62951052258217,
            "min": 1,
            "med": 12,
            "thresholds": {
                "p(95)<1000": false
            }
        },
        "vus": {
            "value": 4,
            "min": 4,
            "max": 500
        },
        "pushpulls_success_rate": {
            "passes": 42290,
            "fails": 0,
            "value": 1
        },
        "http_req_duration{expected_response:true}": {
            "med": 6.2829654999999995,
            "max": 719.111717,
            "p(90)": 106.9613576000002,
            "p(95)": 164.03864754999995,
            "avg": 35.46668324036406,
            "min": 0.171528
        },
        "iteration_duration": {
            "min": 6014.162459,
            "med": 6350.2893615,
            "max": 8274.470081,
            "p(90)": 6838.5504368,
            "p(95)": 6983.3892967500005,
            "avg": 6391.055300962531
        },
        "attach_documents": {
            "count": 8458,
            "rate": 54.81911943136249
        },
        "http_req_waiting": {
            "p(95)": 150.90199255,
            "avg": 33.168808146237396,
            "min": 0.122546,
            "med": 6.034738,
            "max": 621.133243,
            "p(90)": 99.04887320000002
        },
        "iterations": {
            "rate": 54.81911943136249,
            "count": 8458
        },
        "deactivate_clients": {
            "count": 8458,
            "rate": 54.81911943136249
        },
        "deactivate_clients_success_rate": {
            "passes": 8458,
            "fails": 0,
            "value": 1
        },
        "data_received": {
            "count": 1198268905,
            "rate": 7766380.493507088
        },
        "transaction_time": {
            "med": 6350,
            "max": 8274,
            "p(90)": 6838.3,
            "p(95)": 6983.15,
            "avg": 6391.022582170726,
            "min": 6014,
            "thresholds": {
                "p(95)<30000": false
            }
        },
        "http_req_connecting": {
            "min": 0,
            "med": 0,
            "max": 126.458472,
            "p(90)": 0,
            "p(95)": 0,
            "avg": 0.013839766641049894
        },
        "deactivate_clients_time": {
            "p(90)": 65,
            "p(95)": 107,
            "avg": 20.657602270040197,
            "min": 0,
            "med": 2,
            "max": 383,
            "thresholds": {
                "p(95)<10000": false
            }
        },
        "checks": {
            "passes": 135328,
            "fails": 0,
            "value": 1
        },
        "attach_documents_time": {
            "min": 3,
            "med": 16,
            "max": 721,
            "p(90)": 271,
            "p(95)": 358,
            "avg": 80.70217545519036,
            "thresholds": {
                "p(95)<10000": false
            }
        },
        "group_duration": {
            "min": 6014.144193,
            "med": 6350.2600505,
            "max": 8274.444965,
            "p(90)": 6838.4679367,
            "p(95)": 6983.3705983,
            "avg": 6390.974872622
        },
        "http_req_failed": {
            "passes": 0,
            "fails": 67664,
            "value": 0
        },
        "active_clients_time": {
            "avg": 21.01241428233625,
            "min": 0,
            "med": 3,
            "max": 363,
            "p(90)": 67,
            "p(95)": 96,
            "thresholds": {
                "p(95)<500": false
            }
        }
    },
    "root_group": {
        "name": "",
        "path": "",
        "id": "d41d8cd98f00b204e9800998ecf8427e",
        "groups": {
            "Presence": {
                "name": "Presence",
                "path": "::Presence",
                "id": "63ab1748852475484c3afb7dae46dbde",
                "groups": {},
                "checks": {
                        "status is 200": {
                            "path": "::Presence::status is 200",
                            "id": "2bdfe827d978801584a6dde561f63b7d",
                            "passes": 67664,
                            "fails": 0,
                            "name": "status is 200"
                        },
                        "response has valid body": {
                            "fails": 0,
                            "name": "response has valid body",
                            "path": "::Presence::response has valid body",
                            "id": "2cb1a85a5851b9e28736f532526a5909",
                            "passes": 67664
                        }
                    }
            }
        },
        "checks": {}
    }
}