{
    "metrics": {
        "http_req_duration": {
            "p(90)": 104.8782704,
            "p(95)": 158.75092755,
            "avg": 34.61497884440201,
            "min": 0.195586,
            "med": 6.57108,
            "max": 687.045393,
            "thresholds": {
                "p(95)<10000": false
            }
        },
        "attach_documents_time": {
            "med": 16,
            "max": 688,
            "p(90)": 243,
            "p(95)": 320,
            "avg": 73.23865110246433,
            "min": 3,
            "thresholds": {
                "p(95)<10000": false
            }
        },
        "pushpulls_success_rate": {
            "passes": 42405,
            "fails": 0,
            "value": 1
        },
        "transaction_success_rate": {
            "passes": 8481,
            "fails": 0,
            "thresholds": {
                "rate>0.99": false
            },
            "value": 1
        },
        "http_req_duration{expected_response:true}": {
            "avg": 34.61497884440201,
            "min": 0.195586,
            "med": 6.57108,
            "max": 687.045393,
            "p(90)": 104.8782704,
            "p(95)": 158.75092755
        },
        "http_req_tls_handshaking": {
            "avg": 0,
            "min": 0,
            "med": 0,
            "max": 0,
            "p(90)": 0,
            "p(95)": 0
        },
        "vus_max": {
            "min": 500,
            "max": 500,
            "value": 500
        },
        "attach_documents": {
            "count": 8481,
            "rate": 55.022723195375306
        },
        "data_sent": {
            "count": 63835699,
            "rate": 414150.92513386346
        },
        "http_req_receiving": {
            "p(95)": 0.6014981999999996,
            "avg": 1.6023099544717605,
            "min": 0.015569,
            "med": 0.054732,
            "max": 412.074727,
            "p(90)": 0.20393930000000016
        },
        "pushpulls": {
            "count": 42405,
            "rate": 275.11361597687653
        },
        "iteration_duration": {
            "max": 7728.393681,
            "p(90)": 6800.004991,
            "p(95)": 6939.842184,
            "avg": 6376.983991615005,
            "min": 6013.943702,
            "med": 6359.227256
        },
        "pushpulls_time": {
            "med": 13,
            "max": 738,
            "p(90)": 113,
            "p(95)": 162,
            "avg": 39.513335691545805,
            "min": 1,
            "thresholds": {
                "p(95)<1000": false
            }
        },
        "active_clients": {
            "count": 8481,
            "rate": 55.022723195375306
        },
        "deactivate_clients": {
            "count": 8481,
            "rate": 55.022723195375306
        },
        "http_req_sending": {
            "avg": 0.3688433647270378,
            "min": 0.01079,
            "med": 0.021601,
            "max": 272.414467,
            "p(90)": 0.0558033,
            "p(95)": 0.1704669999999993
        },
        "http_req_failed": {
            "passes": 0,
            "fails": 67848,
            "value": 0
        },
        "group_duration": {
            "med": 6359.206488,
            "max": 7728.375456,
            "p(90)": 6799.985434,
            "p(95)": 6939.521281,
            "avg": 6376.88452342484,
            "min": 6013.922391
        },
        "vus": {
            "value": 1,
            "min": 1,
            "max": 500
        },
        "data_received": {
            "count": 1235893858,
            "rate": 8018187.200518627
        },
        "iterations": {
            "count": 8481,
            "rate": 55.022723195375306
        },
        "http_req_connecting": {
            "avg": 0.010112753375191606,
            "min": 0,
            "med": 0,
            "max": 129.746514,
            "p(90)": 0,
            "p(95)": 0
        },
        "http_req_waiting": {
            "max": 686.330707,
            "p(90)": 99.6721777000001,
            "p(95)": 148.26245285000002,
            "avg": 32.643825525203624,
            "min": 0.148813,
            "med": 6.289289999999999
        },
        "transaction_time": {
            "min": 6014,
            "med": 6359,
            "max": 7728,
            "p(90)": 6800,
            "p(95)": 6939,
            "avg": 6376.924183468931,
            "thresholds": {
                "p(95)<30000": false
            }
        },
        "attach_documents_success_rate": {
            "passes": 8481,
            "fails": 0,
            "value": 1
        },
        "deactivate_clients_time": {
            "max": 519,
            "p(90)": 65,
            "p(95)": 103,
            "avg": 20.529182879377434,
            "min": 0,
            "med": 2,
            "thresholds": {
                "p(95)<10000": false
            }
        },
        "checks": {
            "passes": 135696,
            "fails": 0,
            "value": 1
        },
        "http_reqs": {
            "count": 67848,
            "rate": 440.18178556300245
        },
        "active_clients_success_rate": {
            "passes": 8481,
            "fails": 0,
            "value": 1
        },
        "deactivate_clients_success_rate": {
            "passes": 8481,
            "fails": 0,
            "value": 1
        },
        "http_req_blocked": {
            "min": 0.001382,
            "med": 0.003907,
            "max": 134.076791,
            "p(90)": 0.005621,
            "p(95)": 0.007724649999999994,
            "avg": 0.029544307658296045
        },
        "active_clients_time": {
            "med": 4,
            "max": 325,
            "p(90)": 72,
            "p(95)": 103,
            "avg": 21.687654757693668,
            "min": 0,
            "thresholds": {
                "p(95)<500": false
            }
        }
    },
    "root_group": {
        "id": "d41d8cd98f00b204e9800998ecf8427e",
        "groups": {
            "Presence": {
                "name": "Presence",
                "path": "::Presence",
                "id": "63ab1748852475484c3afb7dae46dbde",
                "groups": {},
                "checks": {
                        "status is 200": {
                            "name": "status is 200",
                            "path": "::Presence::status is 200",
                            "id": "2bdfe827d978801584a6dde561f63b7d",
                            "passes": 67848,
                            "fails": 0
                        },
                        "response has valid body": {
                            "passes": 67848,
                            "fails": 0,
                            "name": "response has valid body",
                            "path": "::Presence::response has valid body",
                            "id": "2cb1a85a5851b9e28736f532526a5909"
                        }
                    }
            }
        },
        "checks": {},
        "name": "",
        "path": ""
    }
}