{
    "metrics": {
        "vus_max": {
            "value": 500,
            "min": 500,
            "max": 500
        },
        "http_req_waiting": {
            "max": 736.728789,
            "p(90)": 109.39064619999999,
            "p(95)": 165.72621964999996,
            "avg": 37.013774927479,
            "min": 0.141039,
            "med": 7.632466
        },
        "attach_documents": {
            "count": 8370,
            "rate": 54.08348670385408
        },
        "active_clients_time": {
            "med": 4,
            "max": 494,
            "p(90)": 68,
            "p(95)": 99,
            "avg": 22.01027479091995,
            "min": 0,
            "thresholds": {
                "p(95)<500": false
            }
        },
        "active_clients_success_rate": {
            "fails": 0,
            "passes": 8370,
            "value": 1
        },
        "vus": {
            "value": 3,
            "min": 3,
            "max": 500
        },
        "deactivate_clients_success_rate": {
            "fails": 0,
            "passes": 8370,
            "value": 1
        },
        "iteration_duration": {
            "avg": 6455.081890921411,
            "min": 6014.256647,
            "med": 6420.2004365,
            "max": 8672.160963,
            "p(90)": 6959.4980866999995,
            "p(95)": 7145.69498125
        },
        "http_req_sending": {
            "min": 0.01046,
            "med": 0.022792,
            "max": 425.664684,
            "p(90)": 0.06446199999999998,
            "p(95)": 0.196105,
            "avg": 0.5207247585573552
        },
        "pushpulls_success_rate": {
            "passes": 41850,
            "fails": 0,
            "value": 1
        },
        "http_reqs": {
            "count": 66960,
            "rate": 432.6678936308326
        },
        "data_received": {
            "count": 1181777555,
            "rate": 7636158.982408087
        },
        "data_sent": {
            "count": 62999965,
            "rate": 407079.78129280434
        },
        "http_req_tls_handshaking": {
            "avg": 0,
            "min": 0,
            "med": 0,
            "max": 0,
            "p(90)": 0,
            "p(95)": 0
        },
        "http_req_duration{expected_response:true}": {
            "med": 7.9511835,
            "max": 865.851775,
            "p(90)": 122.21894359999999,
            "p(95)": 188.63608739999992,
            "avg": 40.68676312810613,
            "min": 0.195962
        },
        "http_req_blocked": {
            "avg": 0.03740933778375301,
            "min": 0.001723,
            "med": 0.004308,
            "max": 311.34489,
            "p(90)": 0.006081,
            "p(95)": 0.008275049999999996
        },
        "deactivate_clients": {
            "count": 8370,
            "rate": 54.08348670385408
        },
        "iterations": {
            "count": 8370,
            "rate": 54.08348670385408
        },
        "attach_documents_success_rate": {
            "passes": 8370,
            "fails": 0,
            "value": 1
        },
        "pushpulls": {
            "rate": 270.4174335192704,
            "count": 41850
        },
        "transaction_success_rate": {
            "passes": 8370,
            "fails": 0,
            "thresholds": {
                "rate>0.99": false
            },
            "value": 1
        },
        "http_req_receiving": {
            "max": 465.320395,
            "p(90)": 0.28430489999999975,
            "p(95)": 1.2673370499999994,
            "avg": 3.152263442069919,
            "min": 0.014908,
            "med": 0.0568055
        },
        "attach_documents_time": {
            "p(90)": 290,
            "p(95)": 374,
            "avg": 95.92867383512545,
            "min": 3,
            "med": 21,
            "max": 867,
            "thresholds": {
                "p(95)<10000": false
            }
        },
        "group_duration": {
            "max": 8672.136989,
            "p(90)": 6959.4781171,
            "p(95)": 7145.67570085,
            "avg": 6455.017364050792,
            "min": 6014.230118,
            "med": 6420.169905
        },
        "pushpulls_time": {
            "avg": 48.07651135005974,
            "min": 1,
            "med": 15,
            "max": 793,
            "p(90)": 139,
            "p(95)": 205,
            "thresholds": {
                "p(95)<1000": false
            }
        },
        "http_req_failed": {
            "passes": 0,
            "fails": 66960,
            "value": 0
        },
        "active_clients": {
            "count": 8370,
            "rate": 54.08348670385408
        },
        "checks": {
            "passes": 133920,
            "fails": 0,
            "value": 1
        },
        "http_req_duration": {
            "min": 0.195962,
            "med": 7.9511835,
            "max": 865.851775,
            "p(90)": 122.21894359999999,
            "p(95)": 188.63608739999992,
            "avg": 40.68676312810613,
            "thresholds": {
                "p(95)<10000": false
            }
        },
        "http_req_connecting": {
            "p(90)": 0,
            "p(95)": 0,
            "avg": 0.016277248491636795,
            "min": 0,
            "med": 0,
            "max": 181.495915
        },
        "transaction_time": {
            "min": 6014,
            "med": 6420,
            "max": 8672,
            "p(90)": 6959.1,
            "p(95)": 7146,
            "avg": 6455.042652329749,
            "thresholds": {
                "p(95)<30000": false
            }
        },
        "deactivate_clients_time": {
            "avg": 23.76953405017921,
            "min": 0,
            "med": 2,
            "max": 629,
            "p(90)": 73,
            "p(95)": 121.54999999999927,
            "thresholds": {
                "p(95)<10000": false
            }
        }
    },
    "root_group": {
        "groups": {
            "Presence": {
                "path": "::Presence",
                "id": "63ab1748852475484c3afb7dae46dbde",
                "groups": {},
                "checks": {
                        "status is 200": {
                            "fails": 0,
                            "name": "status is 200",
                            "path": "::Presence::status is 200",
                            "id": "2bdfe827d978801584a6dde561f63b7d",
                            "passes": 66960
                        },
                        "response has valid body": {
                            "name": "response has valid body",
                            "path": "::Presence::response has valid body",
                            "id": "2cb1a85a5851b9e28736f532526a5909",
                            "passes": 66960,
                            "fails": 0
                        }
                    },
                "name": "Presence"
            }
        },
        "checks": {},
        "name": "",
        "path": "",
        "id": "d41d8cd98f00b204e9800998ecf8427e"
    }
}