{
    "root_group": {
        "name": "",
        "path": "",
        "id": "d41d8cd98f00b204e9800998ecf8427e",
        "groups": {
            "Presence": {
                "path": "::Presence",
                "id": "63ab1748852475484c3afb7dae46dbde",
                "groups": {},
                "checks": {
                        "status is 200": {
                            "id": "2bdfe827d978801584a6dde561f63b7d",
                            "passes": 64016,
                            "fails": 0,
                            "name": "status is 200",
                            "path": "::Presence::status is 200"
                        },
                        "response has valid body": {
                            "passes": 64016,
                            "fails": 0,
                            "name": "response has valid body",
                            "path": "::Presence::response has valid body",
                            "id": "2cb1a85a5851b9e28736f532526a5909"
                        }
                    },
                "name": "Presence"
            }
        },
        "checks": {}
    },
    "metrics": {
        "http_req_blocked": {
            "p(95)": 0.0069654999999999995,
            "avg": 0.03397975068732904,
            "min": 0.001543,
            "med": 0.003967,
            "max": 215.926089,
            "p(90)": 0.00535
        },
        "active_clients_success_rate": {
            "passes": 8002,
            "fails": 0,
            "value": 1
        },
        "deactivate_clients_success_rate": {
            "passes": 8002,
            "fails": 0,
            "value": 1
        },
        "attach_documents_time": {
            "med": 92,
            "max": 934,
            "p(90)": 361,
            "p(95)": 488,
            "avg": 140.1222194451387,
            "min": 3,
            "thresholds": {
                "p(95)<10000": false
            }
        },
        "active_clients_time": {
            "min": 1,
            "med": 5,
            "max": 541,
            "p(90)": 58,
            "p(95)": 88,
            "avg": 18.74481379655086,
            "thresholds": {
                "p(95)<500": false
            }
        },
        "http_req_waiting": {
            "p(90)": 199.6841175,
            "p(95)": 280.66495225,
            "avg": 73.02540334833476,
            "min": 0.866013,
            "med": 23.455619,
            "max": 891.06706
        },
        "http_req_failed": {
            "passes": 0,
            "fails": 64016,
            "value": 0
        },
        "deactivate_clients": {
            "count": 8002,
            "rate": 51.48637445638988
        },
        "attach_documents": {
            "count": 8002,
            "rate": 51.48637445638988
        },
        "transaction_time": {
            "avg": 6756.967008247938,
            "min": 6023,
            "med": 6814,
            "max": 9236,
            "p(90)": 7485,
            "p(95)": 7691.95,
            "thresholds": {
                "p(95)<30000": false
            }
        },
        "checks": {
            "passes": 128032,
            "fails": 0,
            "value": 1
        },
        "http_req_receiving": {
            "p(95)": 1.24865025,
            "avg": 3.1489899118032967,
            "min": 0.014847,
            "med": 0.051156,
            "max": 470.052774,
            "p(90)": 0.29536450000000003
        },
        "vus_max": {
            "value": 500,
            "min": 500,
            "max": 500
        },
        "data_sent": {
            "count": 60228653,
            "rate": 387522.49204723444
        },
        "http_reqs": {
            "count": 64016,
            "rate": 411.89099565111906
        },
        "attach_documents_success_rate": {
            "passes": 8002,
            "fails": 0,
            "value": 1
        },
        "pushpulls_time": {
            "max": 807,
            "p(90)": 193,
            "p(95)": 261,
            "avg": 71.49832541864534,
            "min": 1,
            "med": 31,
            "thresholds": {
                "p(95)<1000": false
            }
        },
        "deactivate_clients_time": {
            "p(95)": 602,
            "avg": 165.78742814296425,
            "min": 4,
            "med": 103,
            "max": 894,
            "p(90)": 466.90000000000055,
            "thresholds": {
                "p(95)<10000": false
            }
        },
        "http_req_duration": {
            "avg": 76.7754272026684,
            "min": 0.928239,
            "med": 24.0950535,
            "max": 933.375062,
            "p(90)": 213.7800965,
            "p(95)": 302.3832065,
            "thresholds": {
                "p(95)<10000": false
            }
        },
        "group_duration": {
            "avg": 6756.912457465116,
            "min": 6022.483757,
            "med": 6813.601517,
            "max": 9235.722,
            "p(90)": 7484.758922200001,
            "p(95)": 7691.97048535
        },
        "http_req_connecting": {
            "avg": 0.02096204475443639,
            "min": 0,
            "med": 0,
            "max": 215.873952,
            "p(90)": 0,
            "p(95)": 0
        },
        "vus": {
            "value": 2,
            "min": 2,
            "max": 500
        },
        "iteration_duration": {
            "avg": 6757.0107363356465,
            "min": 6022.504746,
            "med": 6813.725288,
            "max": 9235.740825,
            "p(90)": 7484.8148612,
            "p(95)": 7691.991214
        },
        "http_req_duration{expected_response:true}": {
            "avg": 76.7754272026684,
            "min": 0.928239,
            "med": 24.0950535,
            "max": 933.375062,
            "p(90)": 213.7800965,
            "p(95)": 302.3832065
        },
        "active_clients": {
            "count": 8002,
            "rate": 51.48637445638988
        },
        "iterations": {
            "count": 8002,
            "rate": 51.48637445638988
        },
        "http_req_tls_handshaking": {
            "p(90)": 0,
            "p(95)": 0,
            "avg": 0,
            "min": 0,
            "med": 0,
            "max": 0
        },
        "transaction_success_rate": {
            "passes": 8002,
            "fails": 0,
            "thresholds": {
                "rate>0.99": false
            },
            "value": 1
        },
        "pushpulls_success_rate": {
            "passes": 40010,
            "fails": 0,
            "value": 1
        },
        "http_req_sending": {
            "avg": 0.6010339425299921,
            "min": 0.010861,
            "med": 0.021059,
            "max": 442.456947,
            "p(90)": 0.0747985,
            "p(95)": 0.20129924999999999
        },
        "data_received": {
            "rate": 7300504.842563264,
            "count": 1134642716
        },
        "pushpulls": {
            "count": 40010,
            "rate": 257.43187228194944
        }
    }
}