{
    "root_group": {
        "path": "",
        "id": "d41d8cd98f00b204e9800998ecf8427e",
        "groups": {
            "Presence": {
                "groups": {},
                "checks": {
                        "status is 200": {
                            "name": "status is 200",
                            "path": "::Presence::status is 200",
                            "id": "2bdfe827d978801584a6dde561f63b7d",
                            "passes": 67920,
                            "fails": 0
                        },
                        "response has valid body": {
                            "path": "::Presence::response has valid body",
                            "id": "2cb1a85a5851b9e28736f532526a5909",
                            "passes": 67920,
                            "fails": 0,
                            "name": "response has valid body"
                        }
                    },
                "name": "Presence",
                "path": "::Presence",
                "id": "63ab1748852475484c3afb7dae46dbde"
            }
        },
        "checks": {},
        "name": ""
    },
    "metrics": {
        "vus": {
            "value": 3,
            "min": 3,
            "max": 500
        },
        "group_duration": {
            "p(90)": 6778.9447888,
            "p(95)": 6909.2730683,
            "avg": 6368.292240849708,
            "min": 6012.832875,
            "med": 6350.143834,
            "max": 7795.994975
        },
        "active_clients_time": {
            "avg": 20.467962308598352,
            "min": 0,
            "med": 5,
            "max": 308,
            "p(90)": 62,
            "p(95)": 91.54999999999927,
            "thresholds": {
                "p(95)<500": false
            }
        },
        "http_req_failed": {
            "passes": 0,
            "fails": 67920,
            "value": 0
        },
        "attach_documents_time": {
            "p(95)": 337,
            "avg": 81.98669022379269,
            "min": 2,
            "med": 20,
            "max": 680,
            "p(90)": 265,
            "thresholds": {
                "p(95)<10000": false
            }
        },
        "http_req_blocked": {
            "p(95)": 0.007304,
            "avg": 0.01985854001766854,
            "min": 0.001573,
            "med": 0.003767,
            "max": 87.207683,
            "p(90)": 0.005359
        },
        "deactivate_clients_success_rate": {
            "passes": 8490,
            "fails": 0,
            "value": 1
        },
        "http_req_connecting": {
            "avg": 0.009080322924028272,
            "min": 0,
            "med": 0,
            "max": 65.423969,
            "p(90)": 0,
            "p(95)": 0
        },
        "attach_documents_success_rate": {
            "passes": 8490,
            "fails": 0,
            "value": 1
        },
        "iterations": {
            "count": 8490,
            "rate": 55.116127205574195
        },
        "pushpulls_time": {
            "min": 1,
            "med": 14,
            "max": 597,
            "p(90)": 109,
            "p(95)": 153,
            "avg": 38.884405182567725,
            "thresholds": {
                "p(95)<1000": false
            }
        },
        "http_req_sending": {
            "avg": 0.32221216121908275,
            "min": 0.008617,
            "med": 0.020338,
            "max": 257.929235,
            "p(90)": 0.055344099999999986,
            "p(95)": 0.17259349999999996
        },
        "vus_max": {
            "value": 500,
            "min": 500,
            "max": 500
        },
        "data_sent": {
            "count": 63903244,
            "rate": 414852.6884750113
        },
        "checks": {
            "passes": 135840,
            "fails": 0,
            "value": 1
        },
        "transaction_time": {
            "avg": 6368.325559481743,
            "min": 6012,
            "med": 6350,
            "max": 7796,
            "p(90)": 6779,
            "p(95)": 6909.549999999999,
            "thresholds": {
                "p(95)<30000": false
            }
        },
        "pushpulls": {
            "count": 42450,
            "rate": 275.580636027871
        },
        "transaction_success_rate": {
            "passes": 8490,
            "fails": 0,
            "thresholds": {
                "rate>0.99": false
            },
            "value": 1
        },
        "http_req_duration{expected_response:true}": {
            "med": 7.561389500000001,
            "max": 678.195987,
            "p(90)": 102.53714269999998,
            "p(95)": 156.02561489999988,
            "avg": 35.08773913227342,
            "min": 0.166983
        },
        "http_req_tls_handshaking": {
            "max": 0,
            "p(90)": 0,
            "p(95)": 0,
            "avg": 0,
            "min": 0,
            "med": 0
        },
        "iteration_duration": {
            "med": 6350.231543,
            "max": 7796.012668,
            "p(90)": 6778.962592299999,
            "p(95)": 6909.29345835,
            "avg": 6368.370476238605,
            "min": 6012.873121
        },
        "active_clients_success_rate": {
            "passes": 8490,
            "fails": 0,
            "value": 1
        },
        "deactivate_clients_time": {
            "avg": 18.476442873969376,
            "min": 0,
            "med": 3,
            "max": 427,
            "p(90)": 58,
            "p(95)": 89,
            "thresholds": {
                "p(95)<10000": false
            }
        },
        "data_received": {
            "count": 1237847180,
            "rate": 8035964.97455139
        },
        "pushpulls_success_rate": {
            "passes": 42450,
            "fails": 0,
            "value": 1
        },
        "attach_documents": {
            "count": 8490,
            "rate": 55.116127205574195
        },
        "active_clients": {
            "rate": 55.116127205574195,
            "count": 8490
        },
        "deactivate_clients": {
            "count": 8490,
            "rate": 55.116127205574195
        },
        "http_reqs": {
            "count": 67920,
            "rate": 440.92901764459356
        },
        "http_req_duration": {
            "max": 678.195987,
            "p(90)": 102.53714269999998,
            "p(95)": 156.02561489999988,
            "avg": 35.08773913227342,
            "min": 0.166983,
            "med": 7.561389500000001,
            "thresholds": {
                "p(95)<10000": false
            }
        },
        "http_req_receiving": {
            "min": 0.013596,
            "med": 0.051106,
            "max": 284.572743,
            "p(90)": 0.19427509999999998,
            "p(95)": 0.5413820999999993,
            "avg": 1.0964468822290923
        },
        "http_req_waiting": {
            "p(90)": 98.2058271,
            "p(95)": 148.04577199999974,
            "avg": 33.66908008882506,
            "min": 0.132648,
            "med": 7.2658439999999995,
            "max": 671.343745
        }
    }
}