{
    "root_group": {
        "name": "",
        "path": "",
        "id": "d41d8cd98f00b204e9800998ecf8427e",
        "groups": {
            "Presence": {
                "name": "Presence",
                "path": "::Presence",
                "id": "63ab1748852475484c3afb7dae46dbde",
                "groups": {},
                "checks": {
                        "status is 200": {
                            "path": "::Presence::status is 200",
                            "id": "2bdfe827d978801584a6dde561f63b7d",
                            "passes": 65416,
                            "fails": 0,
                            "name": "status is 200"
                        },
                        "response has valid body": {
                            "fails": 0,
                            "name": "response has valid body",
                            "path": "::Presence::response has valid body",
                            "id": "2cb1a85a5851b9e28736f532526a5909",
                            "passes": 65416
                        }
                    }
            }
        },
        "checks": {}
    },
    "metrics": {
        "http_req_blocked": {
            "med": 0.004108,
            "max": 103.253117,
            "p(90)": 0.0055,
            "p(95)": 0.00713325,
            "avg": 0.03521123199217434,
            "min": 0.001623
        },
        "http_req_receiving": {
            "max": 628.485265,
            "p(90)": 0.2936025,
            "p(95)": 1.28875925,
            "avg": 3.2480044978140232,
            "min": 0.013916,
            "med": 0.051827
        },
        "checks": {
            "passes": 130832,
            "fails": 0,
            "value": 1
        },
        "pushpulls_success_rate": {
            "passes": 40885,
            "fails": 0,
            "value": 1
        },
        "pushpulls_time": {
            "med": 27,
            "max": 1107,
            "p(90)": 184,
            "p(95)": 259,
            "avg": 67.19865476336065,
            "min": 1,
            "thresholds": {
                "p(95)<1000": false
            }
        },
        "transaction_time": {
            "min": 6017,
            "med": 6628,
            "max": 8976,
            "p(90)": 7253,
            "p(95)": 7417.2,
            "avg": 6611.54115201174,
            "thresholds": {
                "p(95)<30000": false
            }
        },
        "active_clients_time": {
            "p(95)": 106,
            "avg": 24.84847743671273,
            "min": 1,
            "med": 8,
            "max": 490,
            "p(90)": 71,
            "thresholds": {
                "p(95)<500": false
            }
        },
        "attach_documents": {
            "rate": 52.5919559768834,
            "count": 8177
        },
        "transaction_success_rate": {
            "passes": 8177,
            "fails": 0,
            "thresholds": {
                "rate>0.99": false
            },
            "value": 1
        },
        "http_req_sending": {
            "min": 0.01084,
            "med": 0.020989,
            "max": 516.080245,
            "p(90)": 0.063317,
            "p(95)": 0.19296,
            "avg": 0.46277398735783104
        },
        "data_received": {
            "count": 1180267988,
            "rate": 7591121.69081824
        },
        "active_clients": {
            "count": 8177,
            "rate": 52.5919559768834
        },
        "group_duration": {
            "med": 6627.663455,
            "max": 8975.999348,
            "p(90)": 7253.2987404,
            "p(95)": 7417.1799812,
            "avg": 6611.519163241881,
            "min": 6016.972191
        },
        "http_reqs": {
            "rate": 420.7356478150672,
            "count": 65416
        },
        "http_req_duration{expected_response:true}": {
            "p(90)": 175.729515,
            "p(95)": 269.3910045,
            "avg": 60.726322402485714,
            "min": 0.187101,
            "med": 15.0491825,
            "max": 1027.286
        },
        "vus": {
            "max": 500,
            "value": 1,
            "min": 1
        },
        "http_req_duration": {
            "med": 15.0491825,
            "max": 1027.286,
            "p(90)": 175.729515,
            "p(95)": 269.3910045,
            "avg": 60.726322402485714,
            "min": 0.187101,
            "thresholds": {
                "p(95)<10000": false
            }
        },
        "http_req_tls_handshaking": {
            "avg": 0,
            "min": 0,
            "med": 0,
            "max": 0,
            "p(90)": 0,
            "p(95)": 0
        },
        "http_req_waiting": {
            "avg": 57.01554391731403,
            "min": 0.136835,
            "med": 14.5462855,
            "max": 986.748024,
            "p(90)": 163.4360955,
            "p(95)": 248.2460675
        },
        "attach_documents_time": {
            "p(95)": 581,
            "avg": 165.9922954628837,
            "min": 3,
            "med": 78,
            "max": 1029,
            "p(90)": 445,
            "thresholds": {
                "p(95)<10000": false
            }
        },
        "pushpulls": {
            "count": 40885,
            "rate": 262.959779884417
        },
        "data_sent": {
            "count": 61546234,
            "rate": 395846.49982523714
        },
        "iterations": {
            "count": 8177,
            "rate": 52.5919559768834
        },
        "http_req_failed": {
            "passes": 0,
            "fails": 65416,
            "value": 0
        },
        "attach_documents_success_rate": {
            "passes": 8177,
            "fails": 0,
            "value": 1
        },
        "iteration_duration": {
            "avg": 6611.58611326827,
            "min": 6017.007997,
            "med": 6627.683523,
            "max": 8976.028703,
            "p(90)": 7253.6187976,
            "p(95)": 7417.199142199999
        },
        "deactivate_clients": {
            "rate": 52.5919559768834,
            "count": 8177
        },
        "active_clients_success_rate": {
            "passes": 8177,
            "fails": 0,
            "value": 1
        },
        "deactivate_clients_time": {
            "min": 0,
            "med": 3,
            "max": 687,
            "p(90)": 54,
            "p(95)": 92.19999999999982,
            "avg": 19.15837104072398,
            "thresholds": {
                "p(95)<10000": false
            }
        },
        "deactivate_clients_success_rate": {
            "passes": 8177,
            "fails": 0,
            "value": 1
        },
        "http_req_connecting": {
            "p(90)": 0,
            "p(95)": 0,
            "avg": 0.019037095970404795,
            "min": 0,
            "med": 0,
            "max": 100.397836
        },
        "vus_max": {
            "value": 500,
            "min": 500,
            "max": 500
        }
    }
}