{
    "root_group": {
        "name": "",
        "path": "",
        "id": "d41d8cd98f00b204e9800998ecf8427e",
        "groups": {
            "Presence": {
                "path": "::Presence",
                "id": "63ab1748852475484c3afb7dae46dbde",
                "groups": {},
                "checks": {
                        "status is 200": {
                            "name": "status is 200",
                            "path": "::Presence::status is 200",
                            "id": "2bdfe827d978801584a6dde561f63b7d",
                            "passes": 66584,
                            "fails": 0
                        },
                        "response has valid body": {
                            "id": "2cb1a85a5851b9e28736f532526a5909",
                            "passes": 66584,
                            "fails": 0,
                            "name": "response has valid body",
                            "path": "::Presence::response has valid body"
                        }
                    },
                "name": "Presence"
            }
        },
        "checks": {}
    },
    "metrics": {
        "iteration_duration": {
            "avg": 6493.5129054506815,
            "min": 6015.509835,
            "med": 6466.348416,
            "max": 8165.126837,
            "p(90)": 7057.4965839999995,
            "p(95)": 7229.286152500001
        },
        "attach_documents_success_rate": {
            "passes": 8323,
            "fails": 0,
            "value": 1
        },
        "data_sent": {
            "count": 62645640,
            "rate": 404528.495928013
        },
        "deactivate_clients_time": {
            "p(90)": 75,
            "p(95)": 111,
            "avg": 24.324882854739876,
            "min": 0,
            "med": 4,
            "max": 620,
            "thresholds": {
                "p(95)<10000": false
            }
        },
        "pushpulls_time": {
            "max": 714,
            "p(90)": 154,
            "p(95)": 221,
            "avg": 54.968569025591734,
            "min": 1,
            "med": 20,
            "thresholds": {
                "p(95)<1000": false
            }
        },
        "http_reqs": {
            "count": 66584,
            "rate": 429.960095752407
        },
        "active_clients_time": {
            "avg": 28.048299891865913,
            "min": 1,
            "med": 6,
            "max": 529,
            "p(90)": 88,
            "p(95)": 126,
            "thresholds": {
                "p(95)<500": false
            }
        },
        "vus": {
            "value": 8,
            "min": 8,
            "max": 500
        },
        "attach_documents_time": {
            "min": 3,
            "med": 27,
            "max": 823,
            "p(90)": 361,
            "p(95)": 462,
            "avg": 111.3845969001562,
            "thresholds": {
                "p(95)<10000": false
            }
        },
        "http_req_blocked": {
            "p(95)": 0.007324,
            "avg": 0.023347926859306565,
            "min": 0.001423,
            "med": 0.003927,
            "max": 121.507875,
            "p(90)": 0.00531
        },
        "http_req_sending": {
            "p(95)": 0.17148885,
            "avg": 0.37422136528294586,
            "min": 0.009577,
            "med": 0.021189,
            "max": 405.358141,
            "p(90)": 0.055490000000000046
        },
        "attach_documents": {
            "count": 8323,
            "rate": 53.74501196905088
        },
        "iterations": {
            "count": 8323,
            "rate": 53.74501196905088
        },
        "http_req_duration{expected_response:true}": {
            "avg": 48.980659941021635,
            "min": 0.492706,
            "med": 11.0914425,
            "max": 822.282969,
            "p(90)": 141.82012220000001,
            "p(95)": 219.43677124999988
        },
        "active_clients_success_rate": {
            "passes": 8323,
            "fails": 0,
            "value": 1
        },
        "vus_max": {
            "value": 500,
            "min": 500,
            "max": 500
        },
        "pushpulls": {
            "count": 41615,
            "rate": 268.7250598452544
        },
        "deactivate_clients_success_rate": {
            "passes": 8323,
            "fails": 0,
            "value": 1
        },
        "deactivate_clients": {
            "count": 8323,
            "rate": 53.74501196905088
        },
        "checks": {
            "passes": 133168,
            "fails": 0,
            "value": 1
        },
        "group_duration": {
            "p(90)": 7056.9301909999995,
            "p(95)": 7229.2650922,
            "avg": 6493.455278152231,
            "min": 6015.487393,
            "med": 6466.32435,
            "max": 8165.109936
        },
        "transaction_time": {
            "med": 6466,
            "max": 8165,
            "p(90)": 7057,
            "p(95)": 7229,
            "avg": 6493.486002643278,
            "min": 6016,
            "thresholds": {
                "p(95)<30000": false
            }
        },
        "http_req_duration": {
            "avg": 48.980659941021635,
            "min": 0.492706,
            "med": 11.0914425,
            "max": 822.282969,
            "p(90)": 141.82012220000001,
            "p(95)": 219.43677124999988,
            "thresholds": {
                "p(95)<10000": false
            }
        },
        "pushpulls_success_rate": {
            "passes": 41615,
            "fails": 0,
            "value": 1
        },
        "http_req_waiting": {
            "p(90)": 133.00042210000004,
            "p(95)": 203.80969884999993,
            "avg": 46.57439717083696,
            "min": 0.431588,
            "med": 10.748809999999999,
            "max": 751.013438
        },
        "active_clients": {
            "count": 8323,
            "rate": 53.74501196905088
        },
        "http_req_connecting": {
            "max": 95.482197,
            "p(90)": 0,
            "p(95)": 0,
            "avg": 0.011309993016340256,
            "min": 0,
            "med": 0
        },
        "http_req_failed": {
            "passes": 0,
            "fails": 66584,
            "value": 0
        },
        "transaction_success_rate": {
            "passes": 8323,
            "fails": 0,
            "thresholds": {
                "rate>0.99": false
            },
            "value": 1
        },
        "data_received": {
            "count": 1172104346,
            "rate": 7568756.710891091
        },
        "http_req_tls_handshaking": {
            "avg": 0,
            "min": 0,
            "med": 0,
            "max": 0,
            "p(90)": 0,
            "p(95)": 0
        },
        "http_req_receiving": {
            "p(90)": 0.24338700000000008,
            "p(95)": 0.8188898999999998,
            "avg": 2.0320414049020776,
            "min": 0.014677,
            "med": 0.051746,
            "max": 413.293185
        }
    }
}