{
    "metrics": {
        "attach_documents": {
            "rate": 54.831068192961325,
            "count": 8517
        },
        "iterations": {
            "count": 8517,
            "rate": 54.831068192961325
        },
        "http_req_tls_handshaking": {
            "max": 0,
            "p(90)": 0,
            "p(95)": 0,
            "avg": 0,
            "min": 0,
            "med": 0
        },
        "vus_max": {
            "value": 500,
            "min": 500,
            "max": 500
        },
        "http_req_duration": {
            "p(95)": 148.5103155,
            "avg": 31.514556996433164,
            "min": 0.171853,
            "med": 5.657799000000001,
            "max": 737.414585,
            "p(90)": 89.95586750000001,
            "thresholds": {
                "p(95)<10000": false
            }
        },
        "pushpulls": {
            "count": 42585,
            "rate": 274.15534096480667
        },
        "deactivate_clients": {
            "count": 8517,
            "rate": 54.831068192961325
        },
        "data_received": {
            "count": 1241539762,
            "rate": 7992832.14212692
        },
        "attach_documents_time": {
            "p(95)": 326,
            "avg": 78.37419279088881,
            "min": 2,
            "med": 15,
            "max": 766,
            "p(90)": 244,
            "thresholds": {
                "p(95)<10000": false
            }
        },
        "attach_documents_success_rate": {
            "passes": 8517,
            "fails": 0,
            "value": 1
        },
        "http_req_duration{expected_response:true}": {
            "min": 0.171853,
            "med": 5.657799000000001,
            "max": 737.414585,
            "p(90)": 89.95586750000001,
            "p(95)": 148.5103155,
            "avg": 31.514556996433164
        },
        "http_req_sending": {
            "avg": 0.32340849512739345,
            "min": 0.010199,
            "med": 0.021039,
            "max": 340.664718,
            "p(90)": 0.051596,
            "p(95)": 0.15976225
        },
        "deactivate_clients_time": {
            "p(90)": 51,
            "p(95)": 80,
            "avg": 16.610543618645064,
            "min": 0,
            "med": 2,
            "max": 549,
            "thresholds": {
                "p(95)<10000": false
            }
        },
        "group_duration": {
            "med": 6285.483576,
            "max": 7844.489385,
            "p(90)": 6764.109446,
            "p(95)": 6939.3098344,
            "avg": 6343.522155625806,
            "min": 6013.245789
        },
        "data_sent": {
            "rate": 412707.2248988529,
            "count": 64106492
        },
        "iteration_duration": {
            "med": 6285.587662,
            "max": 7844.517357,
            "p(90)": 6764.14076,
            "p(95)": 6939.3276026,
            "avg": 6343.586192552555,
            "min": 6013.267039
        },
        "active_clients_success_rate": {
            "passes": 8517,
            "fails": 0,
            "value": 1
        },
        "vus": {
            "value": 1,
            "min": 1,
            "max": 500
        },
        "http_req_failed": {
            "passes": 0,
            "fails": 68136,
            "value": 0
        },
        "transaction_success_rate": {
            "passes": 8517,
            "fails": 0,
            "thresholds": {
                "rate>0.99": false
            },
            "value": 1
        },
        "http_req_blocked": {
            "max": 75.43623,
            "p(90)": 0.00523,
            "p(95)": 0.0075065,
            "avg": 0.01848744515381054,
            "min": 0.001433,
            "med": 0.003877
        },
        "http_req_receiving": {
            "med": 0.053169,
            "max": 394.131009,
            "p(90)": 0.2078565,
            "p(95)": 0.57042125,
            "avg": 1.9151662554743663,
            "min": 0.013966
        },
        "pushpulls_success_rate": {
            "passes": 42585,
            "fails": 0,
            "value": 1
        },
        "deactivate_clients_success_rate": {
            "passes": 8517,
            "fails": 0,
            "value": 1
        },
        "active_clients_time": {
            "med": 3,
            "max": 390,
            "p(90)": 56,
            "p(95)": 82,
            "avg": 18.265938710813668,
            "min": 0,
            "thresholds": {
                "p(95)<500": false
            }
        },
        "http_req_waiting": {
            "min": 0.129493,
            "med": 5.4282795,
            "max": 694.096025,
            "p(90)": 84.55858,
            "p(95)": 136.55613549999998,
            "avg": 29.27598224583184
        },
        "http_req_connecting": {
            "p(90)": 0,
            "p(95)": 0,
            "avg": 0.009048462530820712,
            "min": 0,
            "med": 0,
            "max": 75.372782
        },
        "active_clients": {
            "count": 8517,
            "rate": 54.831068192961325
        },
        "http_reqs": {
            "count": 68136,
            "rate": 438.6485455436906
        },
        "checks": {
            "passes": 136272,
            "fails": 0,
            "value": 1
        },
        "pushpulls_time": {
            "avg": 35.51858635669837,
            "min": 1,
            "med": 10,
            "max": 707,
            "p(90)": 98,
            "p(95)": 148,
            "thresholds": {
                "p(95)<1000": false
            }
        },
        "transaction_time": {
            "avg": 6343.548080309968,
            "min": 6013,
            "med": 6286,
            "max": 7844,
            "p(90)": 6764,
            "p(95)": 6939.2,
            "thresholds": {
                "p(95)<30000": false
            }
        }
    },
    "root_group": {
        "path": "",
        "id": "d41d8cd98f00b204e9800998ecf8427e",
        "groups": {
            "Presence": {
                "name": "Presence",
                "path": "::Presence",
                "id": "63ab1748852475484c3afb7dae46dbde",
                "groups": {},
                "checks": {
                        "status is 200": {
                            "name": "status is 200",
                            "path": "::Presence::status is 200",
                            "id": "2bdfe827d978801584a6dde561f63b7d",
                            "passes": 68136,
                            "fails": 0
                        },
                        "response has valid body": {
                            "fails": 0,
                            "name": "response has valid body",
                            "path": "::Presence::response has valid body",
                            "id": "2cb1a85a5851b9e28736f532526a5909",
                            "passes": 68136
                        }
                    }
            }
        },
        "checks": {},
        "name": ""
    }
}