{
    "root_group": {
        "checks": {},
        "name": "",
        "path": "",
        "id": "d41d8cd98f00b204e9800998ecf8427e",
        "groups": {
                "Presence": {
                    "checks": {
                        "status is 200": {
                            "path": "::Presence::status is 200",
                            "id": "2bdfe827d978801584a6dde561f63b7d",
                            "passes": 68752,
                            "fails": 0,
                            "name": "status is 200"
                        },
                        "response has valid body": {
                            "path": "::Presence::response has valid body",
                            "id": "2cb1a85a5851b9e28736f532526a5909",
                            "passes": 68752,
                            "fails": 0,
                            "name": "response has valid body"
                        }
                    },
                    "name": "Presence",
                    "path": "::Presence",
                    "id": "63ab1748852475484c3afb7dae46dbde",
                    "groups": {}
                }
            }
    },
    "metrics": {
        "http_reqs": {
            "count": 68752,
            "rate": 441.5413576849061
        },
        "pushpulls": {
            "count": 42970,
            "rate": 275.9633485530663
        },
        "attach_documents_time": {
            "max": 559,
            "p(90)": 186,
            "p(95)": 255.34999999999945,
            "avg": 60.05585292064231,
            "min": 2,
            "med": 18,
            "thresholds": {
                "p(95)<10000": false
            }
        },
        "http_req_duration": {
            "p(95)": 121.42653679999992,
            "avg": 27.45669101799206,
            "min": 0.167728,
            "med": 7.4115775,
            "max": 557.367373,
            "p(90)": 76.98996,
            "thresholds": {
                "p(95)<10000": false
            }
        },
        "vus": {
            "max": 500,
            "value": 3,
            "min": 3
        },
        "http_req_waiting": {
            "avg": 26.68492644304169,
            "min": 0.130482,
            "med": 7.1037035,
            "max": 557.248922,
            "p(90)": 74.60071359999999,
            "p(95)": 117.72184884999999
        },
        "data_sent": {
            "count": 64686538,
            "rate": 415432.01379532623
        },
        "http_req_duration{expected_response:true}": {
            "min": 0.167728,
            "med": 7.4115775,
            "max": 557.367373,
            "p(90)": 76.98996,
            "p(95)": 121.42653679999992,
            "avg": 27.45669101799206
        },
        "checks": {
            "passes": 137504,
            "fails": 0,
            "value": 1
        },
        "http_req_receiving": {
            "p(95)": 0.46037544999999974,
            "avg": 0.5650641975215291,
            "min": 0.013505,
            "med": 0.049463,
            "max": 192.665658,
            "p(90)": 0.16690000000000002
        },
        "active_clients_success_rate": {
            "passes": 8594,
            "fails": 0,
            "value": 1
        },
        "transaction_success_rate": {
            "passes": 8594,
            "fails": 0,
            "thresholds": {
                "rate>0.99": false
            },
            "value": 1
        },
        "group_duration": {
            "avg": 6290.183091487786,
            "min": 6013.324546,
            "med": 6268.8889965,
            "max": 7713.167062,
            "p(90)": 6598.950747899999,
            "p(95)": 6710.50289925
        },
        "http_req_connecting": {
            "p(90)": 0,
            "p(95)": 0,
            "avg": 0.006864928045729581,
            "min": 0,
            "med": 0,
            "max": 55.734602
        },
        "pushpulls_success_rate": {
            "fails": 0,
            "passes": 42970,
            "value": 1
        },
        "deactivate_clients": {
            "rate": 55.19266971061326,
            "count": 8594
        },
        "deactivate_clients_success_rate": {
            "passes": 8594,
            "fails": 0,
            "value": 1
        },
        "deactivate_clients_time": {
            "min": 0,
            "med": 2,
            "max": 313,
            "p(90)": 40,
            "p(95)": 63,
            "avg": 13.370258319757971,
            "thresholds": {
                "p(95)<10000": false
            }
        },
        "pushpulls_time": {
            "max": 622,
            "p(90)": 86,
            "p(95)": 127,
            "avg": 32.56888526879218,
            "min": 1,
            "med": 14,
            "thresholds": {
                "p(95)<1000": false
            }
        },
        "active_clients": {
            "count": 8594,
            "rate": 55.19266971061326
        },
        "iteration_duration": {
            "avg": 6290.26527565293,
            "min": 6013.389407,
            "med": 6268.9733475,
            "max": 7713.183673,
            "p(90)": 6598.9722851999995,
            "p(95)": 6710.7670889
        },
        "http_req_blocked": {
            "med": 0.003787,
            "max": 55.858212,
            "p(90)": 0.00532,
            "p(95)": 0.006783,
            "avg": 0.016430665566093156,
            "min": 0.001442
        },
        "http_req_tls_handshaking": {
            "p(95)": 0,
            "avg": 0,
            "min": 0,
            "med": 0,
            "max": 0,
            "p(90)": 0
        },
        "http_req_sending": {
            "min": 0.009227,
            "med": 0.019927,
            "max": 222.365769,
            "p(90)": 0.04889000000000001,
            "p(95)": 0.15409544999999988,
            "avg": 0.20670037742902003
        },
        "iterations": {
            "count": 8594,
            "rate": 55.19266971061326
        },
        "vus_max": {
            "value": 500,
            "min": 500,
            "max": 500
        },
        "active_clients_time": {
            "med": 4,
            "max": 331,
            "p(90)": 45,
            "p(95)": 69,
            "avg": 15.970793576914126,
            "min": 0,
            "thresholds": {
                "p(95)<500": false
            }
        },
        "http_req_failed": {
            "passes": 0,
            "fails": 68752,
            "value": 0
        },
        "attach_documents": {
            "count": 8594,
            "rate": 55.19266971061326
        },
        "attach_documents_success_rate": {
            "passes": 8594,
            "fails": 0,
            "value": 1
        },
        "data_received": {
            "count": 1261205777,
            "rate": 8099757.259376118
        },
        "transaction_time": {
            "p(90)": 6599,
            "p(95)": 6711,
            "avg": 6290.224109844077,
            "min": 6013,
            "med": 6269,
            "max": 7713,
            "thresholds": {
                "p(95)<30000": false
            }
        }
    }
}