{
    "root_group": {
        "name": "",
        "path": "",
        "id": "d41d8cd98f00b204e9800998ecf8427e",
        "groups": {
            "Presence": {
                "name": "Presence",
                "path": "::Presence",
                "id": "63ab1748852475484c3afb7dae46dbde",
                "groups": {},
                "checks": {
                        "status is 200": {
                            "fails": 0,
                            "name": "status is 200",
                            "path": "::Presence::status is 200",
                            "id": "2bdfe827d978801584a6dde561f63b7d",
                            "passes": 63680
                        },
                        "response has valid body": {
                            "path": "::Presence::response has valid body",
                            "id": "2cb1a85a5851b9e28736f532526a5909",
                            "passes": 63680,
                            "fails": 0,
                            "name": "response has valid body"
                        }
                    }
            }
        },
        "checks": {}
    },
    "metrics": {
        "pushpulls": {
            "count": 39800,
            "rate": 257.7840214514588
        },
        "pushpulls_success_rate": {
            "passes": 39800,
            "fails": 0,
            "value": 1
        },
        "http_req_blocked": {
            "avg": 0.04637610887248905,
            "min": 0.001473,
            "med": 0.004117,
            "max": 192.048708,
            "p(90)": 0.005741,
            "p(95)": 0.007574
        },
        "deactivate_clients": {
            "count": 7960,
            "rate": 51.55680429029176
        },
        "iteration_duration": {
            "max": 9185.459122,
            "p(90)": 7535.9778431,
            "p(95)": 7746.40759285,
            "avg": 6790.0761207451105,
            "min": 6022.172452,
            "med": 6830.579519999999
        },
        "http_req_failed": {
            "passes": 0,
            "fails": 63680,
            "value": 0
        },
        "vus_max": {
            "max": 500,
            "value": 500,
            "min": 500
        },
        "attach_documents_time": {
            "p(90)": 319,
            "p(95)": 451.0499999999993,
            "avg": 123.72726130653267,
            "min": 3,
            "med": 68,
            "max": 973,
            "thresholds": {
                "p(95)<10000": false
            }
        },
        "transaction_success_rate": {
            "passes": 7960,
            "fails": 0,
            "thresholds": {
                "rate>0.99": false
            },
            "value": 1
        },
        "group_duration": {
            "max": 9185.442381,
            "p(90)": 7535.953630800001,
            "p(95)": 7746.387038,
            "avg": 6790.005625335292,
            "min": 6022.157354,
            "med": 6830.5529205
        },
        "http_reqs": {
            "count": 63680,
            "rate": 412.45443432233407
        },
        "attach_documents": {
            "count": 7960,
            "rate": 51.55680429029176
        },
        "data_received": {
            "count": 1128359939,
            "rate": 7308370.922616652
        },
        "http_req_receiving": {
            "avg": 4.577755741064655,
            "min": 0.013094,
            "med": 0.0540105,
            "max": 743.642791,
            "p(90)": 0.3424329999999999,
            "p(95)": 2.062427999999973
        },
        "transaction_time": {
            "min": 6022,
            "med": 6831,
            "max": 9185,
            "p(90)": 7536,
            "p(95)": 7746,
            "avg": 6790.038442211056,
            "thresholds": {
                "p(95)<30000": false
            }
        },
        "active_clients_success_rate": {
            "passes": 7960,
            "fails": 0,
            "value": 1
        },
        "attach_documents_success_rate": {
            "passes": 7960,
            "fails": 0,
            "value": 1
        },
        "vus": {
            "value": 4,
            "min": 4,
            "max": 500
        },
        "checks": {
            "passes": 127360,
            "fails": 0,
            "value": 1
        },
        "active_clients": {
            "rate": 51.55680429029176,
            "count": 7960
        },
        "active_clients_time": {
            "avg": 19.56105527638191,
            "min": 1,
            "med": 5,
            "max": 716,
            "p(90)": 59,
            "p(95)": 91,
            "thresholds": {
                "p(95)<500": false
            }
        },
        "http_req_connecting": {
            "p(95)": 0,
            "avg": 0.030528038567839203,
            "min": 0,
            "med": 0,
            "max": 189.116224,
            "p(90)": 0
        },
        "deactivate_clients_success_rate": {
            "passes": 7960,
            "fails": 0,
            "value": 1
        },
        "iterations": {
            "count": 7960,
            "rate": 51.55680429029176
        },
        "http_req_waiting": {
            "max": 985.815998,
            "p(90)": 204.4037095,
            "p(95)": 287.28315495000004,
            "avg": 73.24369775054856,
            "min": 0.899032,
            "med": 23.1153205
        },
        "http_req_duration{expected_response:true}": {
            "avg": 78.52845539412716,
            "min": 0.952101,
            "med": 23.8591015,
            "max": 1061.079007,
            "p(90)": 222.22474519999986,
            "p(95)": 318.5658832499996
        },
        "pushpulls_time": {
            "max": 1034,
            "p(90)": 217.09999999999854,
            "p(95)": 312,
            "avg": 81.01128140703517,
            "min": 1,
            "med": 34,
            "thresholds": {
                "p(95)<1000": false
            }
        },
        "http_req_duration": {
            "p(95)": 318.5658832499996,
            "avg": 78.52845539412716,
            "min": 0.952101,
            "med": 23.8591015,
            "max": 1061.079007,
            "p(90)": 222.22474519999986,
            "thresholds": {
                "p(95)<10000": false
            }
        },
        "data_sent": {
            "count": 59912449,
            "rate": 388052.0612619455
        },
        "http_req_sending": {
            "med": 0.022211,
            "max": 582.575675,
            "p(90)": 0.0909097,
            "p(95)": 0.2375374999999995,
            "avg": 0.7070019025125654,
            "min": 0.010319
        },
        "deactivate_clients_time": {
            "avg": 158.86532663316584,
            "min": 4,
            "med": 86.5,
            "max": 1061,
            "p(90)": 446,
            "p(95)": 548.0499999999993,
            "thresholds": {
                "p(95)<10000": false
            }
        },
        "http_req_tls_handshaking": {
            "min": 0,
            "med": 0,
            "max": 0,
            "p(90)": 0,
            "p(95)": 0,
            "avg": 0
        }
    }
}