{
    "root_group": {
        "path": "",
        "id": "d41d8cd98f00b204e9800998ecf8427e",
        "groups": {
            "Presence": {
                "checks": {
                    "status is 200": {
                        "name": "status is 200",
                        "path": "::Presence::status is 200",
                        "id": "2bdfe827d978801584a6dde561f63b7d",
                        "passes": 66776,
                        "fails": 0
                    },
                    "response has valid body": {
                        "fails": 0,
                        "name": "response has valid body",
                        "path": "::Presence::response has valid body",
                        "id": "2cb1a85a5851b9e28736f532526a5909",
                        "passes": 66776
                    }
                },
                "name": "Presence",
                "path": "::Presence",
                "id": "63ab1748852475484c3afb7dae46dbde",
                "groups": {}
            }
        },
        "checks": {},
        "name": ""
    },
    "metrics": {
        "checks": {
            "passes": 133552,
            "fails": 0,
            "value": 1
        },
        "transaction_time": {
            "min": 6013,
            "med": 6449,
            "max": 8141,
            "p(90)": 7035.400000000001,
            "p(95)": 7222,
            "avg": 6483.13358092728,
            "thresholds": {
                "p(95)<30000": false
            }
        },
        "iteration_duration": {
            "avg": 6483.175517867237,
            "min": 6013.833884,
            "med": 6449.069555,
            "max": 8140.478131,
            "p(90)": 7035.4221576,
            "p(95)": 7222.244400799999
        },
        "deactivate_clients_success_rate": {
            "passes": 8347,
            "fails": 0,
            "value": 1
        },
        "data_sent": {
            "count": 62826298,
            "rate": 406247.00002225407
        },
        "http_req_failed": {
            "passes": 0,
            "fails": 66776,
            "value": 0
        },
        "attach_documents_time": {
            "avg": 106.49335090451659,
            "min": 2,
            "med": 23,
            "max": 889,
            "p(90)": 329,
            "p(95)": 418.6999999999998,
            "thresholds": {
                "p(95)<10000": false
            }
        },
        "http_req_waiting": {
            "avg": 41.158462773016986,
            "min": 0.124517,
            "med": 7.8873645,
            "max": 662.368435,
            "p(90)": 124.3234505,
            "p(95)": 185.89277225
        },
        "http_req_duration": {
            "avg": 44.825863334222035,
            "min": 0.18118,
            "med": 8.2494825,
            "max": 880.87653,
            "p(90)": 135.4381905,
            "p(95)": 206.58678725,
            "thresholds": {
                "p(95)<10000": false
            }
        },
        "http_reqs": {
            "count": 66776,
            "rate": 431.786537438288
        },
        "pushpulls_success_rate": {
            "passes": 41735,
            "fails": 0,
            "value": 1
        },
        "http_req_sending": {
            "med": 0.021691,
            "max": 470.91274,
            "p(90)": 0.058664999999999995,
            "p(95)": 0.17640250000000002,
            "avg": 0.5126381555798427,
            "min": 0.0106
        },
        "vus": {
            "value": 9,
            "min": 8,
            "max": 500
        },
        "pushpulls": {
            "count": 41735,
            "rate": 269.86658589893
        },
        "active_clients_success_rate": {
            "passes": 8347,
            "fails": 0,
            "value": 1
        },
        "vus_max": {
            "value": 500,
            "min": 500,
            "max": 500
        },
        "iterations": {
            "count": 8347,
            "rate": 53.973317179786
        },
        "http_req_connecting": {
            "max": 158.302973,
            "p(90)": 0,
            "p(95)": 0,
            "avg": 0.015802257682400865,
            "min": 0,
            "med": 0
        },
        "group_duration": {
            "min": 6013.781165,
            "med": 6448.889795,
            "max": 8140.443436,
            "p(90)": 7035.3994018,
            "p(95)": 7222.2220872,
            "avg": 6483.085898953137
        },
        "data_received": {
            "count": 1206673380,
            "rate": 7802583.571480105
        },
        "deactivate_clients": {
            "count": 8347,
            "rate": 53.973317179786
        },
        "deactivate_clients_time": {
            "p(90)": 72,
            "p(95)": 122,
            "avg": 24.528812747094765,
            "min": 0,
            "med": 3,
            "max": 689,
            "thresholds": {
                "p(95)<10000": false
            }
        },
        "pushpulls_time": {
            "avg": 51.652282257098356,
            "min": 1,
            "med": 15,
            "max": 853,
            "p(90)": 150,
            "p(95)": 219,
            "thresholds": {
                "p(95)<1000": false
            }
        },
        "http_req_duration{expected_response:true}": {
            "p(95)": 206.58678725,
            "avg": 44.825863334222035,
            "min": 0.18118,
            "med": 8.2494825,
            "max": 880.87653,
            "p(90)": 135.4381905
        },
        "active_clients": {
            "rate": 53.973317179786,
            "count": 8347
        },
        "attach_documents": {
            "count": 8347,
            "rate": 53.973317179786
        },
        "attach_documents_success_rate": {
            "fails": 0,
            "passes": 8347,
            "value": 1
        },
        "transaction_success_rate": {
            "passes": 8347,
            "fails": 0,
            "thresholds": {
                "rate>0.99": false
            },
            "value": 1
        },
        "active_clients_time": {
            "med": 5,
            "max": 673,
            "p(90)": 73,
            "p(95)": 106,
            "avg": 24.19827482927998,
            "min": 0,
            "thresholds": {
                "p(95)<500": false
            }
        },
        "http_req_receiving": {
            "avg": 3.154762405624836,
            "min": 0.014727,
            "med": 0.0535205,
            "max": 497.80972,
            "p(90)": 0.26432500000000003,
            "p(95)": 1.17951775
        },
        "http_req_blocked": {
            "avg": 0.0282021925542124,
            "min": 0.001513,
            "med": 0.004038,
            "max": 178.112548,
            "p(90)": 0.00549,
            "p(95)": 0.0072562500000000005
        },
        "http_req_tls_handshaking": {
            "avg": 0,
            "min": 0,
            "med": 0,
            "max": 0,
            "p(90)": 0,
            "p(95)": 0
        }
    }
}