{
    "root_group": {
        "groups": {
            "Presence": {
                "name": "Presence",
                "path": "::Presence",
                "id": "63ab1748852475484c3afb7dae46dbde",
                "groups": {},
                "checks": {
                        "status is 200": {
                            "fails": 0,
                            "name": "status is 200",
                            "path": "::Presence::status is 200",
                            "id": "2bdfe827d978801584a6dde561f63b7d",
                            "passes": 67872
                        },
                        "response has valid body": {
                            "name": "response has valid body",
                            "path": "::Presence::response has valid body",
                            "id": "2cb1a85a5851b9e28736f532526a5909",
                            "passes": 67872,
                            "fails": 0
                        }
                    }
            }
        },
        "checks": {},
        "name": "",
        "path": "",
        "id": "d41d8cd98f00b204e9800998ecf8427e"
    },
    "metrics": {
        "http_req_receiving": {
            "avg": 1.1483116202410424,
            "min": 0.014747,
            "med": 0.052168,
            "max": 373.234502,
            "p(90)": 0.19709390000000004,
            "p(95)": 0.5560914999999997
        },
        "iteration_duration": {
            "min": 6013.037816,
            "med": 6298.8529055,
            "max": 7706.352573,
            "p(90)": 6815.2664757,
            "p(95)": 6969.55412085,
            "avg": 6366.2508839382535
        },
        "http_req_tls_handshaking": {
            "avg": 0,
            "min": 0,
            "med": 0,
            "max": 0,
            "p(90)": 0,
            "p(95)": 0
        },
        "pushpulls_success_rate": {
            "passes": 42420,
            "fails": 0,
            "value": 1
        },
        "iterations": {
            "count": 8484,
            "rate": 55.0433265702202
        },
        "vus": {
            "value": 5,
            "min": 5,
            "max": 500
        },
        "http_req_waiting": {
            "avg": 33.34036611602675,
            "min": 0.136132,
            "med": 6.8313015,
            "max": 602.052322,
            "p(90)": 96.85246590000001,
            "p(95)": 153.5335374999999
        },
        "active_clients_time": {
            "p(90)": 64,
            "p(95)": 93.84999999999945,
            "avg": 21.275695426685527,
            "min": 0,
            "med": 4,
            "max": 512,
            "thresholds": {
                "p(95)<500": false
            }
        },
        "deactivate_clients": {
            "count": 8484,
            "rate": 55.0433265702202
        },
        "vus_max": {
            "value": 500,
            "min": 500,
            "max": 500
        },
        "deactivate_clients_time": {
            "max": 453,
            "p(90)": 54,
            "p(95)": 85,
            "avg": 17.89945780292315,
            "min": 0,
            "med": 2,
            "thresholds": {
                "p(95)<10000": false
            }
        },
        "http_req_failed": {
            "passes": 0,
            "fails": 67872,
            "value": 0
        },
        "http_req_connecting": {
            "avg": 0.006625185393092884,
            "min": 0,
            "med": 0,
            "max": 44.63101,
            "p(90)": 0,
            "p(95)": 0
        },
        "attach_documents_time": {
            "max": 696,
            "p(90)": 292,
            "p(95)": 378,
            "avg": 86.22984441301273,
            "min": 2,
            "med": 19,
            "thresholds": {
                "p(95)<10000": false
            }
        },
        "pushpulls_time": {
            "max": 812,
            "p(90)": 107,
            "p(95)": 155,
            "avg": 37.6503300330033,
            "min": 1,
            "med": 13,
            "thresholds": {
                "p(95)<1000": false
            }
        },
        "http_req_duration{expected_response:true}": {
            "avg": 34.83684998584074,
            "min": 0.178527,
            "med": 7.113931,
            "max": 695.207237,
            "p(90)": 101.05816660000004,
            "p(95)": 162.19619079999998
        },
        "http_req_blocked": {
            "avg": 0.018645039324021895,
            "min": 0.001442,
            "med": 0.003817,
            "max": 123.371406,
            "p(90)": 0.00542,
            "p(95)": 0.007443449999999997
        },
        "group_duration": {
            "max": 7706.324701,
            "p(90)": 6815.0052605,
            "p(95)": 6969.5334924,
            "avg": 6366.155098979027,
            "min": 6012.96486,
            "med": 6298.8196585000005
        },
        "checks": {
            "passes": 135744,
            "fails": 0,
            "value": 1
        },
        "attach_documents": {
            "count": 8484,
            "rate": 55.0433265702202
        },
        "active_clients": {
            "count": 8484,
            "rate": 55.0433265702202
        },
        "data_sent": {
            "count": 63858224,
            "rate": 414305.6433081416
        },
        "http_reqs": {
            "count": 67872,
            "rate": 440.3466125617616
        },
        "transaction_success_rate": {
            "passes": 8484,
            "fails": 0,
            "thresholds": {
                "rate>0.99": false
            },
            "value": 1
        },
        "http_req_sending": {
            "p(95)": 0.16824399999999992,
            "avg": 0.3481722495727249,
            "min": 0.008525,
            "med": 0.020428,
            "max": 296.269274,
            "p(90)": 0.053029
        },
        "http_req_duration": {
            "avg": 34.83684998584074,
            "min": 0.178527,
            "med": 7.113931,
            "max": 695.207237,
            "p(90)": 101.05816660000004,
            "p(95)": 162.19619079999998,
            "thresholds": {
                "p(95)<10000": false
            }
        },
        "deactivate_clients_success_rate": {
            "passes": 8484,
            "fails": 0,
            "value": 1
        },
        "active_clients_success_rate": {
            "passes": 8484,
            "fails": 0,
            "value": 1
        },
        "transaction_time": {
            "p(95)": 6970,
            "avg": 6366.195662423385,
            "min": 6013,
            "med": 6299,
            "max": 7706,
            "p(90)": 6815,
            "thresholds": {
                "p(95)<30000": false
            }
        },
        "pushpulls": {
            "count": 42420,
            "rate": 275.216632851101
        },
        "data_received": {
            "count": 1234537637,
            "rate": 8009554.257027224
        },
        "attach_documents_success_rate": {
            "passes": 8484,
            "fails": 0,
            "value": 1
        }
    }
}