{
    "metrics": {
        "data_received": {
            "count": 1176290448,
            "rate": 7589685.153667509
        },
        "pushpulls_time": {
            "avg": 52.69656662665066,
            "min": 1,
            "med": 20,
            "max": 821,
            "p(90)": 144,
            "p(95)": 199,
            "thresholds": {
                "p(95)<1000": false
            }
        },
        "active_clients_time": {
            "min": 1,
            "med": 7,
            "max": 491,
            "p(90)": 70,
            "p(95)": 100,
            "avg": 24.06206482593037,
            "thresholds": {
                "p(95)<500": false
            }
        },
        "http_req_receiving": {
            "min": 0.012524,
            "med": 0.051697,
            "max": 465.582846,
            "p(90)": 0.26384909999999995,
            "p(95)": 0.9727990999999969,
            "avg": 2.5316118406662698
        },
        "attach_documents": {
            "count": 8330,
            "rate": 53.74699542748506
        },
        "pushpulls": {
            "count": 41650,
            "rate": 268.7349771374253
        },
        "active_clients": {
            "count": 8330,
            "rate": 53.74699542748506
        },
        "http_req_duration{expected_response:true}": {
            "max": 955.697157,
            "p(90)": 135.63298359999996,
            "p(95)": 200.58324384999997,
            "avg": 46.89295004044162,
            "min": 0.185008,
            "med": 11.84346
        },
        "deactivate_clients_time": {
            "avg": 20.45438175270108,
            "min": 0,
            "med": 3,
            "max": 608,
            "p(90)": 60,
            "p(95)": 97,
            "thresholds": {
                "p(95)<10000": false
            }
        },
        "transaction_time": {
            "avg": 6493.9418967587035,
            "min": 6014,
            "med": 6485,
            "max": 8349,
            "p(90)": 6991,
            "p(95)": 7154,
            "thresholds": {
                "p(95)<30000": false
            }
        },
        "http_req_tls_handshaking": {
            "min": 0,
            "med": 0,
            "max": 0,
            "p(90)": 0,
            "p(95)": 0,
            "avg": 0
        },
        "deactivate_clients": {
            "count": 8330,
            "rate": 53.74699542748506
        },
        "http_req_duration": {
            "avg": 46.89295004044162,
            "min": 0.185008,
            "med": 11.84346,
            "max": 955.697157,
            "p(90)": 135.63298359999996,
            "p(95)": 200.58324384999997,
            "thresholds": {
                "p(95)<10000": false
            }
        },
        "deactivate_clients_success_rate": {
            "passes": 8330,
            "fails": 0,
            "value": 1
        },
        "http_reqs": {
            "count": 66640,
            "rate": 429.9759634198805
        },
        "http_req_failed": {
            "passes": 0,
            "fails": 66640,
            "value": 0
        },
        "group_duration": {
            "max": 8348.373492,
            "p(90)": 6990.6875128,
            "p(95)": 7153.8650314,
            "avg": 6493.888580974091,
            "min": 6014.300731,
            "med": 6484.737803
        },
        "data_sent": {
            "count": 62698522,
            "rate": 404544.6789008489
        },
        "http_req_connecting": {
            "p(90)": 0,
            "p(95)": 0,
            "avg": 0.017326729291716688,
            "min": 0,
            "med": 0,
            "max": 133.31634
        },
        "http_req_blocked": {
            "avg": 0.03593246418067376,
            "min": 0.001592,
            "med": 0.004088,
            "max": 355.640311,
            "p(90)": 0.00555,
            "p(95)": 0.007384
        },
        "active_clients_success_rate": {
            "passes": 8330,
            "fails": 0,
            "value": 1
        },
        "attach_documents_time": {
            "p(90)": 362,
            "p(95)": 438,
            "avg": 120.70024009603841,
            "min": 3,
            "med": 44.5,
            "max": 959,
            "thresholds": {
                "p(95)<10000": false
            }
        },
        "attach_documents_success_rate": {
            "passes": 8330,
            "fails": 0,
            "value": 1
        },
        "http_req_sending": {
            "avg": 0.45708451632652897,
            "min": 0.010469,
            "med": 0.02121,
            "max": 460.272614,
            "p(90)": 0.061214099999999994,
            "p(95)": 0.18316305
        },
        "vus_max": {
            "value": 500,
            "min": 500,
            "max": 500
        },
        "transaction_success_rate": {
            "passes": 8330,
            "fails": 0,
            "thresholds": {
                "rate>0.99": false
            },
            "value": 1
        },
        "pushpulls_success_rate": {
            "passes": 41650,
            "fails": 0,
            "value": 1
        },
        "vus": {
            "value": 1,
            "min": 1,
            "max": 500
        },
        "iterations": {
            "count": 8330,
            "rate": 53.74699542748506
        },
        "http_req_waiting": {
            "avg": 43.904253683448566,
            "min": 0.133989,
            "med": 11.397036,
            "max": 700.384761,
            "p(90)": 126.61995009999994,
            "p(95)": 183.09393329999992
        },
        "iteration_duration": {
            "avg": 6493.978363076225,
            "min": 6014.351878,
            "med": 6484.8129405,
            "max": 8348.39373,
            "p(90)": 6990.7134192,
            "p(95)": 7153.956403849999
        },
        "checks": {
            "passes": 133280,
            "fails": 0,
            "value": 1
        }
    },
    "root_group": {
        "checks": {},
        "name": "",
        "path": "",
        "id": "d41d8cd98f00b204e9800998ecf8427e",
        "groups": {
                "Presence": {
                    "path": "::Presence",
                    "id": "63ab1748852475484c3afb7dae46dbde",
                    "groups": {},
                    "checks": {
                            "status is 200": {
                                "fails": 0,
                                "name": "status is 200",
                                "path": "::Presence::status is 200",
                                "id": "2bdfe827d978801584a6dde561f63b7d",
                                "passes": 66640
                            },
                            "response has valid body": {
                                "name": "response has valid body",
                                "path": "::Presence::response has valid body",
                                "id": "2cb1a85a5851b9e28736f532526a5909",
                                "passes": 66640,
                                "fails": 0
                            }
                        },
                    "name": "Presence"
                }
            }
    }
}