{
    "root_group": {
        "name": "",
        "path": "",
        "id": "d41d8cd98f00b204e9800998ecf8427e",
        "groups": {
            "Presence": {
                "path": "::Presence",
                "id": "63ab1748852475484c3afb7dae46dbde",
                "groups": {},
                "checks": {
                        "status is 200": {
                            "name": "status is 200",
                            "path": "::Presence::status is 200",
                            "id": "2bdfe827d978801584a6dde561f63b7d",
                            "passes": 67360,
                            "fails": 0
                        },
                        "response has valid body": {
                            "name": "response has valid body",
                            "path": "::Presence::response has valid body",
                            "id": "2cb1a85a5851b9e28736f532526a5909",
                            "passes": 67360,
                            "fails": 0
                        }
                    },
                "name": "Presence"
            }
        },
        "checks": {}
    },
    "metrics": {
        "iteration_duration": {
            "avg": 6422.604420364371,
            "min": 6012.504312,
            "med": 6370.464636000001,
            "max": 8274.957175,
            "p(90)": 6933.9120348999995,
            "p(95)": 7090.600966799999
        },
        "active_clients_time": {
            "min": 0,
            "med": 3,
            "max": 526,
            "p(90)": 67,
            "p(95)": 100.04999999999927,
            "avg": 22.040736342042756,
            "thresholds": {
                "p(95)<500": false
            }
        },
        "group_duration": {
            "min": 6012.457434,
            "med": 6370.3822465,
            "max": 8274.925155,
            "p(90)": 6933.8893701,
            "p(95)": 7090.5812962499995,
            "avg": 6422.55805295013
        },
        "http_req_duration{expected_response:true}": {
            "avg": 37.706948126321485,
            "min": 0.188754,
            "med": 6.329809,
            "max": 733.119894,
            "p(90)": 117.60212589999999,
            "p(95)": 180.76889709999978
        },
        "checks": {
            "passes": 134720,
            "fails": 0,
            "value": 1
        },
        "active_clients_success_rate": {
            "fails": 0,
            "passes": 8420,
            "value": 1
        },
        "http_req_waiting": {
            "avg": 34.27669791009508,
            "min": 0.134625,
            "med": 6.0455559999999995,
            "max": 612.285008,
            "p(90)": 106.08180819999997,
            "p(95)": 161.18572694999986
        },
        "transaction_time": {
            "p(90)": 6934,
            "p(95)": 7090,
            "avg": 6422.564489311164,
            "min": 6012,
            "med": 6370,
            "max": 8274,
            "thresholds": {
                "p(95)<30000": false
            }
        },
        "http_reqs": {
            "count": 67360,
            "rate": 436.29273514254396
        },
        "vus_max": {
            "value": 500,
            "min": 500,
            "max": 500
        },
        "http_req_tls_handshaking": {
            "avg": 0,
            "min": 0,
            "med": 0,
            "max": 0,
            "p(90)": 0,
            "p(95)": 0
        },
        "http_req_blocked": {
            "avg": 0.021223393868765858,
            "min": 0.001493,
            "med": 0.004027,
            "max": 85.540906,
            "p(90)": 0.00546,
            "p(95)": 0.006943499999999957
        },
        "active_clients": {
            "count": 8420,
            "rate": 54.536591892817995
        },
        "deactivate_clients_time": {
            "min": 0,
            "med": 2,
            "max": 446,
            "p(90)": 73,
            "p(95)": 124,
            "avg": 22.850475059382422,
            "thresholds": {
                "p(95)<10000": false
            }
        },
        "data_sent": {
            "count": 63376486,
            "rate": 410491.3957936928
        },
        "vus": {
            "value": 7,
            "min": 7,
            "max": 500
        },
        "http_req_failed": {
            "passes": 0,
            "fails": 67360,
            "value": 0
        },
        "iterations": {
            "count": 8420,
            "rate": 54.536591892817995
        },
        "deactivate_clients_success_rate": {
            "passes": 8420,
            "fails": 0,
            "value": 1
        },
        "attach_documents_time": {
            "p(90)": 268,
            "p(95)": 348,
            "avg": 83.17565320665084,
            "min": 2,
            "med": 16,
            "max": 735,
            "thresholds": {
                "p(95)<10000": false
            }
        },
        "pushpulls": {
            "count": 42100,
            "rate": 272.68295946409
        },
        "http_req_receiving": {
            "avg": 2.9705476198634235,
            "min": 0.01607,
            "med": 0.054422,
            "max": 390.77461,
            "p(90)": 0.2606296,
            "p(95)": 1.2269113999999997
        },
        "attach_documents": {
            "count": 8420,
            "rate": 54.536591892817995
        },
        "deactivate_clients": {
            "count": 8420,
            "rate": 54.536591892817995
        },
        "http_req_sending": {
            "avg": 0.4597025963628281,
            "min": 0.009918,
            "med": 0.0215,
            "max": 335.537921,
            "p(90)": 0.05893869999999991,
            "p(95)": 0.17677199999999993
        },
        "http_req_connecting": {
            "med": 0,
            "max": 85.487766,
            "p(90)": 0,
            "p(95)": 0,
            "avg": 0.01094523634204276,
            "min": 0
        },
        "attach_documents_success_rate": {
            "fails": 0,
            "passes": 8420,
            "value": 1
        },
        "pushpulls_time": {
            "avg": 45.40648456057007,
            "min": 1,
            "med": 12,
            "max": 712,
            "p(90)": 137,
            "p(95)": 203,
            "thresholds": {
                "p(95)<1000": false
            }
        },
        "transaction_success_rate": {
            "passes": 8420,
            "fails": 0,
            "thresholds": {
                "rate>0.99": false
            },
            "value": 1
        },
        "pushpulls_success_rate": {
            "passes": 42100,
            "fails": 0,
            "value": 1
        },
        "http_req_duration": {
            "med": 6.329809,
            "max": 733.119894,
            "p(90)": 117.60212589999999,
            "p(95)": 180.76889709999978,
            "avg": 37.706948126321485,
            "min": 0.188754,
            "thresholds": {
                "p(95)<10000": false
            }
        },
        "data_received": {
            "count": 1191051811,
            "rate": 7714478.21136684
        }
    }
}