{
    "metrics": {
        "active_clients": {
            "count": 8561,
            "rate": 55.223056967996065
        },
        "http_req_connecting": {
            "avg": 0.014524450969512905,
            "min": 0,
            "med": 0,
            "max": 139.948286,
            "p(90)": 0,
            "p(95)": 0
        },
        "iterations": {
            "count": 8561,
            "rate": 55.223056967996065
        },
        "iteration_duration": {
            "p(90)": 6625.387644,
            "p(95)": 6724.686077,
            "avg": 6310.694389915207,
            "min": 6014.836767,
            "med": 6304.555341,
            "max": 7683.806125
        },
        "deactivate_clients_success_rate": {
            "passes": 8561,
            "fails": 0,
            "value": 1
        },
        "checks": {
            "passes": 136976,
            "fails": 0,
            "value": 1
        },
        "http_req_receiving": {
            "max": 332.86484,
            "p(90)": 0.17295860000000016,
            "p(95)": 0.46515064999999955,
            "avg": 0.6462592696676848,
            "min": 0.013986,
            "med": 0.051306
        },
        "vus": {
            "max": 500,
            "value": 1,
            "min": 1
        },
        "data_received": {
            "count": 1255791032,
            "rate": 8100527.940665176
        },
        "transaction_success_rate": {
            "passes": 8561,
            "fails": 0,
            "thresholds": {
                "rate>0.99": false
            },
            "value": 1
        },
        "http_req_failed": {
            "passes": 0,
            "fails": 68488,
            "value": 0
        },
        "active_clients_time": {
            "avg": 17.893937624109334,
            "min": 0,
            "med": 5,
            "max": 342,
            "p(90)": 53,
            "p(95)": 78,
            "thresholds": {
                "p(95)<500": false
            }
        },
        "group_duration": {
            "avg": 6310.626055858064,
            "min": 6014.772146,
            "med": 6304.527237,
            "max": 7683.788552,
            "p(90)": 6625.314859,
            "p(95)": 6724.657623
        },
        "deactivate_clients_time": {
            "p(95)": 70,
            "avg": 15.03142156290153,
            "min": 0,
            "med": 3,
            "max": 370,
            "p(90)": 46,
            "thresholds": {
                "p(95)<10000": false
            }
        },
        "http_req_tls_handshaking": {
            "avg": 0,
            "min": 0,
            "med": 0,
            "max": 0,
            "p(90)": 0,
            "p(95)": 0
        },
        "data_sent": {
            "count": 64438060,
            "rate": 415660.16333222156
        },
        "pushpulls": {
            "count": 42805,
            "rate": 276.11528483998035
        },
        "vus_max": {
            "value": 500,
            "min": 500,
            "max": 500
        },
        "pushpulls_success_rate": {
            "fails": 0,
            "passes": 42805,
            "value": 1
        },
        "deactivate_clients": {
            "rate": 55.223056967996065,
            "count": 8561
        },
        "pushpulls_time": {
            "avg": 33.1647704707394,
            "min": 1,
            "med": 15,
            "max": 487,
            "p(90)": 90,
            "p(95)": 123,
            "thresholds": {
                "p(95)<1000": false
            }
        },
        "http_req_waiting": {
            "min": 0.131766,
            "med": 7.607987,
            "max": 620.773817,
            "p(90)": 80.07668140000006,
            "p(95)": 119.3298418,
            "avg": 28.373486174074554
        },
        "http_req_duration": {
            "p(95)": 123.62133424999999,
            "avg": 29.30794584557874,
            "min": 0.189374,
            "med": 7.9575825,
            "max": 620.9417,
            "p(90)": 83.3883859,
            "thresholds": {
                "p(95)<10000": false
            }
        },
        "http_req_blocked": {
            "p(95)": 0.007654,
            "avg": 0.029591947246233492,
            "min": 0.001493,
            "med": 0.003887,
            "max": 140.055216,
            "p(90)": 0.005570300000000003
        },
        "active_clients_success_rate": {
            "passes": 8561,
            "fails": 0,
            "value": 1
        },
        "attach_documents": {
            "count": 8561,
            "rate": 55.223056967996065
        },
        "http_req_duration{expected_response:true}": {
            "avg": 29.30794584557874,
            "min": 0.189374,
            "med": 7.9575825,
            "max": 620.9417,
            "p(90)": 83.3883859,
            "p(95)": 123.62133424999999
        },
        "attach_documents_success_rate": {
            "passes": 8561,
            "fails": 0,
            "value": 1
        },
        "attach_documents_time": {
            "avg": 68.56628898493166,
            "min": 3,
            "med": 24,
            "max": 622,
            "p(90)": 200,
            "p(95)": 272,
            "thresholds": {
                "p(95)<10000": false
            }
        },
        "http_reqs": {
            "count": 68488,
            "rate": 441.7844557439685
        },
        "http_req_sending": {
            "med": 0.020609,
            "max": 286.600537,
            "p(90)": 0.052879,
            "p(95)": 0.16056949999999984,
            "avg": 0.2882004018368189,
            "min": 0.009017
        },
        "transaction_time": {
            "avg": 6310.635907020208,
            "min": 6015,
            "med": 6304,
            "max": 7684,
            "p(90)": 6625,
            "p(95)": 6725,
            "thresholds": {
                "p(95)<30000": false
            }
        }
    },
    "root_group": {
        "checks": {},
        "name": "",
        "path": "",
        "id": "d41d8cd98f00b204e9800998ecf8427e",
        "groups": {
                "Presence": {
                    "name": "Presence",
                    "path": "::Presence",
                    "id": "63ab1748852475484c3afb7dae46dbde",
                    "groups": {},
                    "checks": {
                            "status is 200": {
                                "name": "status is 200",
                                "path": "::Presence::status is 200",
                                "id": "2bdfe827d978801584a6dde561f63b7d",
                                "passes": 68488,
                                "fails": 0
                            },
                            "response has valid body": {
                                "name": "response has valid body",
                                "path": "::Presence::response has valid body",
                                "id": "2cb1a85a5851b9e28736f532526a5909",
                                "passes": 68488,
                                "fails": 0
                            }
                        }
                }
            }
    }
}