{
    "metrics": {
        "http_req_sending": {
            "avg": 0.45932793944370787,
            "min": 0.010941,
            "med": 0.021941,
            "max": 384.118664,
            "p(90)": 0.0578983,
            "p(95)": 0.18316134999999967
        },
        "http_req_connecting": {
            "med": 0,
            "max": 192.305452,
            "p(90)": 0,
            "p(95)": 0,
            "avg": 0.019183499337029897,
            "min": 0
        },
        "deactivate_clients_success_rate": {
            "passes": 8296,
            "fails": 0,
            "value": 1
        },
        "http_req_duration{expected_response:true}": {
            "avg": 49.68359432190224,
            "min": 0.494385,
            "med": 10.0020345,
            "max": 700.505301,
            "p(90)": 151.0176768,
            "p(95)": 217.83414054999992
        },
        "active_clients_success_rate": {
            "passes": 8296,
            "fails": 0,
            "value": 1
        },
        "checks": {
            "fails": 0,
            "passes": 132736,
            "value": 1
        },
        "deactivate_clients": {
            "count": 8296,
            "rate": 53.54660853915489
        },
        "active_clients_time": {
            "avg": 29.940332690453232,
            "min": 0,
            "med": 5,
            "max": 481,
            "p(90)": 97,
            "p(95)": 135.25,
            "thresholds": {
                "p(95)<500": false
            }
        },
        "pushpulls": {
            "rate": 267.73304269577443,
            "count": 41480
        },
        "http_req_waiting": {
            "p(90)": 141.93367890000002,
            "p(95)": 204.8853864999998,
            "avg": 47.31679280338384,
            "min": 0.442307,
            "med": 9.661267500000001,
            "max": 700.405343
        },
        "http_req_receiving": {
            "avg": 1.90747357907425,
            "min": 0.013224,
            "med": 0.052979,
            "max": 391.229187,
            "p(90)": 0.23985140000000002,
            "p(95)": 0.812035099999997
        },
        "active_clients": {
            "count": 8296,
            "rate": 53.54660853915489
        },
        "transaction_time": {
            "avg": 6515.569913211186,
            "min": 6016,
            "med": 6504.5,
            "max": 8161,
            "p(90)": 7082.5,
            "p(95)": 7256,
            "thresholds": {
                "p(95)<30000": false
            }
        },
        "attach_documents": {
            "rate": 53.54660853915489,
            "count": 8296
        },
        "data_sent": {
            "count": 62442444,
            "rate": 403035.330893937
        },
        "pushpulls_time": {
            "p(90)": 164,
            "p(95)": 220,
            "avg": 56.10689488910318,
            "min": 1,
            "med": 18,
            "max": 681,
            "thresholds": {
                "p(95)<1000": false
            }
        },
        "attach_documents_success_rate": {
            "passes": 8296,
            "fails": 0,
            "value": 1
        },
        "vus": {
            "value": 1,
            "min": 1,
            "max": 500
        },
        "transaction_success_rate": {
            "passes": 8296,
            "fails": 0,
            "thresholds": {
                "rate>0.99": false
            },
            "value": 1
        },
        "iterations": {
            "count": 8296,
            "rate": 53.54660853915489
        },
        "pushpulls_success_rate": {
            "passes": 41480,
            "fails": 0,
            "value": 1
        },
        "data_received": {
            "rate": 7523805.22390707,
            "count": 1165666507
        },
        "http_req_failed": {
            "passes": 0,
            "fails": 66368,
            "value": 0
        },
        "http_reqs": {
            "count": 66368,
            "rate": 428.3728683132391
        },
        "http_req_duration": {
            "p(95)": 217.83414054999992,
            "avg": 49.68359432190224,
            "min": 0.494385,
            "med": 10.0020345,
            "max": 700.505301,
            "p(90)": 151.0176768,
            "thresholds": {
                "p(95)<10000": false
            }
        },
        "http_req_tls_handshaking": {
            "p(90)": 0,
            "p(95)": 0,
            "avg": 0,
            "min": 0,
            "med": 0,
            "max": 0
        },
        "iteration_duration": {
            "p(95)": 7255.61409275,
            "avg": 6515.626196802421,
            "min": 6016.016516,
            "med": 6504.2907275,
            "max": 8162.003086,
            "p(90)": 7082.508897
        },
        "http_req_blocked": {
            "avg": 0.032303691312079,
            "min": 0.001583,
            "med": 0.004008,
            "max": 192.361887,
            "p(90)": 0.00556,
            "p(95)": 0.007831499999999943
        },
        "vus_max": {
            "value": 500,
            "min": 500,
            "max": 500
        },
        "group_duration": {
            "max": 8161.982077,
            "p(90)": 7082.4713565,
            "p(95)": 7255.49795825,
            "avg": 6515.54936195261,
            "min": 6015.987131,
            "med": 6504.2664625
        },
        "deactivate_clients_time": {
            "avg": 26.89778206364513,
            "min": 0,
            "med": 4,
            "max": 401,
            "p(90)": 87,
            "p(95)": 128,
            "thresholds": {
                "p(95)<10000": false
            }
        },
        "attach_documents_time": {
            "p(90)": 338,
            "p(95)": 433,
            "avg": 108.45961909353906,
            "min": 3,
            "med": 19,
            "max": 701,
            "thresholds": {
                "p(95)<10000": false
            }
        }
    },
    "root_group": {
        "checks": {},
        "name": "",
        "path": "",
        "id": "d41d8cd98f00b204e9800998ecf8427e",
        "groups": {
                "Presence": {
                    "path": "::Presence",
                    "id": "63ab1748852475484c3afb7dae46dbde",
                    "groups": {},
                    "checks": {
                            "status is 200": {
                                "fails": 0,
                                "name": "status is 200",
                                "path": "::Presence::status is 200",
                                "id": "2bdfe827d978801584a6dde561f63b7d",
                                "passes": 66368
                            },
                            "response has valid body": {
                                "passes": 66368,
                                "fails": 0,
                                "name": "response has valid body",
                                "path": "::Presence::response has valid body",
                                "id": "2cb1a85a5851b9e28736f532526a5909"
                            }
                        },
                    "name": "Presence"
                }
            }
    }
}