{
    "root_group": {
        "path": "",
        "id": "d41d8cd98f00b204e9800998ecf8427e",
        "groups": {
            "Attachment": {
                "name": "Attachment",
                "path": "::Attachment",
                "id": "8e39eb0cb12fb749ba9ccd15af52cbad",
                "groups": {},
                "checks": {
                        "status is 200": {
                            "name": "status is 200",
                            "path": "::Attachment::status is 200",
                            "id": "db3dc3f9e26c1649b08cc5a49159f747",
                            "passes": 72876,
                            "fails": 0
                        },
                        "response has valid body": {
                            "name": "response has valid body",
                            "path": "::Attachment::response has valid body",
                            "id": "ae60d91cf191d752075b277bc603091f",
                            "passes": 72876,
                            "fails": 0
                        }
                    }
            }
        },
        "checks": {},
        "name": ""
    },
    "metrics": {
        "http_req_duration": {
            "med": 25.504184000000002,
            "max": 1351.59239,
            "p(90)": 580.2837965,
            "p(95)": 768.2644592500001,
            "avg": 152.33949755330826,
            "min": 0.950669,
            "thresholds": {
                "p(95)<10000": false
            }
        },
        "http_reqs": {
            "count": 72876,
            "rate": 475.1239675537286
        },
        "pushpulls": {
            "count": 41124,
            "rate": 268.1129321268941
        },
        "control_doc_latency": {
            "avg": 0,
            "min": 0,
            "med": 0,
            "max": 0,
            "p(90)": 0,
            "p(95)": 0,
            "thresholds": {
                "p(95)<500": false
            }
        },
        "active_clients": {
            "count": 10584,
            "rate": 69.0036784756115
        },
        "http_req_tls_handshaking": {
            "p(95)": 0,
            "avg": 0,
            "min": 0,
            "med": 0,
            "max": 0,
            "p(90)": 0
        },
        "vus": {
            "value": 5,
            "min": 5,
            "max": 500
        },
        "http_req_waiting": {
            "p(95)": 758.5225350000001,
            "avg": 148.3529200116088,
            "min": 0.897717,
            "med": 24.8540405,
            "max": 1133.296264,
            "p(90)": 577.275655
        },
        "iterations": {
            "count": 10584,
            "rate": 69.0036784756115
        },
        "http_req_blocked": {
            "avg": 0.04581109034524557,
            "min": 0.001453,
            "med": 0.003998,
            "max": 146.351051,
            "p(90)": 0.005761,
            "p(95)": 0.008195
        },
        "transaction_time": {
            "min": 3017,
            "med": 5043,
            "max": 8946,
            "p(90)": 6624.700000000001,
            "p(95)": 6997.85,
            "avg": 5065.897486772486
        },
        "transaction_success_rate": {
            "fails": 0,
            "passes": 10584,
            "thresholds": {
                "rate>0.99": false
            },
            "value": 1
        },
        "http_req_connecting": {
            "med": 0,
            "max": 146.220295,
            "p(90)": 0,
            "p(95)": 0,
            "avg": 0.03188612610461605,
            "min": 0
        },
        "attach_documents": {
            "count": 10584,
            "rate": 69.0036784756115
        },
        "vus_max": {
            "value": 500,
            "min": 500,
            "max": 500
        },
        "group_duration": {
            "avg": 5065.865237461057,
            "min": 3017.357947,
            "med": 5043.189758,
            "max": 8945.624436,
            "p(90)": 6624.651065500001,
            "p(95)": 6997.7463247000005
        },
        "http_req_duration{expected_response:true}": {
            "min": 0.950669,
            "med": 25.504184000000002,
            "max": 1351.59239,
            "p(90)": 580.2837965,
            "p(95)": 768.2644592500001,
            "avg": 152.33949755330826
        },
        "data_received": {
            "count": 1168880503,
            "rate": 7620658.9574284805
        },
        "http_req_failed": {
            "passes": 0,
            "fails": 72876,
            "value": 0
        },
        "data_sent": {
            "count": 68306221,
            "rate": 445330.7361836793
        },
        "http_req_receiving": {
            "avg": 3.390560516425143,
            "min": 0.012342,
            "med": 0.049462,
            "max": 559.240112,
            "p(90)": 0.325463,
            "p(95)": 1.217984
        },
        "iteration_duration": {
            "avg": 5065.933914669228,
            "min": 3017.42403,
            "med": 5043.212981000001,
            "max": 8945.641978,
            "p(90)": 6624.6787995,
            "p(95)": 6997.7662179
        },
        "checks": {
            "passes": 145752,
            "fails": 0,
            "value": 1
        },
        "http_req_sending": {
            "avg": 0.5960170252758011,
            "min": 0.011572,
            "med": 0.021731,
            "max": 563.378269,
            "p(90)": 0.13349899999999998,
            "p(95)": 0.305906
        }
    }
}