{
    "root_group": {
        "path": "",
        "id": "d41d8cd98f00b204e9800998ecf8427e",
        "groups": {
            "Presence": {
                "groups": {},
                "checks": {
                        "status is 200": {
                            "passes": 67456,
                            "fails": 0,
                            "name": "status is 200",
                            "path": "::Presence::status is 200",
                            "id": "2bdfe827d978801584a6dde561f63b7d"
                        },
                        "response has valid body": {
                            "name": "response has valid body",
                            "path": "::Presence::response has valid body",
                            "id": "2cb1a85a5851b9e28736f532526a5909",
                            "passes": 67456,
                            "fails": 0
                        }
                    },
                "name": "Presence",
                "path": "::Presence",
                "id": "63ab1748852475484c3afb7dae46dbde"
            }
        },
        "checks": {},
        "name": ""
    },
    "metrics": {
        "http_req_blocked": {
            "avg": 0.02677358870967843,
            "min": 0.001443,
            "med": 0.003948,
            "max": 163.857064,
            "p(90)": 0.00538,
            "p(95)": 0.0075565
        },
        "http_req_failed": {
            "passes": 0,
            "fails": 67456,
            "value": 0
        },
        "group_duration": {
            "p(95)": 7049.26176675,
            "avg": 6411.491876573055,
            "min": 6012.515729,
            "med": 6374.061965,
            "max": 7818.410428,
            "p(90)": 6884.9699856
        },
        "transaction_time": {
            "avg": 6411.5196869070205,
            "min": 6013,
            "med": 6374,
            "max": 7818,
            "p(90)": 6885,
            "p(95)": 7048.9,
            "thresholds": {
                "p(95)<30000": false
            }
        },
        "active_clients_time": {
            "p(95)": 93,
            "avg": 20.597248576850095,
            "min": 0,
            "med": 4,
            "max": 353,
            "p(90)": 63,
            "thresholds": {
                "p(95)<500": false
            }
        },
        "http_req_sending": {
            "p(90)": 0.0489265,
            "p(95)": 0.16426925,
            "avg": 0.34568855326434916,
            "min": 0.010379,
            "med": 0.02121,
            "max": 466.315
        },
        "pushpulls_success_rate": {
            "fails": 0,
            "passes": 42160,
            "value": 1
        },
        "http_reqs": {
            "rate": 436.1101913265484,
            "count": 67456
        },
        "http_req_waiting": {
            "avg": 36.53496257375166,
            "min": 0.119443,
            "med": 6.508049,
            "max": 726.193661,
            "p(90)": 109.5126865,
            "p(95)": 168.940133
        },
        "active_clients_success_rate": {
            "passes": 8432,
            "fails": 0,
            "value": 1
        },
        "iteration_duration": {
            "max": 7818.431146,
            "p(90)": 6885.4589095,
            "p(95)": 7049.28482085,
            "avg": 6411.580842571179,
            "min": 6012.568087,
            "med": 6374.091888
        },
        "http_req_duration": {
            "avg": 38.580365626260196,
            "min": 0.168294,
            "med": 6.7685385,
            "max": 817.201157,
            "p(90)": 116.4458665,
            "p(95)": 182.01970075,
            "thresholds": {
                "p(95)<10000": false
            }
        },
        "transaction_success_rate": {
            "passes": 8432,
            "fails": 0,
            "thresholds": {
                "rate>0.99": false
            },
            "value": 1
        },
        "deactivate_clients_success_rate": {
            "passes": 8432,
            "fails": 0,
            "value": 1
        },
        "pushpulls": {
            "count": 42160,
            "rate": 272.56886957909273
        },
        "data_sent": {
            "count": 63466353,
            "rate": 410316.70051038096
        },
        "checks": {
            "passes": 134912,
            "fails": 0,
            "value": 1
        },
        "http_req_duration{expected_response:true}": {
            "med": 6.7685385,
            "max": 817.201157,
            "p(90)": 116.4458665,
            "p(95)": 182.01970075,
            "avg": 38.580365626260196,
            "min": 0.168294
        },
        "http_req_receiving": {
            "min": 0.01098,
            "med": 0.051897,
            "max": 306.802175,
            "p(90)": 0.204311,
            "p(95)": 0.6393165000000001,
            "avg": 1.6997144992439446
        },
        "attach_documents": {
            "count": 8432,
            "rate": 54.51377391581855
        },
        "active_clients": {
            "count": 8432,
            "rate": 54.51377391581855
        },
        "attach_documents_success_rate": {
            "fails": 0,
            "passes": 8432,
            "value": 1
        },
        "deactivate_clients_time": {
            "max": 491,
            "p(90)": 56,
            "p(95)": 87,
            "avg": 18.212049335863377,
            "min": 0,
            "med": 2,
            "thresholds": {
                "p(95)<10000": false
            }
        },
        "http_req_tls_handshaking": {
            "avg": 0,
            "min": 0,
            "med": 0,
            "max": 0,
            "p(90)": 0,
            "p(95)": 0
        },
        "vus": {
            "value": 2,
            "min": 2,
            "max": 500
        },
        "deactivate_clients": {
            "count": 8432,
            "rate": 54.51377391581855
        },
        "http_req_connecting": {
            "min": 0,
            "med": 0,
            "max": 89.963228,
            "p(90)": 0,
            "p(95)": 0,
            "avg": 0.01178834514350095
        },
        "data_received": {
            "count": 1194344582,
            "rate": 7721564.340693882
        },
        "pushpulls_time": {
            "p(90)": 133,
            "p(95)": 193,
            "avg": 44.91847722960152,
            "min": 1,
            "med": 13,
            "max": 756,
            "thresholds": {
                "p(95)<1000": false
            }
        },
        "attach_documents_time": {
            "min": 2,
            "med": 16,
            "max": 818,
            "p(90)": 300.90000000000055,
            "p(95)": 385.4499999999998,
            "avg": 88.08123814041745,
            "thresholds": {
                "p(95)<10000": false
            }
        },
        "vus_max": {
            "min": 500,
            "max": 500,
            "value": 500
        },
        "iterations": {
            "count": 8432,
            "rate": 54.51377391581855
        }
    }
}