{
    "root_group": {
        "id": "d41d8cd98f00b204e9800998ecf8427e",
        "groups": {
            "Presence": {
                "name": "Presence",
                "path": "::Presence",
                "id": "63ab1748852475484c3afb7dae46dbde",
                "groups": {},
                "checks": {
                        "status is 200": {
                            "name": "status is 200",
                            "path": "::Presence::status is 200",
                            "id": "2bdfe827d978801584a6dde561f63b7d",
                            "passes": 63600,
                            "fails": 0
                        },
                        "response has valid body": {
                            "name": "response has valid body",
                            "path": "::Presence::response has valid body",
                            "id": "2cb1a85a5851b9e28736f532526a5909",
                            "passes": 63600,
                            "fails": 0
                        }
                    }
            }
        },
        "checks": {},
        "name": "",
        "path": ""
    },
    "metrics": {
        "deactivate_clients": {
            "count": 7950,
            "rate": 51.31422941201002
        },
        "http_reqs": {
            "count": 63600,
            "rate": 410.5138352960802
        },
        "checks": {
            "fails": 0,
            "passes": 127200,
            "value": 1
        },
        "attach_documents_success_rate": {
            "passes": 7950,
            "fails": 0,
            "value": 1
        },
        "http_req_sending": {
            "p(90)": 0.09778509999999994,
            "p(95)": 0.2531655499999997,
            "avg": 0.5774593396540827,
            "min": 0.010369,
            "med": 0.024185,
            "max": 749.77412
        },
        "deactivate_clients_time": {
            "max": 1100,
            "p(90)": 450.2000000000007,
            "p(95)": 597,
            "avg": 169.8559748427673,
            "min": 4,
            "med": 107,
            "thresholds": {
                "p(95)<10000": false
            }
        },
        "http_req_duration": {
            "avg": 82.16524181603788,
            "min": 0.957868,
            "med": 28.117049,
            "max": 1100.138273,
            "p(90)": 227.3336563,
            "p(95)": 316.29258765,
            "thresholds": {
                "p(95)<10000": false
            }
        },
        "pushpulls_success_rate": {
            "passes": 39750,
            "fails": 0,
            "value": 1
        },
        "transaction_success_rate": {
            "passes": 7950,
            "fails": 0,
            "thresholds": {
                "rate>0.99": false
            },
            "value": 1
        },
        "active_clients": {
            "count": 7950,
            "rate": 51.31422941201002
        },
        "http_req_tls_handshaking": {
            "avg": 0,
            "min": 0,
            "med": 0,
            "max": 0,
            "p(90)": 0,
            "p(95)": 0
        },
        "active_clients_time": {
            "min": 1,
            "med": 6,
            "max": 897,
            "p(90)": 55,
            "p(95)": 85,
            "avg": 19.318364779874212,
            "thresholds": {
                "p(95)<500": false
            }
        },
        "http_req_blocked": {
            "avg": 0.04292792473270615,
            "min": 0.001492,
            "med": 0.004278,
            "max": 176.561821,
            "p(90)": 0.006111,
            "p(95)": 0.008115
        },
        "attach_documents_time": {
            "med": 88,
            "max": 1016,
            "p(90)": 354,
            "p(95)": 493.5499999999993,
            "avg": 137.4176100628931,
            "min": 3,
            "thresholds": {
                "p(95)<10000": false
            }
        },
        "http_req_waiting": {
            "med": 27.2253565,
            "max": 1005.766207,
            "p(90)": 214.9146171,
            "p(95)": 294.0687652999997,
            "avg": 77.9265435112103,
            "min": 0.88976
        },
        "http_req_connecting": {
            "max": 173.16127,
            "p(90)": 0,
            "p(95)": 0,
            "avg": 0.02611773529874214,
            "min": 0,
            "med": 0
        },
        "data_sent": {
            "count": 59836951,
            "rate": 386224.78376467957
        },
        "data_received": {
            "count": 1124546573,
            "rate": 7258520.859297066
        },
        "http_req_failed": {
            "passes": 0,
            "fails": 63600,
            "value": 0
        },
        "iteration_duration": {
            "avg": 6800.517198281902,
            "min": 6023.951142,
            "med": 6857.089916499999,
            "max": 8928.333493,
            "p(90)": 7541.374307800001,
            "p(95)": 7732.310922799999
        },
        "attach_documents": {
            "rate": 51.31422941201002,
            "count": 7950
        },
        "pushpulls": {
            "count": 39750,
            "rate": 256.5711470600501
        },
        "vus_max": {
            "value": 500,
            "min": 500,
            "max": 500
        },
        "http_req_duration{expected_response:true}": {
            "avg": 82.16524181603788,
            "min": 0.957868,
            "med": 28.117049,
            "max": 1100.138273,
            "p(90)": 227.3336563,
            "p(95)": 316.29258765
        },
        "transaction_time": {
            "max": 8928,
            "p(90)": 7542,
            "p(95)": 7732,
            "avg": 6800.456855345912,
            "min": 6024,
            "med": 6857,
            "thresholds": {
                "p(95)<30000": false
            }
        },
        "deactivate_clients_success_rate": {
            "passes": 7950,
            "fails": 0,
            "value": 1
        },
        "group_duration": {
            "med": 6857.065911,
            "max": 8928.224671,
            "p(90)": 7541.3484751000005,
            "p(95)": 7732.2880749999995,
            "avg": 6800.401607493045,
            "min": 6023.92933
        },
        "pushpulls_time": {
            "avg": 80.2474716981132,
            "min": 1,
            "med": 36,
            "max": 1204,
            "p(90)": 216,
            "p(95)": 286,
            "thresholds": {
                "p(95)<1000": false
            }
        },
        "http_req_receiving": {
            "avg": 3.661238965172924,
            "min": 0.015148,
            "med": 0.0555185,
            "max": 893.770397,
            "p(90)": 0.3440609999999999,
            "p(95)": 1.7258778999999818
        },
        "active_clients_success_rate": {
            "passes": 7950,
            "fails": 0,
            "value": 1
        },
        "iterations": {
            "count": 7950,
            "rate": 51.31422941201002
        },
        "vus": {
            "value": 1,
            "min": 1,
            "max": 500
        }
    }
}