{
    "root_group": {
        "id": "d41d8cd98f00b204e9800998ecf8427e",
        "groups": {
            "Presence": {
                "checks": {
                    "status is 200": {
                        "path": "::Presence::status is 200",
                        "id": "2bdfe827d978801584a6dde561f63b7d",
                        "passes": 69576,
                        "fails": 0,
                        "name": "status is 200"
                    },
                    "response has valid body": {
                        "id": "2cb1a85a5851b9e28736f532526a5909",
                        "passes": 69576,
                        "fails": 0,
                        "name": "response has valid body",
                        "path": "::Presence::response has valid body"
                    }
                },
                "name": "Presence",
                "path": "::Presence",
                "id": "63ab1748852475484c3afb7dae46dbde",
                "groups": {}
            }
        },
        "checks": {},
        "name": "",
        "path": ""
    },
    "metrics": {
        "deactivate_clients": {
            "rate": 55.98422342702537,
            "count": 8697
        },
        "pushpulls_time": {
            "avg": 22.864436012418075,
            "min": 1,
            "med": 10,
            "max": 557,
            "p(90)": 59,
            "p(95)": 86.79999999999563,
            "thresholds": {
                "p(95)<1000": false
            }
        },
        "http_req_sending": {
            "max": 154.328312,
            "p(90)": 0.048428,
            "p(95)": 0.141233,
            "avg": 0.18068895175060365,
            "min": 0.00706,
            "med": 0.021212
        },
        "deactivate_clients_time": {
            "min": 0,
            "med": 2,
            "max": 204,
            "p(90)": 30,
            "p(95)": 48,
            "avg": 10.076923076923077,
            "thresholds": {
                "p(95)<10000": false
            }
        },
        "attach_documents_success_rate": {
            "passes": 8697,
            "fails": 0,
            "value": 1
        },
        "pushpulls": {
            "count": 43485,
            "rate": 279.92111713512685
        },
        "transaction_success_rate": {
            "passes": 8697,
            "fails": 0,
            "thresholds": {
                "rate>0.99": false
            },
            "value": 1
        },
        "http_req_connecting": {
            "med": 0,
            "max": 208.62244,
            "p(90)": 0,
            "p(95)": 0,
            "avg": 0.012325786176267672,
            "min": 0
        },
        "http_req_failed": {
            "passes": 0,
            "fails": 69576,
            "value": 0
        },
        "http_req_waiting": {
            "max": 494.821764,
            "p(90)": 52.2639505,
            "p(95)": 83.1460595,
            "avg": 19.173834287857737,
            "min": 0.138769,
            "med": 5.167028
        },
        "pushpulls_success_rate": {
            "fails": 0,
            "passes": 43485,
            "value": 1
        },
        "group_duration": {
            "p(95)": 6553.6580476,
            "avg": 6214.611802686082,
            "min": 6014.547633,
            "med": 6189.374356,
            "max": 7176.47541,
            "p(90)": 6451.214432600001
        },
        "http_req_duration{expected_response:true}": {
            "max": 494.962977,
            "p(90)": 53.732177,
            "p(95)": 85.88196975,
            "avg": 19.771475972864174,
            "min": 0.179281,
            "med": 5.419683
        },
        "vus": {
            "value": 8,
            "min": 8,
            "max": 500
        },
        "iteration_duration": {
            "p(90)": 6451.2332648,
            "p(95)": 6553.6751938,
            "avg": 6214.666605190734,
            "min": 6014.577968,
            "med": 6189.506046,
            "max": 7176.494388
        },
        "http_req_duration": {
            "p(90)": 53.732177,
            "p(95)": 85.88196975,
            "avg": 19.771475972864174,
            "min": 0.179281,
            "med": 5.419683,
            "max": 494.962977,
            "thresholds": {
                "p(95)<10000": false
            }
        },
        "iterations": {
            "count": 8697,
            "rate": 55.98422342702537
        },
        "data_sent": {
            "count": 65462175,
            "rate": 421392.3227801581
        },
        "attach_documents": {
            "count": 8697,
            "rate": 55.98422342702537
        },
        "http_req_receiving": {
            "avg": 0.41695273325571547,
            "min": 0.013029,
            "med": 0.053611,
            "max": 185.766339,
            "p(90)": 0.171248,
            "p(95)": 0.4600355
        },
        "data_received": {
            "count": 1282164245,
            "rate": 8253532.2021643445
        },
        "active_clients": {
            "count": 8697,
            "rate": 55.98422342702537
        },
        "checks": {
            "passes": 139152,
            "fails": 0,
            "value": 1
        },
        "http_req_tls_handshaking": {
            "avg": 0,
            "min": 0,
            "med": 0,
            "max": 0,
            "p(90)": 0,
            "p(95)": 0
        },
        "active_clients_success_rate": {
            "fails": 0,
            "passes": 8697,
            "value": 1
        },
        "http_req_blocked": {
            "med": 0.003976,
            "max": 218.944266,
            "p(90)": 0.006049,
            "p(95)": 0.00815225,
            "avg": 0.02346164500689756,
            "min": 0.001072
        },
        "vus_max": {
            "value": 500,
            "min": 500,
            "max": 500
        },
        "deactivate_clients_success_rate": {
            "passes": 8697,
            "fails": 0,
            "value": 1
        },
        "transaction_time": {
            "med": 6189,
            "max": 7176,
            "p(90)": 6451,
            "p(95)": 6554,
            "avg": 6214.635506496493,
            "min": 6015,
            "thresholds": {
                "p(95)<30000": false
            }
        },
        "active_clients_time": {
            "med": 3,
            "max": 317,
            "p(90)": 35,
            "p(95)": 52,
            "avg": 12.36184891341842,
            "min": 0,
            "thresholds": {
                "p(95)<500": false
            }
        },
        "http_reqs": {
            "count": 69576,
            "rate": 447.87378741620296
        },
        "attach_documents_time": {
            "avg": 46.969069794181905,
            "min": 3,
            "med": 15,
            "max": 496,
            "p(90)": 127,
            "p(95)": 203,
            "thresholds": {
                "p(95)<10000": false
            }
        }
    }
}