{
    "metrics": {
        "pushpulls_time": {
            "avg": 60.588076736279746,
            "min": 1,
            "med": 24,
            "max": 772,
            "p(90)": 166,
            "p(95)": 226,
            "thresholds": {
                "p(95)<1000": false
            }
        },
        "pushpulls": {
            "count": 41180,
            "rate": 265.76606312356336
        },
        "http_req_duration{expected_response:true}": {
            "avg": 52.83235606116445,
            "min": 0.47079,
            "med": 14.514320999999999,
            "max": 922.940674,
            "p(90)": 148.2173447000001,
            "p(95)": 216.49245034999996
        },
        "deactivate_clients_success_rate": {
            "fails": 0,
            "passes": 8236,
            "value": 1
        },
        "iteration_duration": {
            "avg": 6561.372928745134,
            "min": 6016.96462,
            "med": 6550.135658,
            "max": 8578.861011,
            "p(90)": 7158.643236,
            "p(95)": 7322.3870135
        },
        "data_received": {
            "rate": 7458717.617311132,
            "count": 1155715624
        },
        "deactivate_clients_time": {
            "p(95)": 126.25,
            "avg": 28.192933462846042,
            "min": 0,
            "med": 6,
            "max": 708,
            "p(90)": 83,
            "thresholds": {
                "p(95)<10000": false
            }
        },
        "http_req_duration": {
            "avg": 52.83235606116445,
            "min": 0.47079,
            "med": 14.514320999999999,
            "max": 922.940674,
            "p(90)": 148.2173447000001,
            "p(95)": 216.49245034999996,
            "thresholds": {
                "p(95)<10000": false
            }
        },
        "http_req_connecting": {
            "max": 221.798514,
            "p(90)": 0,
            "p(95)": 0,
            "avg": 0.019832958778533267,
            "min": 0,
            "med": 0
        },
        "iterations": {
            "count": 8236,
            "rate": 53.15321262471267
        },
        "data_sent": {
            "count": 61990669,
            "rate": 400073.2406635727
        },
        "attach_documents_time": {
            "min": 3,
            "med": 41,
            "max": 924,
            "p(90)": 368.5,
            "p(95)": 464,
            "avg": 122.62081107333657,
            "thresholds": {
                "p(95)<10000": false
            }
        },
        "http_reqs": {
            "count": 65888,
            "rate": 425.2257009977014
        },
        "active_clients": {
            "count": 8236,
            "rate": 53.15321262471267
        },
        "vus_max": {
            "value": 500,
            "min": 500,
            "max": 500
        },
        "http_req_tls_handshaking": {
            "med": 0,
            "max": 0,
            "p(90)": 0,
            "p(95)": 0,
            "avg": 0,
            "min": 0
        },
        "deactivate_clients": {
            "count": 8236,
            "rate": 53.15321262471267
        },
        "pushpulls_success_rate": {
            "passes": 41180,
            "fails": 0,
            "value": 1
        },
        "http_req_failed": {
            "passes": 0,
            "fails": 65888,
            "value": 0
        },
        "http_req_blocked": {
            "med": 0.004207,
            "max": 221.86097,
            "p(90)": 0.005811,
            "p(95)": 0.007595,
            "avg": 0.032943759076009875,
            "min": 0.001703
        },
        "transaction_time": {
            "max": 8579,
            "p(90)": 7159,
            "p(95)": 7323,
            "avg": 6561.344949004371,
            "min": 6017,
            "med": 6550,
            "thresholds": {
                "p(95)<30000": false
            }
        },
        "active_clients_time": {
            "avg": 29.179577464788732,
            "min": 1,
            "med": 7,
            "max": 748,
            "p(90)": 88,
            "p(95)": 119,
            "thresholds": {
                "p(95)<500": false
            }
        },
        "transaction_success_rate": {
            "passes": 8236,
            "fails": 0,
            "thresholds": {
                "rate>0.99": false
            },
            "value": 1
        },
        "group_duration": {
            "avg": 6561.3091381104605,
            "min": 6016.937228,
            "med": 6550.110651,
            "max": 8578.482111,
            "p(90)": 7158.616706500001,
            "p(95)": 7322.36484025
        },
        "attach_documents_success_rate": {
            "passes": 8236,
            "fails": 0,
            "value": 1
        },
        "vus": {
            "value": 1,
            "min": 1,
            "max": 500
        },
        "http_req_waiting": {
            "avg": 49.48140417013696,
            "min": 0.416118,
            "med": 13.990324999999999,
            "max": 807.048423,
            "p(90)": 137.75140190000008,
            "p(95)": 199.08559325
        },
        "http_req_sending": {
            "min": 0.010469,
            "med": 0.022262,
            "max": 502.642844,
            "p(90)": 0.06627000000000006,
            "p(95)": 0.20008049999999994,
            "avg": 0.5778572101444861
        },
        "http_req_receiving": {
            "avg": 2.7730946808827244,
            "min": 0.016721,
            "med": 0.055157,
            "max": 489.918339,
            "p(90)": 0.29032600000000003,
            "p(95)": 1.1533186499999981
        },
        "attach_documents": {
            "count": 8236,
            "rate": 53.15321262471267
        },
        "checks": {
            "passes": 131776,
            "fails": 0,
            "value": 1
        },
        "active_clients_success_rate": {
            "fails": 0,
            "passes": 8236,
            "value": 1
        }
    },
    "root_group": {
        "path": "",
        "id": "d41d8cd98f00b204e9800998ecf8427e",
        "groups": {
            "Presence": {
                "checks": {
                    "status is 200": {
                        "name": "status is 200",
                        "path": "::Presence::status is 200",
                        "id": "2bdfe827d978801584a6dde561f63b7d",
                        "passes": 65888,
                        "fails": 0
                    },
                    "response has valid body": {
                        "fails": 0,
                        "name": "response has valid body",
                        "path": "::Presence::response has valid body",
                        "id": "2cb1a85a5851b9e28736f532526a5909",
                        "passes": 65888
                    }
                },
                "name": "Presence",
                "path": "::Presence",
                "id": "63ab1748852475484c3afb7dae46dbde",
                "groups": {}
            }
        },
        "checks": {},
        "name": ""
    }
}