{
    "root_group": {
        "name": "",
        "path": "",
        "id": "d41d8cd98f00b204e9800998ecf8427e",
        "groups": {
            "Presence": {
                "name": "Presence",
                "path": "::Presence",
                "id": "63ab1748852475484c3afb7dae46dbde",
                "groups": {},
                "checks": {
                        "status is 200": {
                            "passes": 67224,
                            "fails": 0,
                            "name": "status is 200",
                            "path": "::Presence::status is 200",
                            "id": "2bdfe827d978801584a6dde561f63b7d"
                        },
                        "response has valid body": {
                            "fails": 0,
                            "name": "response has valid body",
                            "path": "::Presence::response has valid body",
                            "id": "2cb1a85a5851b9e28736f532526a5909",
                            "passes": 67224
                        }
                    }
            }
        },
        "checks": {}
    },
    "metrics": {
        "pushpulls": {
            "count": 42015,
            "rate": 271.7322289055546
        },
        "iteration_duration": {
            "avg": 6440.504327853721,
            "min": 6015.060101,
            "med": 6436.159233,
            "max": 8366.27795,
            "p(90)": 6908.2899872,
            "p(95)": 7061.1950529
        },
        "transaction_time": {
            "avg": 6440.45376651196,
            "min": 6015,
            "med": 6436,
            "max": 8366,
            "p(90)": 6908.8,
            "p(95)": 7060.9,
            "thresholds": {
                "p(95)<30000": false
            }
        },
        "http_reqs": {
            "count": 67224,
            "rate": 434.7715662488874
        },
        "active_clients_success_rate": {
            "fails": 0,
            "passes": 8403,
            "value": 1
        },
        "deactivate_clients": {
            "count": 8403,
            "rate": 54.34644578111092
        },
        "http_req_duration": {
            "max": 980.031397,
            "p(90)": 118.73720720000001,
            "p(95)": 181.33197844999995,
            "avg": 41.75266529938683,
            "min": 0.181741,
            "med": 9.698629,
            "thresholds": {
                "p(95)<10000": false
            }
        },
        "deactivate_clients_success_rate": {
            "passes": 8403,
            "fails": 0,
            "value": 1
        },
        "checks": {
            "passes": 134448,
            "fails": 0,
            "value": 1
        },
        "iterations": {
            "count": 8403,
            "rate": 54.34644578111092
        },
        "data_sent": {
            "count": 63248167,
            "rate": 409057.845843169
        },
        "group_duration": {
            "med": 6436.07375,
            "max": 8366.258023,
            "p(90)": 6908.2629646,
            "p(95)": 7061.176441399999,
            "avg": 6440.425848064268,
            "min": 6015.034242
        },
        "attach_documents_success_rate": {
            "passes": 8403,
            "fails": 0,
            "value": 1
        },
        "http_req_waiting": {
            "avg": 39.27531218688254,
            "min": 0.127658,
            "med": 9.2930985,
            "max": 699.227773,
            "p(90)": 111.22309160000019,
            "p(95)": 167.17372385
        },
        "http_req_connecting": {
            "p(95)": 0,
            "avg": 0.013045155822325358,
            "min": 0,
            "med": 0,
            "max": 99.753602,
            "p(90)": 0
        },
        "pushpulls_success_rate": {
            "fails": 0,
            "passes": 42015,
            "value": 1
        },
        "http_req_sending": {
            "avg": 0.3838695833482065,
            "min": 0.008296,
            "med": 0.021741,
            "max": 390.611147,
            "p(90)": 0.05928730000000004,
            "p(95)": 0.18245935
        },
        "active_clients_time": {
            "max": 449,
            "p(90)": 70,
            "p(95)": 102,
            "avg": 23.17005831250744,
            "min": 0,
            "med": 5,
            "thresholds": {
                "p(95)<500": false
            }
        },
        "http_req_duration{expected_response:true}": {
            "avg": 41.75266529938683,
            "min": 0.181741,
            "med": 9.698629,
            "max": 980.031397,
            "p(90)": 118.73720720000001,
            "p(95)": 181.33197844999995
        },
        "http_req_tls_handshaking": {
            "med": 0,
            "max": 0,
            "p(90)": 0,
            "p(95)": 0,
            "avg": 0,
            "min": 0
        },
        "http_req_receiving": {
            "med": 0.0553385,
            "max": 359.136735,
            "p(90)": 0.22761200000000006,
            "p(95)": 0.7959061999999983,
            "avg": 2.093483529156255,
            "min": 0.015088
        },
        "vus": {
            "value": 12,
            "min": 8,
            "max": 500
        },
        "attach_documents": {
            "count": 8403,
            "rate": 54.34644578111092
        },
        "http_req_failed": {
            "passes": 0,
            "fails": 67224,
            "value": 0
        },
        "deactivate_clients_time": {
            "max": 456,
            "p(90)": 66.80000000000018,
            "p(95)": 103,
            "avg": 21.902653814114007,
            "min": 0,
            "med": 3,
            "thresholds": {
                "p(95)<10000": false
            }
        },
        "pushpulls_time": {
            "max": 727,
            "p(90)": 127,
            "p(95)": 179,
            "avg": 46.41697012971558,
            "min": 1,
            "med": 18,
            "thresholds": {
                "p(95)<1000": false
            }
        },
        "transaction_success_rate": {
            "fails": 0,
            "passes": 8403,
            "thresholds": {
                "rate>0.99": false
            },
            "value": 1
        },
        "http_req_blocked": {
            "avg": 0.02765412330417815,
            "min": 0.001613,
            "med": 0.004067,
            "max": 99.906647,
            "p(90)": 0.006122,
            "p(95)": 0.008436
        },
        "active_clients": {
            "count": 8403,
            "rate": 54.34644578111092
        },
        "data_received": {
            "count": 1188266127,
            "rate": 7685117.296743564
        },
        "vus_max": {
            "value": 500,
            "min": 500,
            "max": 500
        },
        "attach_documents_time": {
            "min": 3,
            "med": 25,
            "max": 981,
            "p(90)": 307.8000000000002,
            "p(95)": 387,
            "avg": 98.04653100083304,
            "thresholds": {
                "p(95)<10000": false
            }
        }
    }
}