{
    "root_group": {
        "name": "",
        "path": "",
        "id": "d41d8cd98f00b204e9800998ecf8427e",
        "groups": {
            "Presence": {
                "name": "Presence",
                "path": "::Presence",
                "id": "63ab1748852475484c3afb7dae46dbde",
                "groups": {},
                "checks": {
                        "status is 200": {
                            "name": "status is 200",
                            "path": "::Presence::status is 200",
                            "id": "2bdfe827d978801584a6dde561f63b7d",
                            "passes": 67536,
                            "fails": 0
                        },
                        "response has valid body": {
                            "path": "::Presence::response has valid body",
                            "id": "2cb1a85a5851b9e28736f532526a5909",
                            "passes": 67536,
                            "fails": 0,
                            "name": "response has valid body"
                        }
                    }
            }
        },
        "checks": {}
    },
    "metrics": {
        "http_req_sending": {
            "p(95)": 0.17706349999999998,
            "avg": 0.4041954322731567,
            "min": 0.009869,
            "med": 0.022112,
            "max": 394.054527,
            "p(90)": 0.05813550000000001
        },
        "vus_max": {
            "value": 500,
            "min": 500,
            "max": 500
        },
        "http_req_tls_handshaking": {
            "avg": 0,
            "min": 0,
            "med": 0,
            "max": 0,
            "p(90)": 0,
            "p(95)": 0
        },
        "active_clients_time": {
            "avg": 20.82847666429756,
            "min": 0,
            "med": 4,
            "max": 343,
            "p(90)": 64,
            "p(95)": 95.94999999999982,
            "thresholds": {
                "p(95)<500": false
            }
        },
        "http_req_receiving": {
            "min": 0.014367,
            "med": 0.055053,
            "max": 406.729275,
            "p(90)": 0.24511850000000002,
            "p(95)": 0.7988365,
            "avg": 1.9541605337005394
        },
        "data_sent": {
            "count": 63541898,
            "rate": 410553.52262547537
        },
        "deactivate_clients_time": {
            "avg": 20.619521440416964,
            "min": 0,
            "med": 2,
            "max": 461,
            "p(90)": 61,
            "p(95)": 104,
            "thresholds": {
                "p(95)<10000": false
            }
        },
        "group_duration": {
            "p(90)": 6851.7077318,
            "p(95)": 7007.1213876500005,
            "avg": 6403.386235667736,
            "min": 6013.957334,
            "med": 6374.6357865,
            "max": 8017.814433
        },
        "deactivate_clients_success_rate": {
            "fails": 0,
            "passes": 8442,
            "value": 1
        },
        "active_clients": {
            "count": 8442,
            "rate": 54.54500018246643
        },
        "transaction_success_rate": {
            "passes": 8442,
            "fails": 0,
            "thresholds": {
                "rate>0.99": false
            },
            "value": 1
        },
        "pushpulls_success_rate": {
            "passes": 42210,
            "fails": 0,
            "value": 1
        },
        "transaction_time": {
            "avg": 6403.445984363895,
            "min": 6014,
            "med": 6375,
            "max": 8018,
            "p(90)": 6851.900000000001,
            "p(95)": 7007,
            "thresholds": {
                "p(95)<30000": false
            }
        },
        "http_req_connecting": {
            "min": 0,
            "med": 0,
            "max": 186.46893,
            "p(90)": 0,
            "p(95)": 0,
            "avg": 0.015952488746742478
        },
        "attach_documents_success_rate": {
            "passes": 8442,
            "fails": 0,
            "value": 1
        },
        "attach_documents": {
            "count": 8442,
            "rate": 54.54500018246643
        },
        "http_reqs": {
            "count": 67536,
            "rate": 436.36000145973145
        },
        "data_received": {
            "count": 1232066077,
            "rate": 7960559.629800485
        },
        "http_req_duration{expected_response:true}": {
            "med": 8.209499000000001,
            "max": 689.747407,
            "p(90)": 112.366434,
            "p(95)": 171.2371375,
            "avg": 37.425340780547444,
            "min": 0.180518
        },
        "checks": {
            "passes": 135072,
            "fails": 0,
            "value": 1
        },
        "pushpulls": {
            "count": 42210,
            "rate": 272.7250009123321
        },
        "http_req_duration": {
            "p(90)": 112.366434,
            "p(95)": 171.2371375,
            "avg": 37.425340780547444,
            "min": 0.180518,
            "med": 8.209499000000001,
            "max": 689.747407,
            "thresholds": {
                "p(95)<10000": false
            }
        },
        "http_req_blocked": {
            "min": 0.001382,
            "med": 0.003928,
            "max": 186.785903,
            "p(90)": 0.0054505000000000005,
            "p(95)": 0.007434,
            "avg": 0.027628000118456255
        },
        "pushpulls_time": {
            "avg": 42.31952144041696,
            "min": 1,
            "med": 15,
            "max": 604,
            "p(90)": 117,
            "p(95)": 173,
            "thresholds": {
                "p(95)<1000": false
            }
        },
        "iterations": {
            "rate": 54.54500018246643,
            "count": 8442
        },
        "http_req_failed": {
            "passes": 0,
            "fails": 67536,
            "value": 0
        },
        "iteration_duration": {
            "min": 6014.009932,
            "med": 6374.7663065,
            "max": 8017.841442,
            "p(90)": 6851.821246500001,
            "p(95)": 7007.188829,
            "avg": 6403.500180248998
        },
        "http_req_waiting": {
            "avg": 35.066984814573175,
            "min": 0.133971,
            "med": 7.837686,
            "max": 637.195291,
            "p(90)": 105.3702615,
            "p(95)": 158.09135275
        },
        "vus": {
            "value": 7,
            "min": 7,
            "max": 500
        },
        "attach_documents_time": {
            "avg": 83.34908789386401,
            "min": 3,
            "med": 22,
            "max": 690,
            "p(90)": 246,
            "p(95)": 329,
            "thresholds": {
                "p(95)<10000": false
            }
        },
        "active_clients_success_rate": {
            "passes": 8442,
            "fails": 0,
            "value": 1
        },
        "deactivate_clients": {
            "count": 8442,
            "rate": 54.54500018246643
        }
    }
}