{
    "metrics": {
        "http_reqs": {
            "count": 64456,
            "rate": 414.50219528778587
        },
        "vus": {
            "value": 1,
            "min": 1,
            "max": 500
        },
        "http_req_duration{expected_response:true}": {
            "p(95)": 276.94850975,
            "avg": 70.16190243463734,
            "min": 0.942383,
            "med": 22.490890999999998,
            "max": 1040.427898,
            "p(90)": 198.953194
        },
        "http_req_blocked": {
            "avg": 0.036777839580490426,
            "min": 0.001583,
            "med": 0.004027,
            "max": 404.305683,
            "p(90)": 0.005441,
            "p(95)": 0.00733325
        },
        "http_req_failed": {
            "passes": 0,
            "fails": 64456,
            "value": 0
        },
        "deactivate_clients_time": {
            "max": 1042,
            "p(90)": 366,
            "p(95)": 492,
            "avg": 140.61474494228622,
            "min": 4,
            "med": 90,
            "thresholds": {
                "p(95)<10000": false
            }
        },
        "http_req_sending": {
            "min": 0.010239,
            "med": 0.02141,
            "max": 561.839736,
            "p(90)": 0.07229050000000001,
            "p(95)": 0.201358,
            "avg": 0.5510520028236318
        },
        "http_req_receiving": {
            "max": 572.387819,
            "p(90)": 0.29202649999999997,
            "p(95)": 1.210822,
            "avg": 3.4480943947034,
            "min": 0.013506,
            "med": 0.051857
        },
        "active_clients_success_rate": {
            "passes": 8057,
            "fails": 0,
            "value": 1
        },
        "active_clients": {
            "rate": 51.81277441097323,
            "count": 8057
        },
        "transaction_time": {
            "max": 9053,
            "p(90)": 7414,
            "p(95)": 7640,
            "avg": 6705.026312523271,
            "min": 6022,
            "med": 6739,
            "thresholds": {
                "p(95)<30000": false
            }
        },
        "iterations": {
            "count": 8057,
            "rate": 51.81277441097323
        },
        "pushpulls_time": {
            "avg": 72.25652227876381,
            "min": 1,
            "med": 29,
            "max": 1052,
            "p(90)": 195,
            "p(95)": 286,
            "thresholds": {
                "p(95)<1000": false
            }
        },
        "transaction_success_rate": {
            "passes": 8057,
            "fails": 0,
            "thresholds": {
                "rate>0.99": false
            },
            "value": 1
        },
        "attach_documents_time": {
            "med": 75,
            "max": 789,
            "p(90)": 269,
            "p(95)": 374.1999999999998,
            "avg": 112.01365272433908,
            "min": 3,
            "thresholds": {
                "p(95)<10000": false
            }
        },
        "data_received": {
            "count": 1151687829,
            "rate": 7406248.191118346
        },
        "iteration_duration": {
            "avg": 6705.085709972094,
            "min": 6021.918764,
            "med": 6738.777378,
            "max": 9052.448136,
            "p(90)": 7413.7007524,
            "p(95)": 7639.9957074
        },
        "deactivate_clients_success_rate": {
            "passes": 8057,
            "fails": 0,
            "value": 1
        },
        "pushpulls": {
            "count": 40285,
            "rate": 259.0638720548661
        },
        "pushpulls_success_rate": {
            "fails": 0,
            "passes": 40285,
            "value": 1
        },
        "http_req_connecting": {
            "med": 0,
            "max": 136.29555,
            "p(90)": 0,
            "p(95)": 0,
            "avg": 0.016398864279508502,
            "min": 0
        },
        "attach_documents": {
            "rate": 51.81277441097323,
            "count": 8057
        },
        "checks": {
            "passes": 128912,
            "fails": 0,
            "value": 1
        },
        "active_clients_time": {
            "avg": 17.106615365520664,
            "min": 1,
            "med": 5,
            "max": 428,
            "p(90)": 47,
            "p(95)": 79,
            "thresholds": {
                "p(95)<500": false
            }
        },
        "deactivate_clients": {
            "count": 8057,
            "rate": 51.81277441097323
        },
        "data_sent": {
            "count": 60642662,
            "rate": 389979.46703325043
        },
        "attach_documents_success_rate": {
            "fails": 0,
            "passes": 8057,
            "value": 1
        },
        "group_duration": {
            "avg": 6705.007025103159,
            "min": 6021.90637,
            "med": 6738.759004,
            "max": 9052.025373,
            "p(90)": 7413.6802382,
            "p(95)": 7639.975817799999
        },
        "http_req_duration": {
            "max": 1040.427898,
            "p(90)": 198.953194,
            "p(95)": 276.94850975,
            "avg": 70.16190243463734,
            "min": 0.942383,
            "med": 22.490890999999998,
            "thresholds": {
                "p(95)<10000": false
            }
        },
        "http_req_tls_handshaking": {
            "p(90)": 0,
            "p(95)": 0,
            "avg": 0,
            "min": 0,
            "med": 0,
            "max": 0
        },
        "vus_max": {
            "value": 500,
            "min": 500,
            "max": 500
        },
        "http_req_waiting": {
            "p(90)": 186.840367,
            "p(95)": 255.493758,
            "avg": 66.1627560371109,
            "min": 0.88258,
            "med": 21.918689999999998,
            "max": 905.827399
        }
    },
    "root_group": {
        "name": "",
        "path": "",
        "id": "d41d8cd98f00b204e9800998ecf8427e",
        "groups": {
            "Presence": {
                "groups": {},
                "checks": {
                        "status is 200": {
                            "name": "status is 200",
                            "path": "::Presence::status is 200",
                            "id": "2bdfe827d978801584a6dde561f63b7d",
                            "passes": 64456,
                            "fails": 0
                        },
                        "response has valid body": {
                            "name": "response has valid body",
                            "path": "::Presence::response has valid body",
                            "id": "2cb1a85a5851b9e28736f532526a5909",
                            "passes": 64456,
                            "fails": 0
                        }
                    },
                "name": "Presence",
                "path": "::Presence",
                "id": "63ab1748852475484c3afb7dae46dbde"
            }
        },
        "checks": {}
    }
}