{
    "root_group": {
        "name": "",
        "path": "",
        "id": "d41d8cd98f00b204e9800998ecf8427e",
        "groups": {
            "Presence": {
                "id": "63ab1748852475484c3afb7dae46dbde",
                "groups": {},
                "checks": {
                        "status is 200": {
                            "fails": 0,
                            "name": "status is 200",
                            "path": "::Presence::status is 200",
                            "id": "2bdfe827d978801584a6dde561f63b7d",
                            "passes": 70256
                        },
                        "response has valid body": {
                            "name": "response has valid body",
                            "path": "::Presence::response has valid body",
                            "id": "2cb1a85a5851b9e28736f532526a5909",
                            "passes": 70256,
                            "fails": 0
                        }
                    },
                "name": "Presence",
                "path": "::Presence"
            }
        },
        "checks": {}
    },
    "metrics": {
        "http_req_waiting": {
            "p(90)": 34.7363025,
            "p(95)": 55.736591,
            "avg": 13.138922142436327,
            "min": 0.128094,
            "med": 4.1863975,
            "max": 354.354411
        },
        "attach_documents_success_rate": {
            "passes": 8782,
            "fails": 0,
            "value": 1
        },
        "transaction_time": {
            "avg": 6152.486791163744,
            "min": 6015,
            "med": 6135,
            "max": 6902,
            "p(90)": 6308,
            "p(95)": 6383.949999999999,
            "thresholds": {
                "p(95)<30000": false
            }
        },
        "deactivate_clients_time": {
            "max": 275,
            "p(90)": 19,
            "p(95)": 32,
            "avg": 6.57640628558415,
            "min": 0,
            "med": 1,
            "thresholds": {
                "p(95)<10000": false
            }
        },
        "pushpulls_time": {
            "min": 1,
            "med": 8,
            "max": 364,
            "p(90)": 41,
            "p(95)": 60,
            "avg": 16.46561147802323,
            "thresholds": {
                "p(95)<1000": false
            }
        },
        "pushpulls_success_rate": {
            "passes": 43910,
            "fails": 0,
            "value": 1
        },
        "deactivate_clients": {
            "count": 8782,
            "rate": 56.7409831509993
        },
        "http_req_connecting": {
            "avg": 0.006696339159644727,
            "min": 0,
            "med": 0,
            "max": 49.133128,
            "p(90)": 0,
            "p(95)": 0
        },
        "active_clients_success_rate": {
            "passes": 8782,
            "fails": 0,
            "value": 1
        },
        "attach_documents_time": {
            "max": 379,
            "p(90)": 94,
            "p(95)": 150.9499999999989,
            "avg": 33.713277157822816,
            "min": 3,
            "med": 12,
            "thresholds": {
                "p(95)<10000": false
            }
        },
        "http_req_sending": {
            "med": 0.02031,
            "max": 264.588251,
            "p(90)": 0.045912499999999995,
            "p(95)": 0.127493,
            "avg": 0.12508903824584355,
            "min": 0.008583
        },
        "pushpulls": {
            "count": 43910,
            "rate": 283.7049157549965
        },
        "http_req_duration{expected_response:true}": {
            "min": 0.174823,
            "med": 4.400405,
            "max": 378.085423,
            "p(90)": 35.5405185,
            "p(95)": 57.147555000000004,
            "avg": 13.591895673992347
        },
        "group_duration": {
            "avg": 6152.470410927017,
            "min": 6014.997019,
            "med": 6135.134347499999,
            "max": 6901.290661,
            "p(90)": 6307.733681,
            "p(95)": 6383.5481252
        },
        "active_clients": {
            "count": 8782,
            "rate": 56.7409831509993
        },
        "http_req_receiving": {
            "min": 0.011858,
            "med": 0.053128,
            "max": 330.98042,
            "p(90)": 0.177359,
            "p(95)": 0.4372635,
            "avg": 0.3278844933101773
        },
        "http_req_duration": {
            "p(95)": 57.147555000000004,
            "avg": 13.591895673992347,
            "min": 0.174823,
            "med": 4.400405,
            "max": 378.085423,
            "p(90)": 35.5405185,
            "thresholds": {
                "p(95)<10000": false
            }
        },
        "http_req_tls_handshaking": {
            "avg": 0,
            "min": 0,
            "med": 0,
            "max": 0,
            "p(90)": 0,
            "p(95)": 0
        },
        "data_received": {
            "count": 1265513697,
            "rate": 8176553.331682513
        },
        "http_req_blocked": {
            "p(95)": 0.007441,
            "avg": 0.014637324356640289,
            "min": 0.001242,
            "med": 0.003926,
            "max": 49.667617,
            "p(90)": 0.005628
        },
        "active_clients_time": {
            "max": 191,
            "p(90)": 23,
            "p(95)": 36,
            "avg": 8.431109086768389,
            "min": 0,
            "med": 3,
            "thresholds": {
                "p(95)<500": false
            }
        },
        "data_sent": {
            "count": 66102284,
            "rate": 427090.47855688573
        },
        "iteration_duration": {
            "avg": 6152.513835037684,
            "min": 6015.01244,
            "med": 6135.153992,
            "max": 6901.311471,
            "p(90)": 6307.7538938,
            "p(95)": 6383.572514400001
        },
        "vus": {
            "max": 500,
            "value": 10,
            "min": 8
        },
        "iterations": {
            "count": 8782,
            "rate": 56.7409831509993
        },
        "http_reqs": {
            "count": 70256,
            "rate": 453.9278652079944
        },
        "transaction_success_rate": {
            "passes": 8782,
            "fails": 0,
            "thresholds": {
                "rate>0.99": false
            },
            "value": 1
        },
        "http_req_failed": {
            "passes": 0,
            "fails": 70256,
            "value": 0
        },
        "attach_documents": {
            "count": 8782,
            "rate": 56.7409831509993
        },
        "vus_max": {
            "value": 500,
            "min": 500,
            "max": 500
        },
        "checks": {
            "passes": 140512,
            "fails": 0,
            "value": 1
        },
        "deactivate_clients_success_rate": {
            "passes": 8782,
            "fails": 0,
            "value": 1
        }
    }
}