{
    "metrics": {
        "attach_documents_success_rate": {
            "passes": 8402,
            "fails": 0,
            "value": 1
        },
        "data_received": {
            "count": 1188882485,
            "rate": 7693017.135251946
        },
        "deactivate_clients_success_rate": {
            "passes": 8402,
            "fails": 0,
            "value": 1
        },
        "attach_documents": {
            "count": 8402,
            "rate": 54.367635814221664
        },
        "http_req_duration{expected_response:true}": {
            "max": 687.665052,
            "p(90)": 120.1255445,
            "p(95)": 182.1862585,
            "avg": 40.16860054244513,
            "min": 0.205414,
            "med": 9.1486895
        },
        "checks": {
            "fails": 0,
            "passes": 134432,
            "value": 1
        },
        "pushpulls_success_rate": {
            "passes": 42010,
            "fails": 0,
            "value": 1
        },
        "transaction_success_rate": {
            "passes": 8402,
            "fails": 0,
            "thresholds": {
                "rate>0.99": false
            },
            "value": 1
        },
        "iterations": {
            "count": 8402,
            "rate": 54.367635814221664
        },
        "pushpulls": {
            "count": 42010,
            "rate": 271.83817907110836
        },
        "attach_documents_time": {
            "avg": 95.53023089740537,
            "min": 3,
            "med": 28,
            "max": 750,
            "p(90)": 284,
            "p(95)": 376.9499999999998,
            "thresholds": {
                "p(95)<10000": false
            }
        },
        "active_clients": {
            "count": 8402,
            "rate": 54.367635814221664
        },
        "http_req_receiving": {
            "min": 0.014938,
            "med": 0.057778,
            "max": 358.859844,
            "p(90)": 0.2833745,
            "p(95)": 1.0372055,
            "avg": 2.335819654665534
        },
        "deactivate_clients_time": {
            "p(95)": 111,
            "avg": 21.597000714115687,
            "min": 0,
            "med": 3,
            "max": 576,
            "p(90)": 65,
            "thresholds": {
                "p(95)<10000": false
            }
        },
        "vus": {
            "value": 10,
            "min": 8,
            "max": 500
        },
        "pushpulls_time": {
            "med": 16,
            "max": 660,
            "p(90)": 133,
            "p(95)": 192,
            "avg": 46.642442275648655,
            "min": 1,
            "thresholds": {
                "p(95)<1000": false
            }
        },
        "http_req_connecting": {
            "p(90)": 0,
            "p(95)": 0,
            "avg": 0.01706970447512497,
            "min": 0,
            "med": 0,
            "max": 93.946147
        },
        "iteration_duration": {
            "avg": 6439.903824949783,
            "min": 6015.443893,
            "med": 6394.2336065,
            "max": 8250.918603,
            "p(90)": 6942.1729224,
            "p(95)": 7100.19940705
        },
        "transaction_time": {
            "avg": 6439.867174482266,
            "min": 6015,
            "med": 6394,
            "max": 8251,
            "p(90)": 6942,
            "p(95)": 7100.95,
            "thresholds": {
                "p(95)<30000": false
            }
        },
        "http_req_sending": {
            "p(90)": 0.0696225,
            "p(95)": 0.1934445,
            "avg": 0.39130211028623924,
            "min": 0.010169,
            "med": 0.022663,
            "max": 387.163622
        },
        "active_clients_success_rate": {
            "passes": 8402,
            "fails": 0,
            "value": 1
        },
        "active_clients_time": {
            "med": 5,
            "max": 368,
            "p(90)": 64,
            "p(95)": 98,
            "avg": 21.29433468221852,
            "min": 0,
            "thresholds": {
                "p(95)<500": false
            }
        },
        "http_req_duration": {
            "p(95)": 182.1862585,
            "avg": 40.16860054244513,
            "min": 0.205414,
            "med": 9.1486895,
            "max": 687.665052,
            "p(90)": 120.1255445,
            "thresholds": {
                "p(95)<10000": false
            }
        },
        "group_duration": {
            "avg": 6439.842336427141,
            "min": 6015.419437,
            "med": 6394.1898855,
            "max": 8250.894508,
            "p(90)": 6942.151934500001,
            "p(95)": 7100.1691519999995
        },
        "deactivate_clients": {
            "count": 8402,
            "rate": 54.367635814221664
        },
        "data_sent": {
            "rate": 409217.7662987697,
            "count": 63240706
        },
        "http_req_failed": {
            "passes": 0,
            "fails": 67216,
            "value": 0
        },
        "http_req_tls_handshaking": {
            "avg": 0,
            "min": 0,
            "med": 0,
            "max": 0,
            "p(90)": 0,
            "p(95)": 0
        },
        "http_req_waiting": {
            "avg": 37.441478777494,
            "min": 0.132951,
            "med": 8.7496635,
            "max": 672.246867,
            "p(90)": 111.21689,
            "p(95)": 166.14085275000002
        },
        "http_reqs": {
            "count": 67216,
            "rate": 434.9410865137733
        },
        "http_req_blocked": {
            "p(90)": 0.006142,
            "p(95)": 0.007985,
            "avg": 0.03259771320816637,
            "min": 0.001503,
            "med": 0.004288,
            "max": 94.000949
        },
        "vus_max": {
            "min": 500,
            "max": 500,
            "value": 500
        }
    },
    "root_group": {
        "id": "d41d8cd98f00b204e9800998ecf8427e",
        "groups": {
            "Presence": {
                "name": "Presence",
                "path": "::Presence",
                "id": "63ab1748852475484c3afb7dae46dbde",
                "groups": {},
                "checks": {
                        "status is 200": {
                            "name": "status is 200",
                            "path": "::Presence::status is 200",
                            "id": "2bdfe827d978801584a6dde561f63b7d",
                            "passes": 67216,
                            "fails": 0
                        },
                        "response has valid body": {
                            "name": "response has valid body",
                            "path": "::Presence::response has valid body",
                            "id": "2cb1a85a5851b9e28736f532526a5909",
                            "passes": 67216,
                            "fails": 0
                        }
                    }
            }
        },
        "checks": {},
        "name": "",
        "path": ""
    }
}