{
    "root_group": {
        "name": "",
        "path": "",
        "id": "d41d8cd98f00b204e9800998ecf8427e",
        "groups": {
            "Presence": {
                "path": "::Presence",
                "id": "63ab1748852475484c3afb7dae46dbde",
                "groups": {},
                "checks": {
                        "status is 200": {
                            "name": "status is 200",
                            "path": "::Presence::status is 200",
                            "id": "2bdfe827d978801584a6dde561f63b7d",
                            "passes": 66512,
                            "fails": 0
                        },
                        "response has valid body": {
                            "path": "::Presence::response has valid body",
                            "id": "2cb1a85a5851b9e28736f532526a5909",
                            "passes": 66512,
                            "fails": 0,
                            "name": "response has valid body"
                        }
                    },
                "name": "Presence"
            }
        },
        "checks": {}
    },
    "metrics": {
        "http_reqs": {
            "count": 66512,
            "rate": 429.1464148055185
        },
        "data_received": {
            "count": 1170177130,
            "rate": 7550176.209209031
        },
        "http_req_duration{expected_response:true}": {
            "med": 11.805037,
            "max": 939.064512,
            "p(90)": 139.5476543,
            "p(95)": 214.76375189999987,
            "avg": 48.5429987363485,
            "min": 0.501222
        },
        "pushpulls_time": {
            "med": 21,
            "max": 959,
            "p(90)": 152,
            "p(95)": 225,
            "avg": 55.55506374789512,
            "min": 1,
            "thresholds": {
                "p(95)<1000": false
            }
        },
        "attach_documents_time": {
            "med": 30,
            "max": 943,
            "p(90)": 331,
            "p(95)": 433,
            "avg": 111.53921096944912,
            "min": 3,
            "thresholds": {
                "p(95)<10000": false
            }
        },
        "http_req_duration": {
            "avg": 48.5429987363485,
            "min": 0.501222,
            "med": 11.805037,
            "max": 939.064512,
            "p(90)": 139.5476543,
            "p(95)": 214.76375189999987,
            "thresholds": {
                "p(95)<10000": false
            }
        },
        "pushpulls": {
            "count": 41570,
            "rate": 268.21650925344903
        },
        "http_req_waiting": {
            "avg": 45.55253165821203,
            "min": 0.443425,
            "med": 11.407119999999999,
            "max": 912.124253,
            "p(90)": 129.42512090000005,
            "p(95)": 196.69366655
        },
        "vus_max": {
            "value": 500,
            "min": 500,
            "max": 500
        },
        "deactivate_clients_time": {
            "min": 0,
            "med": 5,
            "max": 668,
            "p(90)": 70,
            "p(95)": 104,
            "avg": 24.813447197498196,
            "thresholds": {
                "p(95)<10000": false
            }
        },
        "attach_documents_success_rate": {
            "fails": 0,
            "passes": 8314,
            "value": 1
        },
        "active_clients_success_rate": {
            "passes": 8314,
            "fails": 0,
            "value": 1
        },
        "transaction_time": {
            "avg": 6503.85855184027,
            "min": 6015,
            "med": 6472,
            "max": 8821,
            "p(90)": 7048.7,
            "p(95)": 7250,
            "thresholds": {
                "p(95)<30000": false
            }
        },
        "http_req_receiving": {
            "med": 0.051566,
            "max": 562.668873,
            "p(90)": 0.23702600000000004,
            "p(95)": 0.8176378999999947,
            "avg": 2.536044732213706,
            "min": 0.0165
        },
        "pushpulls_success_rate": {
            "passes": 41570,
            "fails": 0,
            "value": 1
        },
        "http_req_tls_handshaking": {
            "min": 0,
            "med": 0,
            "max": 0,
            "p(90)": 0,
            "p(95)": 0,
            "avg": 0
        },
        "iterations": {
            "count": 8314,
            "rate": 53.64330185068981
        },
        "deactivate_clients_success_rate": {
            "passes": 8314,
            "fails": 0,
            "value": 1
        },
        "attach_documents": {
            "count": 8314,
            "rate": 53.64330185068981
        },
        "http_req_sending": {
            "avg": 0.45442234592253833,
            "min": 0.009187,
            "med": 0.020989,
            "max": 547.690526,
            "p(90)": 0.052447000000000014,
            "p(95)": 0.17351014999999964
        },
        "transaction_success_rate": {
            "fails": 0,
            "passes": 8314,
            "thresholds": {
                "rate>0.99": false
            },
            "value": 1
        },
        "active_clients_time": {
            "max": 646,
            "p(90)": 76,
            "p(95)": 112,
            "avg": 25.991460187635315,
            "min": 0,
            "med": 6,
            "thresholds": {
                "p(95)<500": false
            }
        },
        "http_req_connecting": {
            "max": 119.412885,
            "p(90)": 0,
            "p(95)": 0,
            "avg": 0.01683606968667308,
            "min": 0,
            "med": 0
        },
        "iteration_duration": {
            "p(95)": 7250.47390335,
            "avg": 6503.900270990821,
            "min": 6015.067007,
            "med": 6472.165014,
            "max": 8821.056353,
            "p(90)": 7048.362194899999
        },
        "deactivate_clients": {
            "count": 8314,
            "rate": 53.64330185068981
        },
        "data_sent": {
            "count": 62577997,
            "rate": 403763.57737341366
        },
        "http_req_blocked": {
            "med": 0.003937,
            "max": 310.694529,
            "p(90)": 0.00534,
            "p(95)": 0.006983,
            "avg": 0.036641692536686664,
            "min": 0.001453
        },
        "checks": {
            "passes": 133024,
            "fails": 0,
            "value": 1
        },
        "group_duration": {
            "p(95)": 7250.29610815,
            "avg": 6503.833055008399,
            "min": 6015.010481,
            "med": 6472.1068535,
            "max": 8821.039763,
            "p(90)": 7048.3431501
        },
        "active_clients": {
            "count": 8314,
            "rate": 53.64330185068981
        },
        "http_req_failed": {
            "passes": 0,
            "fails": 66512,
            "value": 0
        },
        "vus": {
            "value": 3,
            "min": 3,
            "max": 500
        }
    }
}