{
    "root_group": {
        "name": "",
        "path": "",
        "id": "d41d8cd98f00b204e9800998ecf8427e",
        "groups": {
            "Presence": {
                "name": "Presence",
                "path": "::Presence",
                "id": "63ab1748852475484c3afb7dae46dbde",
                "groups": {},
                "checks": {
                        "status is 200": {
                            "name": "status is 200",
                            "path": "::Presence::status is 200",
                            "id": "2bdfe827d978801584a6dde561f63b7d",
                            "passes": 67960,
                            "fails": 0
                        },
                        "response has valid body": {
                            "id": "2cb1a85a5851b9e28736f532526a5909",
                            "passes": 67960,
                            "fails": 0,
                            "name": "response has valid body",
                            "path": "::Presence::response has valid body"
                        }
                    }
            }
        },
        "checks": {}
    },
    "metrics": {
        "attach_documents_success_rate": {
            "passes": 8495,
            "fails": 0,
            "value": 1
        },
        "active_clients_time": {
            "avg": 19.01883460859329,
            "min": 0,
            "med": 4,
            "max": 374,
            "p(90)": 59,
            "p(95)": 90,
            "thresholds": {
                "p(95)<500": false
            }
        },
        "http_req_duration{expected_response:true}": {
            "min": 0.185638,
            "med": 6.626438,
            "max": 765.03656,
            "p(90)": 97.65060359999998,
            "p(95)": 155.70599799999985,
            "avg": 34.29236856815797
        },
        "data_received": {
            "count": 1204973309,
            "rate": 7817362.017219929
        },
        "iteration_duration": {
            "avg": 6366.446680268004,
            "min": 6012.649903,
            "med": 6314.788006,
            "max": 8748.880107,
            "p(90)": 6814.0279286,
            "p(95)": 7012.8904844
        },
        "checks": {
            "passes": 135920,
            "fails": 0,
            "value": 1
        },
        "pushpulls": {
            "rate": 275.56000552159657,
            "count": 42475
        },
        "pushpulls_success_rate": {
            "passes": 42475,
            "fails": 0,
            "value": 1
        },
        "http_req_duration": {
            "min": 0.185638,
            "med": 6.626438,
            "max": 765.03656,
            "p(90)": 97.65060359999998,
            "p(95)": 155.70599799999985,
            "avg": 34.29236856815797,
            "thresholds": {
                "p(95)<10000": false
            }
        },
        "transaction_success_rate": {
            "passes": 8495,
            "fails": 0,
            "thresholds": {
                "rate>0.99": false
            },
            "value": 1
        },
        "http_req_blocked": {
            "avg": 0.030242879105356706,
            "min": 0.001463,
            "med": 0.003877,
            "max": 310.419552,
            "p(90)": 0.005631,
            "p(95)": 0.007574049999999995
        },
        "vus": {
            "value": 1,
            "min": 1,
            "max": 500
        },
        "group_duration": {
            "med": 6314.768911,
            "max": 8748.854249,
            "p(90)": 6813.979612600001,
            "p(95)": 7012.8710488,
            "avg": 6366.380454514636,
            "min": 6012.577357
        },
        "active_clients": {
            "count": 8495,
            "rate": 55.11200110431932
        },
        "deactivate_clients_time": {
            "max": 579,
            "p(90)": 53,
            "p(95)": 89,
            "avg": 18.801294879340787,
            "min": 0,
            "med": 2,
            "thresholds": {
                "p(95)<10000": false
            }
        },
        "http_req_receiving": {
            "avg": 1.9311221580929665,
            "min": 0.014076,
            "med": 0.053139,
            "max": 416.533886,
            "p(90)": 0.20811009999999996,
            "p(95)": 0.6041677499999889
        },
        "vus_max": {
            "value": 500,
            "min": 500,
            "max": 500
        },
        "deactivate_clients": {
            "count": 8495,
            "rate": 55.11200110431932
        },
        "http_req_tls_handshaking": {
            "p(95)": 0,
            "avg": 0,
            "min": 0,
            "med": 0,
            "max": 0,
            "p(90)": 0
        },
        "active_clients_success_rate": {
            "fails": 0,
            "passes": 8495,
            "value": 1
        },
        "attach_documents_time": {
            "med": 16,
            "max": 766,
            "p(90)": 268.60000000000036,
            "p(95)": 372,
            "avg": 81.25662154208358,
            "min": 2,
            "thresholds": {
                "p(95)<10000": false
            }
        },
        "http_req_connecting": {
            "min": 0,
            "med": 0,
            "max": 59.634132,
            "p(90)": 0,
            "p(95)": 0,
            "avg": 0.00766803109181872
        },
        "transaction_time": {
            "p(95)": 7013,
            "avg": 6366.400117716304,
            "min": 6013,
            "med": 6315,
            "max": 8749,
            "p(90)": 6814.200000000001,
            "thresholds": {
                "p(95)<30000": false
            }
        },
        "http_req_failed": {
            "passes": 0,
            "fails": 67960,
            "value": 0
        },
        "attach_documents": {
            "count": 8495,
            "rate": 55.11200110431932
        },
        "deactivate_clients_success_rate": {
            "passes": 8495,
            "fails": 0,
            "value": 1
        },
        "http_reqs": {
            "count": 67960,
            "rate": 440.89600883455455
        },
        "pushpulls_time": {
            "min": 1,
            "med": 12,
            "max": 792,
            "p(90)": 105,
            "p(95)": 152,
            "avg": 38.22168334314303,
            "thresholds": {
                "p(95)<1000": false
            }
        },
        "http_req_waiting": {
            "avg": 32.035314014140276,
            "min": 0.138527,
            "med": 6.350741,
            "max": 764.849791,
            "p(90)": 92.35881529999999,
            "p(95)": 143.20851344999988
        },
        "data_sent": {
            "count": 63940948,
            "rate": 414822.0832003795
        },
        "iterations": {
            "count": 8495,
            "rate": 55.11200110431932
        },
        "http_req_sending": {
            "avg": 0.3259323959240749,
            "min": 0.009147,
            "med": 0.020688,
            "max": 319.924856,
            "p(90)": 0.05578499999999999,
            "p(95)": 0.17181244999999995
        }
    }
}