{
    "root_group": {
        "checks": {},
        "name": "",
        "path": "",
        "id": "d41d8cd98f00b204e9800998ecf8427e",
        "groups": {
                "Presence": {
                    "groups": {},
                    "checks": {
                            "status is 200": {
                                "passes": 63968,
                                "fails": 0,
                                "name": "status is 200",
                                "path": "::Presence::status is 200",
                                "id": "2bdfe827d978801584a6dde561f63b7d"
                            },
                            "response has valid body": {
                                "name": "response has valid body",
                                "path": "::Presence::response has valid body",
                                "id": "2cb1a85a5851b9e28736f532526a5909",
                                "passes": 63968,
                                "fails": 0
                            }
                        },
                    "name": "Presence",
                    "path": "::Presence",
                    "id": "63ab1748852475484c3afb7dae46dbde"
                }
            }
    },
    "metrics": {
        "vus": {
            "value": 1,
            "min": 1,
            "max": 500
        },
        "attach_documents_time": {
            "min": 3,
            "med": 84,
            "max": 1026,
            "p(90)": 321,
            "p(95)": 431,
            "avg": 130.46673336668334,
            "thresholds": {
                "p(95)<10000": false
            }
        },
        "http_req_duration": {
            "max": 1001.977093,
            "p(90)": 222.9527703000001,
            "p(95)": 304.54167184999966,
            "avg": 78.1396907396968,
            "min": 0.954098,
            "med": 26.059782,
            "thresholds": {
                "p(95)<10000": false
            }
        },
        "vus_max": {
            "value": 500,
            "min": 500,
            "max": 500
        },
        "attach_documents": {
            "rate": 51.40115739836976,
            "count": 7996
        },
        "data_sent": {
            "rate": 386879.4765865655,
            "count": 60183242
        },
        "http_req_waiting": {
            "avg": 74.08921140837572,
            "min": 0.905196,
            "med": 25.415937,
            "max": 1001.901621,
            "p(90)": 209.99970100000002,
            "p(95)": 285.7640845499998
        },
        "deactivate_clients_time": {
            "p(95)": 525,
            "avg": 161.43184092046022,
            "min": 4,
            "med": 100,
            "max": 1002,
            "p(90)": 411,
            "thresholds": {
                "p(95)<10000": false
            }
        },
        "http_req_connecting": {
            "min": 0,
            "med": 0,
            "max": 123.526692,
            "p(90)": 0,
            "p(95)": 0,
            "avg": 0.01893765596860931
        },
        "deactivate_clients_success_rate": {
            "passes": 7996,
            "fails": 0,
            "value": 1
        },
        "active_clients_time": {
            "p(95)": 79,
            "avg": 18.054652326163083,
            "min": 1,
            "med": 5,
            "max": 515,
            "p(90)": 53,
            "thresholds": {
                "p(95)<500": false
            }
        },
        "checks": {
            "passes": 127936,
            "fails": 0,
            "value": 1
        },
        "pushpulls": {
            "count": 39980,
            "rate": 257.0057869918488
        },
        "pushpulls_time": {
            "avg": 76.1888444222111,
            "min": 1,
            "med": 36,
            "max": 1149,
            "p(90)": 203,
            "p(95)": 275,
            "thresholds": {
                "p(95)<1000": false
            }
        },
        "iteration_duration": {
            "avg": 6765.598953073533,
            "min": 6022.740343,
            "med": 6819.697967,
            "max": 9143.877424,
            "p(90)": 7468.8075105,
            "p(95)": 7700.726148
        },
        "deactivate_clients": {
            "count": 7996,
            "rate": 51.40115739836976
        },
        "pushpulls_success_rate": {
            "passes": 39980,
            "fails": 0,
            "value": 1
        },
        "http_reqs": {
            "count": 63968,
            "rate": 411.2092591869581
        },
        "active_clients_success_rate": {
            "passes": 7996,
            "fails": 0,
            "value": 1
        },
        "attach_documents_success_rate": {
            "passes": 7996,
            "fails": 0,
            "value": 1
        },
        "http_req_sending": {
            "min": 0.011441,
            "med": 0.02167,
            "max": 695.49014,
            "p(90)": 0.08715700000000003,
            "p(95)": 0.2227724999999996,
            "avg": 0.6066325277795148
        },
        "transaction_time": {
            "max": 9144,
            "p(90)": 7469.5,
            "p(95)": 7701,
            "avg": 6765.557028514258,
            "min": 6023,
            "med": 6820,
            "thresholds": {
                "p(95)<30000": false
            }
        },
        "iterations": {
            "rate": 51.40115739836976,
            "count": 7996
        },
        "http_req_duration{expected_response:true}": {
            "max": 1001.977093,
            "p(90)": 222.9527703000001,
            "p(95)": 304.54167184999966,
            "avg": 78.1396907396968,
            "min": 0.954098,
            "med": 26.059782
        },
        "http_req_blocked": {
            "p(90)": 0.00555,
            "p(95)": 0.007715,
            "avg": 0.03110303508004141,
            "min": 0.001563,
            "med": 0.004057,
            "max": 163.210035
        },
        "http_req_failed": {
            "passes": 0,
            "fails": 63968,
            "value": 0
        },
        "active_clients": {
            "count": 7996,
            "rate": 51.40115739836976
        },
        "group_duration": {
            "med": 6819.6721925,
            "max": 9143.85374,
            "p(90)": 7468.1137115,
            "p(95)": 7700.70358775,
            "avg": 6765.311032978861,
            "min": 6022.724473
        },
        "http_req_receiving": {
            "med": 0.0517525,
            "max": 756.772945,
            "p(90)": 0.30991230000000014,
            "p(95)": 1.3996906499999975,
            "avg": 3.4438468035423755,
            "min": 0.0157
        },
        "data_received": {
            "count": 1102928289,
            "rate": 7090018.8321665395
        },
        "transaction_success_rate": {
            "passes": 7996,
            "fails": 0,
            "thresholds": {
                "rate>0.99": false
            },
            "value": 1
        },
        "http_req_tls_handshaking": {
            "med": 0,
            "max": 0,
            "p(90)": 0,
            "p(95)": 0,
            "avg": 0,
            "min": 0
        }
    }
}