{
    "metrics": {
        "transaction_success_rate": {
            "passes": 8514,
            "fails": 0,
            "thresholds": {
                "rate>0.99": false
            },
            "value": 1
        },
        "pushpulls_success_rate": {
            "passes": 42570,
            "fails": 0,
            "value": 1
        },
        "iteration_duration": {
            "p(90)": 6743.036587799999,
            "p(95)": 6909.0161087999995,
            "avg": 6344.348508237367,
            "min": 6013.324373,
            "med": 6304.0498615,
            "max": 7739.144979
        },
        "deactivate_clients_success_rate": {
            "passes": 8514,
            "fails": 0,
            "value": 1
        },
        "http_req_duration": {
            "avg": 32.52569995498568,
            "min": 0.188049,
            "med": 7.092992,
            "max": 829.31718,
            "p(90)": 94.0186611,
            "p(95)": 146.97904084999996,
            "thresholds": {
                "p(95)<10000": false
            }
        },
        "attach_documents": {
            "count": 8514,
            "rate": 54.712097060083245
        },
        "data_sent": {
            "count": 64084035,
            "rate": 411812.5373410584
        },
        "vus_max": {
            "value": 500,
            "min": 500,
            "max": 500
        },
        "http_req_failed": {
            "passes": 0,
            "fails": 68112,
            "value": 0
        },
        "deactivate_clients": {
            "count": 8514,
            "rate": 54.712097060083245
        },
        "data_received": {
            "count": 1211497750,
            "rate": 7785245.77003435
        },
        "http_req_sending": {
            "avg": 0.3087138447556929,
            "min": 0.009798,
            "med": 0.020649,
            "max": 355.517355,
            "p(90)": 0.053368100000000016,
            "p(95)": 0.16635449999999996
        },
        "active_clients_time": {
            "med": 4,
            "max": 513,
            "p(90)": 54,
            "p(95)": 89,
            "avg": 18.59748649283533,
            "min": 0,
            "thresholds": {
                "p(95)<500": false
            }
        },
        "active_clients_success_rate": {
            "passes": 8514,
            "fails": 0,
            "value": 1
        },
        "http_req_receiving": {
            "avg": 1.2405856707334972,
            "min": 0.014207,
            "med": 0.052769,
            "max": 399.796011,
            "p(90)": 0.2012235,
            "p(95)": 0.5933145499999982
        },
        "attach_documents_success_rate": {
            "passes": 8514,
            "fails": 0,
            "value": 1
        },
        "transaction_time": {
            "med": 6304,
            "max": 7739,
            "p(90)": 6743,
            "p(95)": 6909,
            "avg": 6344.317712003758,
            "min": 6014,
            "thresholds": {
                "p(95)<30000": false
            }
        },
        "active_clients": {
            "count": 8514,
            "rate": 54.712097060083245
        },
        "pushpulls": {
            "count": 42570,
            "rate": 273.5604853004162
        },
        "http_req_duration{expected_response:true}": {
            "avg": 32.52569995498568,
            "min": 0.188049,
            "med": 7.092992,
            "max": 829.31718,
            "p(90)": 94.0186611,
            "p(95)": 146.97904084999996
        },
        "iterations": {
            "rate": 54.712097060083245,
            "count": 8514
        },
        "deactivate_clients_time": {
            "min": 0,
            "med": 2,
            "max": 531,
            "p(90)": 47,
            "p(95)": 79,
            "avg": 16.077636833450786,
            "thresholds": {
                "p(95)<10000": false
            }
        },
        "attach_documents_time": {
            "p(95)": 347,
            "avg": 76.84167253934696,
            "min": 2,
            "med": 19,
            "max": 831,
            "p(90)": 237,
            "thresholds": {
                "p(95)<10000": false
            }
        },
        "http_req_blocked": {
            "avg": 0.022188285632488564,
            "min": 0.001522,
            "med": 0.003868,
            "max": 70.834226,
            "p(90)": 0.00555,
            "p(95)": 0.0077994999999999705
        },
        "checks": {
            "passes": 136224,
            "fails": 0,
            "value": 1
        },
        "pushpulls_time": {
            "max": 636,
            "p(90)": 102,
            "p(95)": 151,
            "avg": 36.79438571764153,
            "min": 1,
            "med": 13,
            "thresholds": {
                "p(95)<1000": false
            }
        },
        "http_req_tls_handshaking": {
            "avg": 0,
            "min": 0,
            "med": 0,
            "max": 0,
            "p(90)": 0,
            "p(95)": 0
        },
        "http_reqs": {
            "rate": 437.69677648066596,
            "count": 68112
        },
        "http_req_connecting": {
            "min": 0,
            "med": 0,
            "max": 69.845171,
            "p(90)": 0,
            "p(95)": 0,
            "avg": 0.011263187793634012
        },
        "group_duration": {
            "avg": 6344.291730867991,
            "min": 6013.278877,
            "med": 6304.031973,
            "max": 7739.114903,
            "p(90)": 6742.7656719999995,
            "p(95)": 6908.98469475
        },
        "http_req_waiting": {
            "avg": 30.976400439496647,
            "min": 0.137238,
            "med": 6.8128105,
            "max": 697.556215,
            "p(90)": 89.80851590000002,
            "p(95)": 139.14117984999996
        },
        "vus": {
            "min": 1,
            "max": 500,
            "value": 1
        }
    },
    "root_group": {
        "groups": {
            "Presence": {
                "checks": {
                    "status is 200": {
                        "path": "::Presence::status is 200",
                        "id": "2bdfe827d978801584a6dde561f63b7d",
                        "passes": 68112,
                        "fails": 0,
                        "name": "status is 200"
                    },
                    "response has valid body": {
                        "id": "2cb1a85a5851b9e28736f532526a5909",
                        "passes": 68112,
                        "fails": 0,
                        "name": "response has valid body",
                        "path": "::Presence::response has valid body"
                    }
                },
                "name": "Presence",
                "path": "::Presence",
                "id": "63ab1748852475484c3afb7dae46dbde",
                "groups": {}
            }
        },
        "checks": {},
        "name": "",
        "path": "",
        "id": "d41d8cd98f00b204e9800998ecf8427e"
    }
}