{
    "root_group": {
        "checks": {},
        "name": "",
        "path": "",
        "id": "d41d8cd98f00b204e9800998ecf8427e",
        "groups": {
                "Presence": {
                    "name": "Presence",
                    "path": "::Presence",
                    "id": "63ab1748852475484c3afb7dae46dbde",
                    "groups": {},
                    "checks": {
                            "status is 200": {
                                "name": "status is 200",
                                "path": "::Presence::status is 200",
                                "id": "2bdfe827d978801584a6dde561f63b7d",
                                "passes": 67480,
                                "fails": 0
                            },
                            "response has valid body": {
                                "name": "response has valid body",
                                "path": "::Presence::response has valid body",
                                "id": "2cb1a85a5851b9e28736f532526a5909",
                                "passes": 67480,
                                "fails": 0
                            }
                        }
                }
            }
    },
    "metrics": {
        "vus": {
            "value": 5,
            "min": 5,
            "max": 500
        },
        "http_reqs": {
            "count": 67480,
            "rate": 435.7137201510326
        },
        "active_clients": {
            "count": 8435,
            "rate": 54.464215018879074
        },
        "http_req_waiting": {
            "avg": 33.92657449639899,
            "min": 0.130454,
            "med": 5.9647475,
            "max": 655.679447,
            "p(90)": 103.2752513,
            "p(95)": 156.08374114999975
        },
        "http_req_sending": {
            "med": 0.02154,
            "max": 406.177942,
            "p(90)": 0.05889089999999998,
            "p(95)": 0.17338744999999972,
            "avg": 0.401789905053346,
            "min": 0.009709
        },
        "transaction_time": {
            "p(95)": 7045.299999999999,
            "avg": 6406.9939537640785,
            "min": 6012,
            "med": 6372,
            "max": 7943,
            "p(90)": 6883,
            "thresholds": {
                "p(95)<30000": false
            }
        },
        "active_clients_time": {
            "avg": 21.71831653823355,
            "min": 0,
            "med": 3,
            "max": 445,
            "p(90)": 69,
            "p(95)": 104,
            "thresholds": {
                "p(95)<500": false
            }
        },
        "pushpulls_time": {
            "p(95)": 172,
            "avg": 40.94413752222881,
            "min": 0,
            "med": 12,
            "max": 702,
            "p(90)": 121,
            "thresholds": {
                "p(95)<1000": false
            }
        },
        "deactivate_clients_success_rate": {
            "passes": 8435,
            "fails": 0,
            "value": 1
        },
        "checks": {
            "passes": 134960,
            "fails": 0,
            "value": 1
        },
        "attach_documents_success_rate": {
            "passes": 8435,
            "fails": 0,
            "value": 1
        },
        "group_duration": {
            "avg": 6406.966434397746,
            "min": 6012.38482,
            "med": 6372.074475,
            "max": 7943.377616,
            "p(90)": 6882.4949328,
            "p(95)": 7045.2692139
        },
        "iteration_duration": {
            "med": 6372.096476,
            "max": 7943.403453,
            "p(90)": 6882.8593368,
            "p(95)": 7045.5528708,
            "avg": 6407.035655953543,
            "min": 6012.424003
        },
        "active_clients_success_rate": {
            "passes": 8435,
            "fails": 0,
            "value": 1
        },
        "http_req_tls_handshaking": {
            "p(95)": 0,
            "avg": 0,
            "min": 0,
            "med": 0,
            "max": 0,
            "p(90)": 0
        },
        "http_req_connecting": {
            "p(90)": 0,
            "p(95)": 0,
            "avg": 0.011983575370480145,
            "min": 0,
            "med": 0,
            "max": 97.980037
        },
        "deactivate_clients": {
            "rate": 54.464215018879074,
            "count": 8435
        },
        "http_req_receiving": {
            "avg": 2.3529340664493468,
            "min": 0.014116,
            "med": 0.054091,
            "max": 443.553918,
            "p(90)": 0.2602499999999999,
            "p(95)": 0.9297755999999974
        },
        "pushpulls": {
            "count": 42175,
            "rate": 272.3210750943954
        },
        "iterations": {
            "count": 8435,
            "rate": 54.464215018879074
        },
        "http_req_duration": {
            "min": 0.177471,
            "med": 6.2321415,
            "max": 657.987624,
            "p(90)": 112.66828469999996,
            "p(95)": 171.0711522999999,
            "avg": 36.68129846790181,
            "thresholds": {
                "p(95)<10000": false
            }
        },
        "http_req_failed": {
            "fails": 67480,
            "passes": 0,
            "value": 0
        },
        "vus_max": {
            "max": 500,
            "value": 500,
            "min": 500
        },
        "pushpulls_success_rate": {
            "passes": 42175,
            "fails": 0,
            "value": 1
        },
        "http_req_blocked": {
            "med": 0.003777,
            "max": 98.137862,
            "p(90)": 0.005159,
            "p(95)": 0.006953,
            "avg": 0.020782129994072675,
            "min": 0.001242
        },
        "attach_documents": {
            "count": 8435,
            "rate": 54.464215018879074
        },
        "http_req_duration{expected_response:true}": {
            "med": 6.2321415,
            "max": 657.987624,
            "p(90)": 112.66828469999996,
            "p(95)": 171.0711522999999,
            "avg": 36.68129846790181,
            "min": 0.177471
        },
        "data_sent": {
            "count": 63488887,
            "rate": 409943.37793447735
        },
        "deactivate_clients_time": {
            "med": 2,
            "max": 573,
            "p(90)": 66,
            "p(95)": 106,
            "avg": 21.05749851807943,
            "min": 0,
            "thresholds": {
                "p(95)<10000": false
            }
        },
        "transaction_success_rate": {
            "fails": 0,
            "passes": 8435,
            "thresholds": {
                "rate>0.99": false
            },
            "value": 1
        },
        "attach_documents_time": {
            "p(95)": 363,
            "avg": 81.95743924125667,
            "min": 3,
            "med": 15,
            "max": 745,
            "p(90)": 262,
            "thresholds": {
                "p(95)<10000": false
            }
        },
        "data_received": {
            "count": 1227665956,
            "rate": 7926954.664960491
        }
    }
}