{
    "metrics": {
        "http_req_duration": {
            "med": 19.316035,
            "max": 973.249121,
            "p(90)": 198.9823065,
            "p(95)": 287.2751595,
            "avg": 68.0896485552357,
            "min": 0.17807,
            "thresholds": {
                "p(95)<10000": false
            }
        },
        "attach_documents": {
            "count": 8097,
            "rate": 52.02744365691527
        },
        "iteration_duration": {
            "avg": 6687.166646027647,
            "min": 6018.557413,
            "med": 6717.592216,
            "max": 9214.915315,
            "p(90)": 7319.5731558,
            "p(95)": 7512.8547544
        },
        "vus_max": {
            "value": 500,
            "min": 500,
            "max": 500
        },
        "deactivate_clients_success_rate": {
            "passes": 8097,
            "fails": 0,
            "value": 1
        },
        "pushpulls_success_rate": {
            "passes": 40485,
            "fails": 0,
            "value": 1
        },
        "transaction_time": {
            "p(90)": 7320,
            "p(95)": 7513,
            "avg": 6687.121773496357,
            "min": 6018,
            "med": 6718,
            "max": 9215,
            "thresholds": {
                "p(95)<30000": false
            }
        },
        "http_req_sending": {
            "p(95)": 0.2330895,
            "avg": 0.5808901540076573,
            "min": 0.01056,
            "med": 0.022412,
            "max": 477.405477,
            "p(90)": 0.07136700000000001
        },
        "active_clients": {
            "count": 8097,
            "rate": 52.02744365691527
        },
        "deactivate_clients": {
            "rate": 52.02744365691527,
            "count": 8097
        },
        "deactivate_clients_time": {
            "p(95)": 119,
            "avg": 24.580338396937137,
            "min": 0,
            "med": 4,
            "max": 522,
            "p(90)": 75,
            "thresholds": {
                "p(95)<10000": false
            }
        },
        "attach_documents_time": {
            "avg": 183.83870569346672,
            "min": 3,
            "med": 112,
            "max": 976,
            "p(90)": 491.40000000000055,
            "p(95)": 584,
            "thresholds": {
                "p(95)<10000": false
            }
        },
        "data_received": {
            "count": 1134690392,
            "rate": 7290976.959098814
        },
        "checks": {
            "passes": 129552,
            "fails": 0,
            "value": 1
        },
        "data_sent": {
            "count": 60943988,
            "rate": 391596.87562031863
        },
        "http_req_receiving": {
            "med": 0.053189,
            "max": 474.537408,
            "p(90)": 0.309651,
            "p(95)": 1.5933887500000001,
            "avg": 3.190665879600483,
            "min": 0.015008
        },
        "active_clients_success_rate": {
            "passes": 8097,
            "fails": 0,
            "value": 1
        },
        "http_reqs": {
            "count": 64776,
            "rate": 416.21954925532214
        },
        "pushpulls_time": {
            "avg": 74.46123255526739,
            "min": 1,
            "med": 33,
            "max": 792,
            "p(90)": 207,
            "p(95)": 275,
            "thresholds": {
                "p(95)<1000": false
            }
        },
        "active_clients_time": {
            "max": 686,
            "p(90)": 79.40000000000055,
            "p(95)": 113,
            "avg": 27.860565641595652,
            "min": 1,
            "med": 9,
            "thresholds": {
                "p(95)<500": false
            }
        },
        "http_req_blocked": {
            "p(90)": 0.00596,
            "p(95)": 0.00817825,
            "avg": 0.04018353149314674,
            "min": 0.001543,
            "med": 0.004268,
            "max": 371.514458
        },
        "group_duration": {
            "p(95)": 7512.8280554,
            "avg": 6687.09210178624,
            "min": 6018.462195,
            "med": 6717.507056,
            "max": 9214.892843,
            "p(90)": 7319.549747800001
        },
        "iterations": {
            "count": 8097,
            "rate": 52.02744365691527
        },
        "http_req_duration{expected_response:true}": {
            "p(95)": 287.2751595,
            "avg": 68.0896485552357,
            "min": 0.17807,
            "med": 19.316035,
            "max": 973.249121,
            "p(90)": 198.9823065
        },
        "attach_documents_success_rate": {
            "passes": 8097,
            "fails": 0,
            "value": 1
        },
        "http_req_connecting": {
            "avg": 0.01794405383166605,
            "min": 0,
            "med": 0,
            "max": 144.197737,
            "p(90)": 0,
            "p(95)": 0
        },
        "http_req_waiting": {
            "max": 972.216578,
            "p(90)": 184.0839285,
            "p(95)": 266.35290975,
            "avg": 64.31809252162837,
            "min": 0.12634,
            "med": 18.533609
        },
        "http_req_tls_handshaking": {
            "avg": 0,
            "min": 0,
            "med": 0,
            "max": 0,
            "p(90)": 0,
            "p(95)": 0
        },
        "vus": {
            "min": 5,
            "max": 500,
            "value": 5
        },
        "transaction_success_rate": {
            "passes": 8097,
            "fails": 0,
            "thresholds": {
                "rate>0.99": false
            },
            "value": 1
        },
        "pushpulls": {
            "count": 40485,
            "rate": 260.1372182845763
        },
        "http_req_failed": {
            "passes": 0,
            "fails": 64776,
            "value": 0
        }
    },
    "root_group": {
        "groups": {
            "Presence": {
                "name": "Presence",
                "path": "::Presence",
                "id": "63ab1748852475484c3afb7dae46dbde",
                "groups": {},
                "checks": {
                        "status is 200": {
                            "id": "2bdfe827d978801584a6dde561f63b7d",
                            "passes": 64776,
                            "fails": 0,
                            "name": "status is 200",
                            "path": "::Presence::status is 200"
                        },
                        "response has valid body": {
                            "name": "response has valid body",
                            "path": "::Presence::response has valid body",
                            "id": "2cb1a85a5851b9e28736f532526a5909",
                            "passes": 64776,
                            "fails": 0
                        }
                    }
            }
        },
        "checks": {},
        "name": "",
        "path": "",
        "id": "d41d8cd98f00b204e9800998ecf8427e"
    }
}