{
    "root_group": {
        "name": "",
        "path": "",
        "id": "d41d8cd98f00b204e9800998ecf8427e",
        "groups": {
            "Presence": {
                "name": "Presence",
                "path": "::Presence",
                "id": "63ab1748852475484c3afb7dae46dbde",
                "groups": {},
                "checks": {
                        "status is 200": {
                            "id": "2bdfe827d978801584a6dde561f63b7d",
                            "passes": 69208,
                            "fails": 0,
                            "name": "status is 200",
                            "path": "::Presence::status is 200"
                        },
                        "response has valid body": {
                            "fails": 0,
                            "name": "response has valid body",
                            "path": "::Presence::response has valid body",
                            "id": "2cb1a85a5851b9e28736f532526a5909",
                            "passes": 69208
                        }
                    }
            }
        },
        "checks": {}
    },
    "metrics": {
        "active_clients_success_rate": {
            "passes": 8651,
            "fails": 0,
            "value": 1
        },
        "http_req_blocked": {
            "avg": 0.027028668795513713,
            "min": 0.001242,
            "med": 0.004026,
            "max": 268.737054,
            "p(90)": 0.005939,
            "p(95)": 0.008007849999999948
        },
        "deactivate_clients_success_rate": {
            "passes": 8651,
            "fails": 0,
            "value": 1
        },
        "pushpulls": {
            "count": 43255,
            "rate": 277.718955510821
        },
        "http_req_duration": {
            "min": 0.171644,
            "med": 5.152744500000001,
            "max": 687.386145,
            "p(90)": 63.201294200000014,
            "p(95)": 108.67342904999992,
            "avg": 22.93026812936372,
            "thresholds": {
                "p(95)<10000": false
            }
        },
        "http_reqs": {
            "count": 69208,
            "rate": 444.3503288173136
        },
        "deactivate_clients": {
            "count": 8651,
            "rate": 55.5437911021642
        },
        "active_clients_time": {
            "med": 3,
            "max": 276,
            "p(90)": 37,
            "p(95)": 61,
            "avg": 13.366894000693561,
            "min": 0,
            "thresholds": {
                "p(95)<500": false
            }
        },
        "http_req_receiving": {
            "avg": 0.8992826305918278,
            "min": 0.012789,
            "med": 0.054651,
            "max": 419.404592,
            "p(90)": 0.1895,
            "p(95)": 0.5066912499999996
        },
        "attach_documents_success_rate": {
            "passes": 8651,
            "fails": 0,
            "value": 1
        },
        "iterations": {
            "count": 8651,
            "rate": 55.5437911021642
        },
        "iteration_duration": {
            "med": 6198.153835,
            "max": 7724.433325,
            "p(90)": 6563.697693,
            "p(95)": 6723.263953,
            "avg": 6249.149145892262,
            "min": 6015.646401
        },
        "http_req_waiting": {
            "med": 4.9181395,
            "max": 687.1666,
            "p(90)": 60.91044190000003,
            "p(95)": 103.18309019999977,
            "avg": 21.750221078906957,
            "min": 0.127389
        },
        "http_req_tls_handshaking": {
            "max": 0,
            "p(90)": 0,
            "p(95)": 0,
            "avg": 0,
            "min": 0,
            "med": 0
        },
        "pushpulls_success_rate": {
            "passes": 43255,
            "fails": 0,
            "value": 1
        },
        "vus_max": {
            "min": 500,
            "max": 500,
            "value": 500
        },
        "group_duration": {
            "med": 6198.132793,
            "max": 7724.404152,
            "p(90)": 6563.676161,
            "p(95)": 6723.243818499999,
            "avg": 6249.103535676904,
            "min": 6015.627053
        },
        "checks": {
            "passes": 138416,
            "fails": 0,
            "value": 1
        },
        "http_req_connecting": {
            "avg": 0.010268884912148883,
            "min": 0,
            "med": 0,
            "max": 94.695302,
            "p(90)": 0,
            "p(95)": 0
        },
        "http_req_sending": {
            "min": 0.008803,
            "med": 0.020941,
            "max": 373.727119,
            "p(90)": 0.0491623,
            "p(95)": 0.144794,
            "avg": 0.28076441986475686
        },
        "active_clients": {
            "count": 8651,
            "rate": 55.5437911021642
        },
        "data_sent": {
            "count": 65115676,
            "rate": 418075.5410033761
        },
        "deactivate_clients_time": {
            "med": 2,
            "max": 535,
            "p(90)": 32,
            "p(95)": 57,
            "avg": 12.144607559819674,
            "min": 0,
            "thresholds": {
                "p(95)<10000": false
            }
        },
        "attach_documents_time": {
            "avg": 57.073286325280314,
            "min": 3,
            "med": 15,
            "max": 689,
            "p(90)": 181,
            "p(95)": 237,
            "thresholds": {
                "p(95)<10000": false
            }
        },
        "http_req_failed": {
            "passes": 0,
            "fails": 69208,
            "value": 0
        },
        "http_req_duration{expected_response:true}": {
            "p(95)": 108.67342904999992,
            "avg": 22.93026812936372,
            "min": 0.171644,
            "med": 5.152744500000001,
            "max": 687.386145,
            "p(90)": 63.201294200000014
        },
        "data_received": {
            "rate": 7939992.09691775,
            "count": 1236661565
        },
        "pushpulls_time": {
            "avg": 25.663715177436135,
            "min": 1,
            "med": 9,
            "max": 654,
            "p(90)": 67,
            "p(95)": 104,
            "thresholds": {
                "p(95)<1000": false
            }
        },
        "transaction_success_rate": {
            "passes": 8651,
            "fails": 0,
            "thresholds": {
                "rate>0.99": false
            },
            "value": 1
        },
        "attach_documents": {
            "count": 8651,
            "rate": 55.5437911021642
        },
        "vus": {
            "min": 8,
            "max": 500,
            "value": 9
        },
        "transaction_time": {
            "avg": 6249.117443070165,
            "min": 6016,
            "med": 6198,
            "max": 7724,
            "p(90)": 6564,
            "p(95)": 6723.5,
            "thresholds": {
                "p(95)<30000": false
            }
        }
    }
}