{
    "root_group": {
        "id": "d41d8cd98f00b204e9800998ecf8427e",
        "groups": {
            "Attachment": {
                "name": "Attachment",
                "path": "::Attachment",
                "id": "8e39eb0cb12fb749ba9ccd15af52cbad",
                "groups": {},
                "checks": {
                        "status is 200": {
                            "name": "status is 200",
                            "path": "::Attachment::status is 200",
                            "id": "db3dc3f9e26c1649b08cc5a49159f747",
                            "passes": 58765,
                            "fails": 0
                        },
                        "response has valid body": {
                            "name": "response has valid body",
                            "path": "::Attachment::response has valid body",
                            "id": "ae60d91cf191d752075b277bc603091f",
                            "passes": 58765,
                            "fails": 0
                        }
                    }
            }
        },
        "checks": {},
        "name": "",
        "path": ""
    },
    "metrics": {
        "iteration_duration": {
            "med": 6295.155467,
            "max": 10551.10016,
            "p(90)": 8994.160133,
            "p(95)": 9451.901855999999,
            "avg": 6299.043192640681,
            "min": 3019.226029
        },
        "pushpulls": {
            "rate": 216.13946645976353,
            "count": 33190
        },
        "control_doc_latency": {
            "max": 0,
            "p(90)": 0,
            "p(95)": 0,
            "avg": 0,
            "min": 0,
            "med": 0,
            "thresholds": {
                "p(95)<500": false
            }
        },
        "checks": {
            "passes": 117530,
            "fails": 0,
            "value": 1
        },
        "active_clients": {
            "count": 8525,
            "rate": 55.51638901986996
        },
        "group_duration": {
            "avg": 6298.982276478732,
            "min": 3019.202555,
            "med": 6295.13015,
            "max": 10551.080673,
            "p(90)": 8994.1340396,
            "p(95)": 9451.8498726
        },
        "http_req_receiving": {
            "avg": 0.5683028227176034,
            "min": 0.015389,
            "med": 0.051937,
            "max": 140.139016,
            "p(90)": 0.30748659999999994,
            "p(95)": 0.9266467999999973
        },
        "attach_documents": {
            "count": 8525,
            "rate": 55.51638901986996
        },
        "vus": {
            "value": 2,
            "min": 2,
            "max": 500
        },
        "http_req_connecting": {
            "avg": 0.0272562408746703,
            "min": 0,
            "med": 0,
            "max": 120.690116,
            "p(90)": 0,
            "p(95)": 0
        },
        "http_reqs": {
            "rate": 382.6886335193734,
            "count": 58765
        },
        "http_req_blocked": {
            "avg": 0.0424295975325464,
            "min": 0.001493,
            "med": 0.004178,
            "max": 134.291679,
            "p(90)": 0.005661,
            "p(95)": 0.007614
        },
        "vus_max": {
            "value": 500,
            "min": 500,
            "max": 500
        },
        "http_req_duration{expected_response:true}": {
            "avg": 336.5136520055288,
            "min": 0.980229,
            "med": 340.462495,
            "max": 1464.971261,
            "p(90)": 715.3269,
            "p(95)": 811.9686051999998
        },
        "http_req_tls_handshaking": {
            "avg": 0,
            "min": 0,
            "med": 0,
            "max": 0,
            "p(90)": 0,
            "p(95)": 0
        },
        "data_sent": {
            "rate": 358674.37311432895,
            "count": 55077412
        },
        "http_req_sending": {
            "med": 0.021651,
            "max": 544.853182,
            "p(90)": 0.13593199999999997,
            "p(95)": 0.23832919999999985,
            "avg": 0.28686271612354425,
            "min": 0.011361
        },
        "http_req_duration": {
            "p(90)": 715.3269,
            "p(95)": 811.9686051999998,
            "avg": 336.5136520055288,
            "min": 0.980229,
            "med": 340.462495,
            "max": 1464.971261,
            "thresholds": {
                "p(95)<10000": false
            }
        },
        "transaction_success_rate": {
            "passes": 8525,
            "fails": 0,
            "thresholds": {
                "rate>0.99": false
            },
            "value": 1
        },
        "http_req_waiting": {
            "max": 1464.916419,
            "p(90)": 713.8858432,
            "p(95)": 810.6042041999998,
            "avg": 335.6584864666866,
            "min": 0.924957,
            "med": 339.444465
        },
        "http_req_failed": {
            "passes": 0,
            "fails": 58765,
            "value": 0
        },
        "data_received": {
            "rate": 6363320.627560796,
            "count": 977140432
        },
        "iterations": {
            "count": 8525,
            "rate": 55.51638901986996
        },
        "transaction_time": {
            "p(95)": 9451.599999999999,
            "avg": 6298.995190615836,
            "min": 3019,
            "med": 6295,
            "max": 10551,
            "p(90)": 8994
        }
    }
}