{
    "metrics": {
        "deactivate_clients": {
            "count": 8019,
            "rate": 51.51212952725445
        },
        "deactivate_clients_success_rate": {
            "passes": 8019,
            "fails": 0,
            "value": 1
        },
        "http_reqs": {
            "count": 64152,
            "rate": 412.0970362180356
        },
        "http_req_blocked": {
            "med": 0.004078,
            "max": 210.311682,
            "p(90)": 0.005611,
            "p(95)": 0.007614,
            "avg": 0.04188957366878782,
            "min": 0.001502
        },
        "attach_documents": {
            "count": 8019,
            "rate": 51.51212952725445
        },
        "pushpulls_time": {
            "p(90)": 203,
            "p(95)": 265,
            "avg": 76.24110238184312,
            "min": 1,
            "med": 36,
            "max": 815,
            "thresholds": {
                "p(95)<1000": false
            }
        },
        "vus_max": {
            "value": 500,
            "min": 500,
            "max": 500
        },
        "transaction_success_rate": {
            "passes": 8019,
            "fails": 0,
            "thresholds": {
                "rate>0.99": false
            },
            "value": 1
        },
        "transaction_time": {
            "max": 9379,
            "p(90)": 7478,
            "p(95)": 7703,
            "avg": 6739.452674897119,
            "min": 6023,
            "med": 6757,
            "thresholds": {
                "p(95)<30000": false
            }
        },
        "active_clients": {
            "count": 8019,
            "rate": 51.51212952725445
        },
        "active_clients_time": {
            "p(90)": 60,
            "p(95)": 91.09999999999945,
            "avg": 19.287816435964583,
            "min": 1,
            "med": 5,
            "max": 349,
            "thresholds": {
                "p(95)<500": false
            }
        },
        "attach_documents_time": {
            "p(95)": 417.09999999999945,
            "avg": 116.67065718917571,
            "min": 3,
            "med": 73,
            "max": 1016,
            "p(90)": 293,
            "thresholds": {
                "p(95)<10000": false
            }
        },
        "http_req_failed": {
            "passes": 0,
            "fails": 64152,
            "value": 0
        },
        "data_sent": {
            "count": 60356870,
            "rate": 387718.0328344754
        },
        "deactivate_clients_time": {
            "p(95)": 547.1999999999989,
            "avg": 147.8775408405038,
            "min": 4,
            "med": 86,
            "max": 1013,
            "p(90)": 412,
            "thresholds": {
                "p(95)<10000": false
            }
        },
        "pushpulls_success_rate": {
            "fails": 0,
            "passes": 40095,
            "value": 1
        },
        "checks": {
            "passes": 128304,
            "fails": 0,
            "value": 1
        },
        "iterations": {
            "count": 8019,
            "rate": 51.51212952725445
        },
        "http_req_tls_handshaking": {
            "min": 0,
            "med": 0,
            "max": 0,
            "p(90)": 0,
            "p(95)": 0,
            "avg": 0
        },
        "http_req_receiving": {
            "p(90)": 0.29573790000000005,
            "p(95)": 1.3863588499999961,
            "avg": 3.1107054302905848,
            "min": 0.014487,
            "med": 0.0526335,
            "max": 534.888898
        },
        "data_received": {
            "count": 1142000297,
            "rate": 7335935.555459166
        },
        "http_req_sending": {
            "min": 0.010569,
            "med": 0.022061,
            "max": 527.995155,
            "p(90)": 0.07890610000000002,
            "p(95)": 0.20316899999999993,
            "avg": 0.5433424678575892
        },
        "active_clients_success_rate": {
            "fails": 0,
            "passes": 8019,
            "value": 1
        },
        "group_duration": {
            "avg": 6739.371371174484,
            "min": 6023.12962,
            "med": 6756.832947,
            "max": 9378.60941,
            "p(90)": 7477.7812248,
            "p(95)": 7702.6283096
        },
        "iteration_duration": {
            "med": 6756.937977,
            "max": 9378.630429,
            "p(90)": 7477.7990426,
            "p(95)": 7702.6479772,
            "avg": 6739.491076156877,
            "min": 6023.150539
        },
        "http_req_duration": {
            "avg": 74.62783045996947,
            "min": 0.950921,
            "med": 25.7512215,
            "max": 1015.094111,
            "p(90)": 200.86027630000007,
            "p(95)": 275.7455860999998,
            "thresholds": {
                "p(95)<10000": false
            }
        },
        "attach_documents_success_rate": {
            "fails": 0,
            "passes": 8019,
            "value": 1
        },
        "http_req_connecting": {
            "avg": 0.024737977865070458,
            "min": 0,
            "med": 0,
            "max": 137.850579,
            "p(90)": 0,
            "p(95)": 0
        },
        "http_req_duration{expected_response:true}": {
            "avg": 74.62783045996947,
            "min": 0.950921,
            "med": 25.7512215,
            "max": 1015.094111,
            "p(90)": 200.86027630000007,
            "p(95)": 275.7455860999998
        },
        "vus": {
            "value": 2,
            "min": 2,
            "max": 500
        },
        "http_req_waiting": {
            "min": 0.885092,
            "med": 25.012156,
            "max": 931.806862,
            "p(90)": 190.6278459,
            "p(95)": 256.77400614999993,
            "avg": 70.97378256182171
        },
        "pushpulls": {
            "count": 40095,
            "rate": 257.5606476362723
        }
    },
    "root_group": {
        "name": "",
        "path": "",
        "id": "d41d8cd98f00b204e9800998ecf8427e",
        "groups": {
            "Presence": {
                "id": "63ab1748852475484c3afb7dae46dbde",
                "groups": {},
                "checks": {
                        "status is 200": {
                            "fails": 0,
                            "name": "status is 200",
                            "path": "::Presence::status is 200",
                            "id": "2bdfe827d978801584a6dde561f63b7d",
                            "passes": 64152
                        },
                        "response has valid body": {
                            "name": "response has valid body",
                            "path": "::Presence::response has valid body",
                            "id": "2cb1a85a5851b9e28736f532526a5909",
                            "passes": 64152,
                            "fails": 0
                        }
                    },
                "name": "Presence",
                "path": "::Presence"
            }
        },
        "checks": {}
    }
}