{
    "metrics": {
        "transaction_success_rate": {
            "passes": 8501,
            "fails": 0,
            "thresholds": {
                "rate>0.99": false
            },
            "value": 1
        },
        "http_req_tls_handshaking": {
            "avg": 0,
            "min": 0,
            "med": 0,
            "max": 0,
            "p(90)": 0,
            "p(95)": 0
        },
        "group_duration": {
            "avg": 6352.607926789572,
            "min": 6013.731131,
            "med": 6308.106774,
            "max": 7947.892033,
            "p(90)": 6765.760568,
            "p(95)": 6902.699885
        },
        "http_req_connecting": {
            "med": 0,
            "max": 76.305223,
            "p(90)": 0,
            "p(95)": 0,
            "avg": 0.012536575388189626,
            "min": 0
        },
        "active_clients_success_rate": {
            "passes": 8501,
            "fails": 0,
            "value": 1
        },
        "pushpulls_time": {
            "avg": 36.80352899658864,
            "min": 1,
            "med": 12,
            "max": 735,
            "p(90)": 102,
            "p(95)": 144,
            "thresholds": {
                "p(95)<1000": false
            }
        },
        "pushpulls_success_rate": {
            "passes": 42505,
            "fails": 0,
            "value": 1
        },
        "deactivate_clients": {
            "count": 8501,
            "rate": 54.56721184960294
        },
        "http_req_failed": {
            "passes": 0,
            "fails": 68008,
            "value": 0
        },
        "http_req_duration": {
            "avg": 32.572154500646995,
            "min": 0.182707,
            "med": 6.72473,
            "max": 688.693841,
            "p(90)": 94.7632308,
            "p(95)": 144.8338753999997,
            "thresholds": {
                "p(95)<10000": false
            }
        },
        "data_sent": {
            "count": 63986294,
            "rate": 410722.69852593547
        },
        "checks": {
            "passes": 136016,
            "fails": 0,
            "value": 1
        },
        "attach_documents_time": {
            "min": 3,
            "med": 18,
            "max": 691,
            "p(90)": 229,
            "p(95)": 302,
            "avg": 74.00317609692978,
            "thresholds": {
                "p(95)<10000": false
            }
        },
        "vus": {
            "value": 1,
            "min": 1,
            "max": 500
        },
        "active_clients_time": {
            "med": 4,
            "max": 415,
            "p(90)": 57,
            "p(95)": 85,
            "avg": 18.93177273261969,
            "min": 0,
            "thresholds": {
                "p(95)<500": false
            }
        },
        "vus_max": {
            "max": 500,
            "value": 500,
            "min": 500
        },
        "http_req_duration{expected_response:true}": {
            "med": 6.72473,
            "max": 688.693841,
            "p(90)": 94.7632308,
            "p(95)": 144.8338753999997,
            "avg": 32.572154500646995,
            "min": 0.182707
        },
        "http_req_blocked": {
            "min": 0.001483,
            "med": 0.003907,
            "max": 79.070476,
            "p(90)": 0.00541,
            "p(95)": 0.007845,
            "avg": 0.023418464401247827
        },
        "deactivate_clients_success_rate": {
            "passes": 8501,
            "fails": 0,
            "value": 1
        },
        "deactivate_clients_time": {
            "max": 615,
            "p(90)": 56,
            "p(95)": 84,
            "avg": 18.96329843547818,
            "min": 0,
            "med": 2,
            "thresholds": {
                "p(95)<10000": false
            }
        },
        "attach_documents": {
            "count": 8501,
            "rate": 54.56721184960294
        },
        "pushpulls": {
            "count": 42505,
            "rate": 272.8360592480147
        },
        "http_req_waiting": {
            "med": 6.4318124999999995,
            "max": 561.226248,
            "p(90)": 89.16050630000002,
            "p(95)": 131.34975125,
            "avg": 30.104318139909925,
            "min": 0.13698
        },
        "http_reqs": {
            "count": 68008,
            "rate": 436.53769479682353
        },
        "http_req_receiving": {
            "avg": 2.0708708747647355,
            "min": 0.014307,
            "med": 0.054813,
            "max": 436.243133,
            "p(90)": 0.24229940000000022,
            "p(95)": 0.7937201499999944
        },
        "iteration_duration": {
            "med": 6308.29077,
            "max": 7947.911339,
            "p(90)": 6765.783712,
            "p(95)": 6902.728538,
            "avg": 6352.684162491831,
            "min": 6013.789846
        },
        "data_received": {
            "count": 1239750003,
            "rate": 7957852.141424172
        },
        "transaction_time": {
            "avg": 6352.640159981179,
            "min": 6014,
            "med": 6308,
            "max": 7948,
            "p(90)": 6766,
            "p(95)": 6903,
            "thresholds": {
                "p(95)<30000": false
            }
        },
        "http_req_sending": {
            "med": 0.022001,
            "max": 413.588524,
            "p(90)": 0.05700000000000003,
            "p(95)": 0.18376899999999988,
            "avg": 0.3969654859722404,
            "min": 0.010309
        },
        "active_clients": {
            "count": 8501,
            "rate": 54.56721184960294
        },
        "iterations": {
            "count": 8501,
            "rate": 54.56721184960294
        },
        "attach_documents_success_rate": {
            "passes": 8501,
            "fails": 0,
            "value": 1
        }
    },
    "root_group": {
        "name": "",
        "path": "",
        "id": "d41d8cd98f00b204e9800998ecf8427e",
        "groups": {
            "Presence": {
                "id": "63ab1748852475484c3afb7dae46dbde",
                "groups": {},
                "checks": {
                        "status is 200": {
                            "passes": 68008,
                            "fails": 0,
                            "name": "status is 200",
                            "path": "::Presence::status is 200",
                            "id": "2bdfe827d978801584a6dde561f63b7d"
                        },
                        "response has valid body": {
                            "path": "::Presence::response has valid body",
                            "id": "2cb1a85a5851b9e28736f532526a5909",
                            "passes": 68008,
                            "fails": 0,
                            "name": "response has valid body"
                        }
                    },
                "name": "Presence",
                "path": "::Presence"
            }
        },
        "checks": {}
    }
}