{
    "root_group": {
        "name": "",
        "path": "",
        "id": "d41d8cd98f00b204e9800998ecf8427e",
        "groups": {
            "Presence": {
                "checks": {
                    "status is 200": {
                        "path": "::Presence::status is 200",
                        "id": "2bdfe827d978801584a6dde561f63b7d",
                        "passes": 69728,
                        "fails": 0,
                        "name": "status is 200"
                    },
                    "response has valid body": {
                        "name": "response has valid body",
                        "path": "::Presence::response has valid body",
                        "id": "2cb1a85a5851b9e28736f532526a5909",
                        "passes": 69728,
                        "fails": 0
                    }
                },
                "name": "Presence",
                "path": "::Presence",
                "id": "63ab1748852475484c3afb7dae46dbde",
                "groups": {}
            }
        },
        "checks": {}
    },
    "metrics": {
        "deactivate_clients_success_rate": {
            "passes": 8716,
            "fails": 0,
            "value": 1
        },
        "http_req_tls_handshaking": {
            "min": 0,
            "med": 0,
            "max": 0,
            "p(90)": 0,
            "p(95)": 0,
            "avg": 0
        },
        "http_req_sending": {
            "med": 0.021242,
            "max": 205.109086,
            "p(90)": 0.0487733,
            "p(95)": 0.14107399999999953,
            "avg": 0.15150511474586892,
            "min": 0.008412
        },
        "attach_documents_success_rate": {
            "passes": 8716,
            "fails": 0,
            "value": 1
        },
        "http_reqs": {
            "rate": 449.58298420579615,
            "count": 69728
        },
        "checks": {
            "passes": 139456,
            "fails": 0,
            "value": 1
        },
        "group_duration": {
            "avg": 6195.505255850607,
            "min": 6015.703147,
            "med": 6158.562389000001,
            "max": 7188.68886,
            "p(90)": 6429.032783000001,
            "p(95)": 6528.2976447500005
        },
        "iterations": {
            "count": 8716,
            "rate": 56.19787302572452
        },
        "pushpulls": {
            "count": 43580,
            "rate": 280.9893651286226
        },
        "attach_documents_time": {
            "avg": 43.876663607159244,
            "min": 3,
            "med": 14,
            "max": 520,
            "p(90)": 134,
            "p(95)": 193.25,
            "thresholds": {
                "p(95)<10000": false
            }
        },
        "deactivate_clients": {
            "count": 8716,
            "rate": 56.19787302572452
        },
        "active_clients": {
            "count": 8716,
            "rate": 56.19787302572452
        },
        "http_req_receiving": {
            "max": 243.038103,
            "p(90)": 0.19774600000000017,
            "p(95)": 0.5073964999999997,
            "avg": 0.4176282496414638,
            "min": 0.013681,
            "med": 0.0555785
        },
        "http_req_duration{expected_response:true}": {
            "avg": 17.768068374225376,
            "min": 0.173391,
            "med": 5.095502,
            "max": 490.031056,
            "p(90)": 47.1506203,
            "p(95)": 79.10134629999997
        },
        "http_req_waiting": {
            "med": 4.850713,
            "max": 489.963724,
            "p(90)": 45.94341350000002,
            "p(95)": 76.74331769999974,
            "avg": 17.198935009838262,
            "min": 0.136776
        },
        "transaction_success_rate": {
            "passes": 8716,
            "fails": 0,
            "thresholds": {
                "rate>0.99": false
            },
            "value": 1
        },
        "pushpulls_success_rate": {
            "fails": 0,
            "passes": 43580,
            "value": 1
        },
        "data_received": {
            "count": 1250783071,
            "rate": 8064633.800686527
        },
        "deactivate_clients_time": {
            "med": 2,
            "max": 224,
            "p(90)": 23,
            "p(95)": 41,
            "avg": 8.45330426801285,
            "min": 0,
            "thresholds": {
                "p(95)<10000": false
            }
        },
        "active_clients_success_rate": {
            "passes": 8716,
            "fails": 0,
            "value": 1
        },
        "attach_documents": {
            "count": 8716,
            "rate": 56.19787302572452
        },
        "http_req_duration": {
            "avg": 17.768068374225376,
            "min": 0.173391,
            "med": 5.095502,
            "max": 490.031056,
            "p(90)": 47.1506203,
            "p(95)": 79.10134629999997,
            "thresholds": {
                "p(95)<10000": false
            }
        },
        "transaction_time": {
            "avg": 6195.522143184947,
            "min": 6016,
            "med": 6159,
            "max": 7189,
            "p(90)": 6429,
            "p(95)": 6528,
            "thresholds": {
                "p(95)<30000": false
            }
        },
        "vus_max": {
            "value": 500,
            "min": 500,
            "max": 500
        },
        "http_req_connecting": {
            "max": 53.901918,
            "p(90)": 0,
            "p(95)": 0,
            "avg": 0.0038003764771684253,
            "min": 0,
            "med": 0
        },
        "active_clients_time": {
            "p(90)": 29,
            "p(95)": 45,
            "avg": 10.454681046351537,
            "min": 0,
            "med": 3,
            "max": 208,
            "thresholds": {
                "p(95)<500": false
            }
        },
        "http_req_blocked": {
            "max": 65.785791,
            "p(90)": 0.00627,
            "p(95)": 0.008293,
            "avg": 0.014529624813562372,
            "min": 0.001222,
            "med": 0.004187
        },
        "http_req_failed": {
            "fails": 69728,
            "passes": 0,
            "value": 0
        },
        "vus": {
            "value": 1,
            "min": 1,
            "max": 500
        },
        "data_sent": {
            "count": 65605041,
            "rate": 422999.51399328257
        },
        "iteration_duration": {
            "avg": 6195.562322703658,
            "min": 6015.719321,
            "med": 6158.582554,
            "max": 7188.716041,
            "p(90)": 6429.216651,
            "p(95)": 6528.326836
        },
        "pushpulls_time": {
            "p(90)": 53,
            "p(95)": 80,
            "avg": 20.850229463056447,
            "min": 1,
            "med": 9,
            "max": 522,
            "thresholds": {
                "p(95)<1000": false
            }
        }
    }
}