{
    "root_group": {
        "name": "",
        "path": "",
        "id": "d41d8cd98f00b204e9800998ecf8427e",
        "groups": {
            "Presence": {
                "name": "Presence",
                "path": "::Presence",
                "id": "63ab1748852475484c3afb7dae46dbde",
                "groups": {},
                "checks": {
                        "status is 200": {
                            "name": "status is 200",
                            "path": "::Presence::status is 200",
                            "id": "2bdfe827d978801584a6dde561f63b7d",
                            "passes": 65864,
                            "fails": 0
                        },
                        "response has valid body": {
                            "fails": 0,
                            "name": "response has valid body",
                            "path": "::Presence::response has valid body",
                            "id": "2cb1a85a5851b9e28736f532526a5909",
                            "passes": 65864
                        }
                    }
            }
        },
        "checks": {}
    },
    "metrics": {
        "transaction_success_rate": {
            "passes": 8233,
            "fails": 0,
            "thresholds": {
                "rate>0.99": false
            },
            "value": 1
        },
        "vus": {
            "value": 1,
            "min": 1,
            "max": 500
        },
        "attach_documents_time": {
            "min": 3,
            "med": 28,
            "max": 878,
            "p(90)": 388,
            "p(95)": 476.39999999999964,
            "avg": 119.56880845378356,
            "thresholds": {
                "p(95)<10000": false
            }
        },
        "deactivate_clients_time": {
            "min": 0,
            "med": 5,
            "max": 645,
            "p(90)": 80.80000000000018,
            "p(95)": 121,
            "avg": 26.80893963318353,
            "thresholds": {
                "p(95)<10000": false
            }
        },
        "http_reqs": {
            "count": 65864,
            "rate": 424.5500636887578
        },
        "deactivate_clients": {
            "count": 8233,
            "rate": 53.068757961094725
        },
        "http_req_sending": {
            "avg": 0.45761006549859873,
            "min": 0.01065,
            "med": 0.021891,
            "max": 423.262162,
            "p(90)": 0.066424,
            "p(95)": 0.19340434999999992
        },
        "active_clients_success_rate": {
            "passes": 8233,
            "fails": 0,
            "value": 1
        },
        "transaction_time": {
            "avg": 6567.014211101664,
            "min": 6014,
            "med": 6547,
            "max": 8500,
            "p(90)": 7189,
            "p(95)": 7361,
            "thresholds": {
                "p(95)<30000": false
            }
        },
        "pushpulls": {
            "count": 41165,
            "rate": 265.34378980547365
        },
        "attach_documents": {
            "count": 8233,
            "rate": 53.068757961094725
        },
        "pushpulls_success_rate": {
            "passes": 41165,
            "fails": 0,
            "value": 1
        },
        "http_req_waiting": {
            "avg": 51.418523365694085,
            "min": 0.450113,
            "med": 12.6973945,
            "max": 801.608895,
            "p(90)": 151.1996176,
            "p(95)": 222.69151149999993
        },
        "data_received": {
            "count": 1188558357,
            "rate": 7661279.700020578
        },
        "http_req_connecting": {
            "p(90)": 0,
            "p(95)": 0,
            "avg": 0.019722249984817197,
            "min": 0,
            "med": 0,
            "max": 162.469198
        },
        "http_req_duration{expected_response:true}": {
            "p(90)": 163.84413510000002,
            "p(95)": 245.46827739999995,
            "avg": 55.24992132718967,
            "min": 0.505106,
            "med": 13.12195,
            "max": 876.156851
        },
        "checks": {
            "passes": 131728,
            "fails": 0,
            "value": 1
        },
        "pushpulls_time": {
            "avg": 63.991351876594194,
            "min": 1,
            "med": 23,
            "max": 836,
            "p(90)": 183,
            "p(95)": 257,
            "thresholds": {
                "p(95)<1000": false
            }
        },
        "active_clients": {
            "count": 8233,
            "rate": 53.068757961094725
        },
        "iteration_duration": {
            "med": 6547.291591,
            "max": 8499.829441,
            "p(90)": 7188.7174700000005,
            "p(95)": 7361.09816,
            "avg": 6567.060353250703,
            "min": 6014.176845
        },
        "http_req_receiving": {
            "p(95)": 1.3804486999999985,
            "avg": 3.373787895997766,
            "min": 0.016792,
            "med": 0.054622,
            "max": 486.13809,
            "p(90)": 0.291585
        },
        "group_duration": {
            "p(90)": 7188.4739776,
            "p(95)": 7361.0691772,
            "avg": 6566.929178478899,
            "min": 6014.140027,
            "med": 6547.24825,
            "max": 8499.806107
        },
        "vus_max": {
            "max": 500,
            "value": 500,
            "min": 500
        },
        "http_req_tls_handshaking": {
            "avg": 0,
            "min": 0,
            "med": 0,
            "max": 0,
            "p(90)": 0,
            "p(95)": 0
        },
        "data_sent": {
            "count": 61967971,
            "rate": 399436.80970960006
        },
        "http_req_failed": {
            "passes": 0,
            "fails": 65864,
            "value": 0
        },
        "deactivate_clients_success_rate": {
            "passes": 8233,
            "fails": 0,
            "value": 1
        },
        "attach_documents_success_rate": {
            "passes": 8233,
            "fails": 0,
            "value": 1
        },
        "http_req_blocked": {
            "p(95)": 0.007652499999999986,
            "avg": 0.0352837755678379,
            "min": 0.001483,
            "med": 0.004138,
            "max": 162.677376,
            "p(90)": 0.00565
        },
        "active_clients_time": {
            "min": 1,
            "med": 7,
            "max": 479,
            "p(90)": 92,
            "p(95)": 130,
            "avg": 29.21474553625653,
            "thresholds": {
                "p(95)<500": false
            }
        },
        "http_req_duration": {
            "min": 0.505106,
            "med": 13.12195,
            "max": 876.156851,
            "p(90)": 163.84413510000002,
            "p(95)": 245.46827739999995,
            "avg": 55.24992132718967,
            "thresholds": {
                "p(95)<10000": false
            }
        },
        "iterations": {
            "count": 8233,
            "rate": 53.068757961094725
        }
    }
}