{
    "metrics": {
        "vus_max": {
            "value": 500,
            "min": 500,
            "max": 500
        },
        "http_req_blocked": {
            "avg": 0.04329647047133274,
            "min": 0.001583,
            "med": 0.004098,
            "max": 169.149045,
            "p(90)": 0.005531,
            "p(95)": 0.007324
        },
        "http_req_sending": {
            "p(90)": 0.08321370000000017,
            "p(95)": 0.2092813499999998,
            "avg": 0.5099552990423107,
            "min": 0.010249,
            "med": 0.0215,
            "max": 549.668202
        },
        "checks": {
            "passes": 127808,
            "fails": 0,
            "value": 1
        },
        "data_received": {
            "rate": 7316512.485439974,
            "count": 1136454533
        },
        "http_req_waiting": {
            "min": 0.914154,
            "med": 23.2161085,
            "max": 846.100336,
            "p(90)": 208.65875240000003,
            "p(95)": 283.87221784999997,
            "avg": 73.35875722310074
        },
        "active_clients_time": {
            "avg": 20.529794692038056,
            "min": 1,
            "med": 5,
            "max": 572,
            "p(90)": 63,
            "p(95)": 96,
            "thresholds": {
                "p(95)<500": false
            }
        },
        "deactivate_clients_success_rate": {
            "passes": 7988,
            "fails": 0,
            "value": 1
        },
        "attach_documents_time": {
            "p(90)": 317.3000000000002,
            "p(95)": 463,
            "avg": 122.77979469203805,
            "min": 3,
            "med": 69,
            "max": 1053,
            "thresholds": {
                "p(95)<10000": false
            }
        },
        "iteration_duration": {
            "min": 6022.723046,
            "med": 6813.1694370000005,
            "max": 8778.562503,
            "p(90)": 7504.4635579000005,
            "p(95)": 7706.562220549999,
            "avg": 6765.006462161233
        },
        "attach_documents": {
            "count": 7988,
            "rate": 51.42687193953452
        },
        "http_req_tls_handshaking": {
            "p(95)": 0,
            "avg": 0,
            "min": 0,
            "med": 0,
            "max": 0,
            "p(90)": 0
        },
        "active_clients_success_rate": {
            "passes": 7988,
            "fails": 0,
            "value": 1
        },
        "active_clients": {
            "count": 7988,
            "rate": 51.42687193953452
        },
        "pushpulls_success_rate": {
            "passes": 39940,
            "fails": 0,
            "value": 1
        },
        "pushpulls": {
            "count": 39940,
            "rate": 257.1343596976726
        },
        "http_req_connecting": {
            "min": 0,
            "med": 0,
            "max": 168.993835,
            "p(90)": 0,
            "p(95)": 0,
            "avg": 0.02779097255257886
        },
        "transaction_time": {
            "max": 8779,
            "p(90)": 7504,
            "p(95)": 7706.65,
            "avg": 6764.942413620431,
            "min": 6023,
            "med": 6813,
            "thresholds": {
                "p(95)<30000": false
            }
        },
        "http_req_duration": {
            "avg": 77.33258122546302,
            "min": 0.968095,
            "med": 23.811379,
            "max": 1065.210639,
            "p(90)": 220.10265260000006,
            "p(95)": 302.06369384999994,
            "thresholds": {
                "p(95)<10000": false
            }
        },
        "transaction_success_rate": {
            "passes": 7988,
            "fails": 0,
            "thresholds": {
                "rate>0.99": false
            },
            "value": 1
        },
        "vus": {
            "value": 1,
            "min": 1,
            "max": 500
        },
        "data_sent": {
            "count": 60123272,
            "rate": 387074.58809837274
        },
        "deactivate_clients_time": {
            "max": 1136,
            "p(90)": 418,
            "p(95)": 536.6499999999996,
            "avg": 149.37531296945417,
            "min": 4,
            "med": 79,
            "thresholds": {
                "p(95)<10000": false
            }
        },
        "http_reqs": {
            "rate": 411.4149755162762,
            "count": 63904
        },
        "http_req_failed": {
            "fails": 63904,
            "passes": 0,
            "value": 0
        },
        "http_req_duration{expected_response:true}": {
            "p(90)": 220.10265260000006,
            "p(95)": 302.06369384999994,
            "avg": 77.33258122546302,
            "min": 0.968095,
            "med": 23.811379,
            "max": 1065.210639
        },
        "group_duration": {
            "avg": 6764.869372028424,
            "min": 6022.70961,
            "med": 6813.142847,
            "max": 8778.529622,
            "p(90)": 7504.4382912,
            "p(95)": 7706.540060249999
        },
        "iterations": {
            "count": 7988,
            "rate": 51.42687193953452
        },
        "deactivate_clients": {
            "rate": 51.42687193953452,
            "count": 7988
        },
        "http_req_receiving": {
            "p(95)": 1.4621909499999988,
            "avg": 3.463868703320596,
            "min": 0.015529,
            "med": 0.053179,
            "max": 585.342244,
            "p(90)": 0.32311700000000054
        },
        "pushpulls_time": {
            "p(90)": 224,
            "p(95)": 293,
            "avg": 78.83695543314973,
            "min": 1,
            "med": 32,
            "max": 943,
            "thresholds": {
                "p(95)<1000": false
            }
        },
        "attach_documents_success_rate": {
            "passes": 7988,
            "fails": 0,
            "value": 1
        }
    },
    "root_group": {
        "checks": {},
        "name": "",
        "path": "",
        "id": "d41d8cd98f00b204e9800998ecf8427e",
        "groups": {
                "Presence": {
                    "path": "::Presence",
                    "id": "63ab1748852475484c3afb7dae46dbde",
                    "groups": {},
                    "checks": {
                            "status is 200": {
                                "name": "status is 200",
                                "path": "::Presence::status is 200",
                                "id": "2bdfe827d978801584a6dde561f63b7d",
                                "passes": 63904,
                                "fails": 0
                            },
                            "response has valid body": {
                                "name": "response has valid body",
                                "path": "::Presence::response has valid body",
                                "id": "2cb1a85a5851b9e28736f532526a5909",
                                "passes": 63904,
                                "fails": 0
                            }
                        },
                    "name": "Presence"
                }
            }
    }
}