{
    "metrics": {
        "data_received": {
            "count": 1192002644,
            "rate": 7697726.910731871
        },
        "deactivate_clients": {
            "count": 8270,
            "rate": 53.406090894335776
        },
        "pushpulls_success_rate": {
            "passes": 41350,
            "fails": 0,
            "value": 1
        },
        "http_req_tls_handshaking": {
            "p(90)": 0,
            "p(95)": 0,
            "avg": 0,
            "min": 0,
            "med": 0,
            "max": 0
        },
        "transaction_success_rate": {
            "passes": 8270,
            "fails": 0,
            "thresholds": {
                "rate>0.99": false
            },
            "value": 1
        },
        "active_clients_success_rate": {
            "passes": 8270,
            "fails": 0,
            "value": 1
        },
        "pushpulls": {
            "count": 41350,
            "rate": 267.03045447167887
        },
        "http_req_blocked": {
            "p(95)": 0.006853,
            "avg": 0.04419709771765619,
            "min": 0.001663,
            "med": 0.004008,
            "max": 354.558728,
            "p(90)": 0.00537
        },
        "attach_documents_success_rate": {
            "passes": 8270,
            "fails": 0,
            "value": 1
        },
        "http_req_connecting": {
            "min": 0,
            "med": 0,
            "max": 144.09798,
            "p(90)": 0,
            "p(95)": 0,
            "avg": 0.021499592019347036
        },
        "http_reqs": {
            "count": 66160,
            "rate": 427.2487271546862
        },
        "data_sent": {
            "count": 62246904,
            "rate": 401978.6956366376
        },
        "http_req_duration{expected_response:true}": {
            "avg": 51.19402071834975,
            "min": 0.497901,
            "med": 11.042356999999999,
            "max": 1036.815268,
            "p(90)": 148.05975599999996,
            "p(95)": 223.93776244999992
        },
        "iteration_duration": {
            "p(90)": 7115.9712162000005,
            "p(95)": 7297.67271755,
            "avg": 6542.268173292251,
            "min": 6014.823959,
            "med": 6521.7489695,
            "max": 8432.783356
        },
        "deactivate_clients_success_rate": {
            "passes": 8270,
            "fails": 0,
            "value": 1
        },
        "http_req_failed": {
            "passes": 0,
            "fails": 66160,
            "value": 0
        },
        "vus_max": {
            "value": 500,
            "min": 500,
            "max": 500
        },
        "transaction_time": {
            "avg": 6542.2391777509065,
            "min": 6015,
            "med": 6522,
            "max": 8433,
            "p(90)": 7116,
            "p(95)": 7298,
            "thresholds": {
                "p(95)<30000": false
            }
        },
        "attach_documents_time": {
            "avg": 113.95272067714632,
            "min": 3,
            "med": 25,
            "max": 1038,
            "p(90)": 365,
            "p(95)": 476,
            "thresholds": {
                "p(95)<10000": false
            }
        },
        "group_duration": {
            "avg": 6542.215547847285,
            "min": 6014.799713,
            "med": 6521.6218515,
            "max": 8432.760774,
            "p(90)": 7115.9527204000005,
            "p(95)": 7297.6528404499995
        },
        "vus": {
            "value": 4,
            "min": 4,
            "max": 500
        },
        "deactivate_clients_time": {
            "max": 727,
            "p(90)": 83,
            "p(95)": 124.54999999999927,
            "avg": 28.76360338573156,
            "min": 0,
            "med": 5,
            "thresholds": {
                "p(95)<10000": false
            }
        },
        "http_req_sending": {
            "avg": 0.5495941400997559,
            "min": 0.010901,
            "med": 0.02133,
            "max": 447.33696,
            "p(90)": 0.06232349999999998,
            "p(95)": 0.18271454999999995
        },
        "active_clients": {
            "count": 8270,
            "rate": 53.406090894335776
        },
        "pushpulls_time": {
            "avg": 59.011076178960096,
            "min": 1,
            "med": 19,
            "max": 1175,
            "p(90)": 168,
            "p(95)": 236,
            "thresholds": {
                "p(95)<1000": false
            }
        },
        "http_req_receiving": {
            "avg": 3.1570104654776108,
            "min": 0.013756,
            "med": 0.0533705,
            "max": 501.46311,
            "p(90)": 0.2784211999999999,
            "p(95)": 1.1891840999999963
        },
        "active_clients_time": {
            "p(90)": 90.10000000000036,
            "p(95)": 124,
            "avg": 29.60858524788392,
            "min": 1,
            "med": 7,
            "max": 594,
            "thresholds": {
                "p(95)<500": false
            }
        },
        "attach_documents": {
            "rate": 53.406090894335776,
            "count": 8270
        },
        "checks": {
            "passes": 132320,
            "fails": 0,
            "value": 1
        },
        "iterations": {
            "count": 8270,
            "rate": 53.406090894335776
        },
        "http_req_duration": {
            "min": 0.497901,
            "med": 11.042356999999999,
            "max": 1036.815268,
            "p(90)": 148.05975599999996,
            "p(95)": 223.93776244999992,
            "avg": 51.19402071834975,
            "thresholds": {
                "p(95)<10000": false
            }
        },
        "http_req_waiting": {
            "min": 0.446595,
            "med": 10.634466,
            "max": 752.403375,
            "p(90)": 135.38743619999997,
            "p(95)": 203.9609159499999,
            "avg": 47.48741611277228
        }
    },
    "root_group": {
        "id": "d41d8cd98f00b204e9800998ecf8427e",
        "groups": {
            "Presence": {
                "path": "::Presence",
                "id": "63ab1748852475484c3afb7dae46dbde",
                "groups": {},
                "checks": {
                        "status is 200": {
                            "path": "::Presence::status is 200",
                            "id": "2bdfe827d978801584a6dde561f63b7d",
                            "passes": 66160,
                            "fails": 0,
                            "name": "status is 200"
                        },
                        "response has valid body": {
                            "id": "2cb1a85a5851b9e28736f532526a5909",
                            "passes": 66160,
                            "fails": 0,
                            "name": "response has valid body",
                            "path": "::Presence::response has valid body"
                        }
                    },
                "name": "Presence"
            }
        },
        "checks": {},
        "name": "",
        "path": ""
    }
}