{
    "metrics": {
        "pushpulls": {
            "count": 41205,
            "rate": 265.31794075786604
        },
        "checks": {
            "passes": 131856,
            "fails": 0,
            "value": 1
        },
        "iteration_duration": {
            "min": 6016.676857,
            "med": 6547.086925,
            "max": 8859.045794,
            "p(90)": 7183.959452,
            "p(95)": 7375.99785,
            "avg": 6563.498793563915
        },
        "active_clients_success_rate": {
            "passes": 8241,
            "fails": 0,
            "value": 1
        },
        "vus": {
            "value": 6,
            "min": 6,
            "max": 500
        },
        "http_req_duration": {
            "max": 999.274086,
            "p(90)": 158.310188,
            "p(95)": 242.06231644999988,
            "avg": 53.872435261831086,
            "min": 0.511141,
            "med": 11.752991,
            "thresholds": {
                "p(95)<10000": false
            }
        },
        "http_req_failed": {
            "passes": 0,
            "fails": 65928,
            "value": 0
        },
        "transaction_success_rate": {
            "passes": 8241,
            "fails": 0,
            "thresholds": {
                "rate>0.99": false
            },
            "value": 1
        },
        "deactivate_clients_time": {
            "p(90)": 82,
            "p(95)": 128,
            "avg": 28.195000606722484,
            "min": 0,
            "med": 5,
            "max": 664,
            "thresholds": {
                "p(95)<10000": false
            }
        },
        "attach_documents_success_rate": {
            "passes": 8241,
            "fails": 0,
            "value": 1
        },
        "http_req_duration{expected_response:true}": {
            "avg": 53.872435261831086,
            "min": 0.511141,
            "med": 11.752991,
            "max": 999.274086,
            "p(90)": 158.310188,
            "p(95)": 242.06231644999988
        },
        "http_req_connecting": {
            "med": 0,
            "max": 134.83215,
            "p(90)": 0,
            "p(95)": 0,
            "avg": 0.02202688353961898,
            "min": 0
        },
        "http_req_receiving": {
            "p(90)": 0.30783970000000016,
            "p(95)": 1.353876599999987,
            "avg": 3.71384662842798,
            "min": 0.014136,
            "med": 0.055744,
            "max": 591.11764
        },
        "http_req_blocked": {
            "p(95)": 0.007650849999999948,
            "avg": 0.04096069891396861,
            "min": 0.001523,
            "med": 0.004168,
            "max": 365.138739,
            "p(90)": 0.005820300000000002
        },
        "iterations": {
            "count": 8241,
            "rate": 53.06358815157321
        },
        "data_sent": {
            "count": 62028591,
            "rate": 399400.51042912033
        },
        "attach_documents": {
            "count": 8241,
            "rate": 53.06358815157321
        },
        "data_received": {
            "count": 1158593316,
            "rate": 7460152.718770721
        },
        "group_duration": {
            "avg": 6563.3906177746685,
            "min": 6016.648565,
            "med": 6547.066687,
            "max": 8859.023763,
            "p(90)": 7183.77764,
            "p(95)": 7375.970309
        },
        "transaction_time": {
            "avg": 6563.432593131902,
            "min": 6017,
            "med": 6547,
            "max": 8859,
            "p(90)": 7184,
            "p(95)": 7376,
            "thresholds": {
                "p(95)<30000": false
            }
        },
        "http_req_waiting": {
            "min": 0.445552,
            "med": 11.3620165,
            "max": 823.467482,
            "p(90)": 147.68258360000002,
            "p(95)": 216.16955124999998,
            "avg": 49.67247585813247
        },
        "attach_documents_time": {
            "avg": 115.89309549811917,
            "min": 3,
            "med": 27,
            "max": 1000,
            "p(90)": 371,
            "p(95)": 478,
            "thresholds": {
                "p(95)<10000": false
            }
        },
        "pushpulls_time": {
            "p(95)": 264,
            "avg": 64.17840067952919,
            "min": 1,
            "med": 21,
            "max": 904,
            "p(90)": 181,
            "thresholds": {
                "p(95)<1000": false
            }
        },
        "pushpulls_success_rate": {
            "passes": 41205,
            "fails": 0,
            "value": 1
        },
        "http_req_tls_handshaking": {
            "min": 0,
            "med": 0,
            "max": 0,
            "p(90)": 0,
            "p(95)": 0,
            "avg": 0
        },
        "deactivate_clients": {
            "count": 8241,
            "rate": 53.06358815157321
        },
        "deactivate_clients_success_rate": {
            "fails": 0,
            "passes": 8241,
            "value": 1
        },
        "active_clients_time": {
            "max": 688,
            "p(90)": 85,
            "p(95)": 124,
            "avg": 28.251547142337095,
            "min": 1,
            "med": 6,
            "thresholds": {
                "p(95)<500": false
            }
        },
        "http_req_sending": {
            "min": 0.01091,
            "med": 0.022061,
            "max": 563.545704,
            "p(90)": 0.07221430000000001,
            "p(95)": 0.19688914999999935,
            "avg": 0.4861127752699946
        },
        "http_reqs": {
            "count": 65928,
            "rate": 424.50870521258565
        },
        "active_clients": {
            "count": 8241,
            "rate": 53.06358815157321
        },
        "vus_max": {
            "value": 500,
            "min": 500,
            "max": 500
        }
    },
    "root_group": {
        "name": "",
        "path": "",
        "id": "d41d8cd98f00b204e9800998ecf8427e",
        "groups": {
            "Presence": {
                "name": "Presence",
                "path": "::Presence",
                "id": "63ab1748852475484c3afb7dae46dbde",
                "groups": {},
                "checks": {
                        "status is 200": {
                            "id": "2bdfe827d978801584a6dde561f63b7d",
                            "passes": 65928,
                            "fails": 0,
                            "name": "status is 200",
                            "path": "::Presence::status is 200"
                        },
                        "response has valid body": {
                            "passes": 65928,
                            "fails": 0,
                            "name": "response has valid body",
                            "path": "::Presence::response has valid body",
                            "id": "2cb1a85a5851b9e28736f532526a5909"
                        }
                    }
            }
        },
        "checks": {}
    }
}