{
    "root_group": {
        "name": "",
        "path": "",
        "id": "d41d8cd98f00b204e9800998ecf8427e",
        "groups": {
            "Presence": {
                "id": "63ab1748852475484c3afb7dae46dbde",
                "groups": {},
                "checks": {
                        "status is 200": {
                            "fails": 0,
                            "name": "status is 200",
                            "path": "::Presence::status is 200",
                            "id": "2bdfe827d978801584a6dde561f63b7d",
                            "passes": 69632
                        },
                        "response has valid body": {
                            "name": "response has valid body",
                            "path": "::Presence::response has valid body",
                            "id": "2cb1a85a5851b9e28736f532526a5909",
                            "passes": 69632,
                            "fails": 0
                        }
                    },
                "name": "Presence",
                "path": "::Presence"
            }
        },
        "checks": {}
    },
    "metrics": {
        "iteration_duration": {
            "avg": 6205.053387969785,
            "min": 6014.726988,
            "med": 6169.8887485,
            "max": 7140.963455,
            "p(90)": 6450.4504113,
            "p(95)": 6539.39696375
        },
        "data_sent": {
            "count": 65514688,
            "rate": 422259.6323703183
        },
        "transaction_time": {
            "med": 6170,
            "max": 7141,
            "p(90)": 6450,
            "p(95)": 6539,
            "avg": 6205.025735294118,
            "min": 6015,
            "thresholds": {
                "p(95)<30000": false
            }
        },
        "active_clients": {
            "count": 8704,
            "rate": 56.099600751380365
        },
        "http_reqs": {
            "count": 69632,
            "rate": 448.7968060110429
        },
        "pushpulls": {
            "count": 43520,
            "rate": 280.4980037569018
        },
        "deactivate_clients_time": {
            "p(95)": 42.850000000000364,
            "avg": 9.136603860294118,
            "min": 0,
            "med": 2,
            "max": 265,
            "p(90)": 27,
            "thresholds": {
                "p(95)<10000": false
            }
        },
        "http_req_tls_handshaking": {
            "avg": 0,
            "min": 0,
            "med": 0,
            "max": 0,
            "p(90)": 0,
            "p(95)": 0
        },
        "http_req_waiting": {
            "avg": 17.733726312772742,
            "min": 0.138183,
            "med": 4.586436,
            "max": 444.900366,
            "p(90)": 48.365714200000006,
            "p(95)": 80.90227619999999
        },
        "http_req_connecting": {
            "max": 20.478403,
            "p(90)": 0,
            "p(95)": 0,
            "avg": 0.0023471456227022046,
            "min": 0,
            "med": 0
        },
        "active_clients_time": {
            "p(90)": 32,
            "p(95)": 48,
            "avg": 11.139361213235293,
            "min": 0,
            "med": 3,
            "max": 276,
            "thresholds": {
                "p(95)<500": false
            }
        },
        "pushpulls_success_rate": {
            "passes": 43520,
            "fails": 0,
            "value": 1
        },
        "iterations": {
            "count": 8704,
            "rate": 56.099600751380365
        },
        "active_clients_success_rate": {
            "passes": 8704,
            "fails": 0,
            "value": 1
        },
        "group_duration": {
            "p(90)": 6450.4322738,
            "p(95)": 6539.2013384,
            "avg": 6205.003549020338,
            "min": 6014.704435,
            "med": 6169.863779,
            "max": 7140.944767
        },
        "pushpulls_time": {
            "p(95)": 87,
            "avg": 21.62107077205882,
            "min": 1,
            "med": 9,
            "max": 574,
            "p(90)": 57,
            "thresholds": {
                "p(95)<1000": false
            }
        },
        "http_req_duration{expected_response:true}": {
            "med": 4.7967125,
            "max": 444.952734,
            "p(90)": 50.3808516,
            "p(95)": 85.23472269999996,
            "avg": 18.49482003950765,
            "min": 0.1833
        },
        "deactivate_clients_success_rate": {
            "passes": 8704,
            "fails": 0,
            "value": 1
        },
        "http_req_receiving": {
            "med": 0.053579,
            "max": 192.587873,
            "p(90)": 0.181447,
            "p(95)": 0.4790284999999988,
            "avg": 0.5972839112046228,
            "min": 0.012678
        },
        "attach_documents": {
            "count": 8704,
            "rate": 56.099600751380365
        },
        "vus_max": {
            "value": 500,
            "min": 500,
            "max": 500
        },
        "http_req_failed": {
            "passes": 0,
            "fails": 69632,
            "value": 0
        },
        "vus": {
            "value": 4,
            "min": 4,
            "max": 500
        },
        "deactivate_clients": {
            "rate": 56.099600751380365,
            "count": 8704
        },
        "http_req_sending": {
            "med": 0.02035,
            "max": 175.842176,
            "p(90)": 0.04545600000000001,
            "p(95)": 0.1312709999999999,
            "avg": 0.16380981553021845,
            "min": 0.008412
        },
        "attach_documents_time": {
            "p(95)": 196,
            "avg": 44.657054227941174,
            "min": 3,
            "med": 13,
            "max": 498,
            "p(90)": 142,
            "thresholds": {
                "p(95)<10000": false
            }
        },
        "data_received": {
            "count": 1282456932,
            "rate": 8265776.868800569
        },
        "transaction_success_rate": {
            "passes": 8704,
            "fails": 0,
            "thresholds": {
                "rate>0.99": false
            },
            "value": 1
        },
        "attach_documents_success_rate": {
            "passes": 8704,
            "fails": 0,
            "value": 1
        },
        "http_req_duration": {
            "min": 0.1833,
            "med": 4.7967125,
            "max": 444.952734,
            "p(90)": 50.3808516,
            "p(95)": 85.23472269999996,
            "avg": 18.49482003950765,
            "thresholds": {
                "p(95)<10000": false
            }
        },
        "http_req_blocked": {
            "med": 0.003916,
            "max": 32.133352,
            "p(90)": 0.005628,
            "p(95)": 0.007265499999999971,
            "avg": 0.010677703340418962,
            "min": 0.001111
        },
        "checks": {
            "passes": 139264,
            "fails": 0,
            "value": 1
        }
    }
}