{
    "root_group": {
        "name": "",
        "path": "",
        "id": "d41d8cd98f00b204e9800998ecf8427e",
        "groups": {
            "Presence": {
                "checks": {
                    "status is 200": {
                        "name": "status is 200",
                        "path": "::Presence::status is 200",
                        "id": "2bdfe827d978801584a6dde561f63b7d",
                        "passes": 66936,
                        "fails": 0
                    },
                    "response has valid body": {
                        "name": "response has valid body",
                        "path": "::Presence::response has valid body",
                        "id": "2cb1a85a5851b9e28736f532526a5909",
                        "passes": 66936,
                        "fails": 0
                    }
                },
                "name": "Presence",
                "path": "::Presence",
                "id": "63ab1748852475484c3afb7dae46dbde",
                "groups": {}
            }
        },
        "checks": {}
    },
    "metrics": {
        "group_duration": {
            "avg": 6463.243532149993,
            "min": 6015.675742,
            "med": 6412.61616,
            "max": 8608.179105,
            "p(90)": 7017.8265276,
            "p(95)": 7210.731
        },
        "data_sent": {
            "count": 62976811,
            "rate": 408270.04504722
        },
        "transaction_time": {
            "p(95)": 7211,
            "avg": 6463.2695111748535,
            "min": 6016,
            "med": 6412,
            "max": 8609,
            "p(90)": 7018,
            "thresholds": {
                "p(95)<30000": false
            }
        },
        "attach_documents_time": {
            "med": 21,
            "max": 810,
            "p(90)": 350.40000000000055,
            "p(95)": 427.6999999999998,
            "avg": 102.94681486793355,
            "min": 2,
            "thresholds": {
                "p(95)<10000": false
            }
        },
        "iterations": {
            "rate": 54.24211567191121,
            "count": 8367
        },
        "http_req_duration": {
            "max": 803.077926,
            "p(90)": 125.3606455,
            "p(95)": 196.54397125,
            "avg": 42.74126491711479,
            "min": 0.188309,
            "med": 7.8875435,
            "thresholds": {
                "p(95)<10000": false
            }
        },
        "http_req_receiving": {
            "avg": 2.6546547011473707,
            "min": 0.013797,
            "med": 0.055354,
            "max": 432.752572,
            "p(90)": 0.24582199999999998,
            "p(95)": 0.99788525
        },
        "pushpulls_success_rate": {
            "fails": 0,
            "passes": 41835,
            "value": 1
        },
        "http_req_waiting": {
            "med": 7.578860000000001,
            "max": 705.469499,
            "p(90)": 114.77628899999999,
            "p(95)": 176.21072325,
            "avg": 39.65671309612137,
            "min": 0.137304
        },
        "pushpulls": {
            "count": 41835,
            "rate": 271.21057835955605
        },
        "pushpulls_time": {
            "p(90)": 139,
            "p(95)": 206,
            "avg": 49.098123580733834,
            "min": 1,
            "med": 14,
            "max": 808,
            "thresholds": {
                "p(95)<1000": false
            }
        },
        "vus": {
            "value": 8,
            "min": 8,
            "max": 500
        },
        "http_req_failed": {
            "passes": 0,
            "fails": 66936,
            "value": 0
        },
        "iteration_duration": {
            "max": 8608.341441,
            "p(90)": 7017.8627072,
            "p(95)": 7210.7596601,
            "avg": 6463.319882917643,
            "min": 6015.697634,
            "med": 6412.646237
        },
        "http_req_duration{expected_response:true}": {
            "p(90)": 125.3606455,
            "p(95)": 196.54397125,
            "avg": 42.74126491711479,
            "min": 0.188309,
            "med": 7.8875435,
            "max": 803.077926
        },
        "data_received": {
            "rate": 7635140.169196611,
            "count": 1177742000
        },
        "transaction_success_rate": {
            "passes": 8367,
            "fails": 0,
            "thresholds": {
                "rate>0.99": false
            },
            "value": 1
        },
        "checks": {
            "passes": 133872,
            "fails": 0,
            "value": 1
        },
        "vus_max": {
            "value": 500,
            "min": 500,
            "max": 500
        },
        "http_reqs": {
            "count": 66936,
            "rate": 433.93692537528966
        },
        "http_req_blocked": {
            "avg": 0.03418703876837717,
            "min": 0.001523,
            "med": 0.004148,
            "max": 219.246616,
            "p(90)": 0.005821,
            "p(95)": 0.0075875
        },
        "http_req_connecting": {
            "avg": 0.012875485060356162,
            "min": 0,
            "med": 0,
            "max": 160.175039,
            "p(90)": 0,
            "p(95)": 0
        },
        "deactivate_clients_success_rate": {
            "passes": 8367,
            "fails": 0,
            "value": 1
        },
        "attach_documents": {
            "count": 8367,
            "rate": 54.24211567191121
        },
        "active_clients": {
            "count": 8367,
            "rate": 54.24211567191121
        },
        "http_req_tls_handshaking": {
            "avg": 0,
            "min": 0,
            "med": 0,
            "max": 0,
            "p(90)": 0,
            "p(95)": 0
        },
        "active_clients_success_rate": {
            "passes": 8367,
            "fails": 0,
            "value": 1
        },
        "deactivate_clients": {
            "count": 8367,
            "rate": 54.24211567191121
        },
        "http_req_sending": {
            "avg": 0.4298971198458231,
            "min": 0.009938,
            "med": 0.022362,
            "max": 373.586863,
            "p(90)": 0.05328,
            "p(95)": 0.1786085
        },
        "deactivate_clients_time": {
            "avg": 25.350663320186445,
            "min": 0,
            "med": 2,
            "max": 682,
            "p(90)": 73,
            "p(95)": 121,
            "thresholds": {
                "p(95)<10000": false
            }
        },
        "attach_documents_success_rate": {
            "passes": 8367,
            "fails": 0,
            "value": 1
        },
        "active_clients_time": {
            "min": 0,
            "med": 4,
            "max": 588,
            "p(90)": 77,
            "p(95)": 108,
            "avg": 24.135293414604995,
            "thresholds": {
                "p(95)<500": false
            }
        }
    }
}