{
    "metrics": {
        "active_clients": {
            "rate": 51.4936290691807,
            "count": 7969
        },
        "pushpulls": {
            "count": 39845,
            "rate": 257.4681453459035
        },
        "group_duration": {
            "max": 9191.560783,
            "p(90)": 7503.0652982,
            "p(95)": 7756.635715,
            "avg": 6776.449446214575,
            "min": 6023.058192,
            "med": 6840.89197
        },
        "http_req_tls_handshaking": {
            "max": 0,
            "p(90)": 0,
            "p(95)": 0,
            "avg": 0,
            "min": 0,
            "med": 0
        },
        "pushpulls_success_rate": {
            "passes": 39845,
            "fails": 0,
            "value": 1
        },
        "iterations": {
            "count": 7969,
            "rate": 51.4936290691807
        },
        "pushpulls_time": {
            "min": 1,
            "med": 30,
            "max": 1243,
            "p(90)": 203,
            "p(95)": 289,
            "avg": 74.89424018070021,
            "thresholds": {
                "p(95)<1000": false
            }
        },
        "active_clients_time": {
            "avg": 18.66394779771615,
            "min": 1,
            "med": 5,
            "max": 479,
            "p(90)": 56,
            "p(95)": 83.59999999999945,
            "thresholds": {
                "p(95)<500": false
            }
        },
        "data_received": {
            "count": 1124692518,
            "rate": 7267473.878626532
        },
        "data_sent": {
            "count": 59980047,
            "rate": 387575.64208432985
        },
        "deactivate_clients_time": {
            "p(90)": 436,
            "p(95)": 546.5999999999995,
            "avg": 166.319362529803,
            "min": 4,
            "med": 105,
            "max": 1128,
            "thresholds": {
                "p(95)<10000": false
            }
        },
        "attach_documents": {
            "count": 7969,
            "rate": 51.4936290691807
        },
        "http_req_failed": {
            "passes": 0,
            "fails": 63752,
            "value": 0
        },
        "http_req_blocked": {
            "avg": 0.04518133341699209,
            "min": 0.001613,
            "med": 0.004178,
            "max": 186.694104,
            "p(90)": 0.005811,
            "p(95)": 0.008124449999999997
        },
        "active_clients_success_rate": {
            "passes": 7969,
            "fails": 0,
            "value": 1
        },
        "iteration_duration": {
            "avg": 6776.511951149929,
            "min": 6023.076495,
            "med": 6840.91285,
            "max": 9191.5808,
            "p(90)": 7503.376350199999,
            "p(95)": 7756.6584471999995
        },
        "http_req_sending": {
            "max": 790.009528,
            "p(90)": 0.09311890000000006,
            "p(95)": 0.229766,
            "avg": 0.5450818656512855,
            "min": 0.01042,
            "med": 0.022792
        },
        "http_req_duration{expected_response:true}": {
            "med": 23.558491,
            "max": 1131.833178,
            "p(90)": 228.97464920000002,
            "p(95)": 318.44632899999993,
            "avg": 78.66550337303971,
            "min": 0.975072
        },
        "http_req_duration": {
            "min": 0.975072,
            "med": 23.558491,
            "max": 1131.833178,
            "p(90)": 228.97464920000002,
            "p(95)": 318.44632899999993,
            "avg": 78.66550337303971,
            "thresholds": {
                "p(95)<10000": false
            }
        },
        "http_reqs": {
            "count": 63752,
            "rate": 411.9490325534456
        },
        "deactivate_clients": {
            "count": 7969,
            "rate": 51.4936290691807
        },
        "vus": {
            "min": 3,
            "max": 500,
            "value": 3
        },
        "deactivate_clients_success_rate": {
            "passes": 7969,
            "fails": 0,
            "value": 1
        },
        "transaction_success_rate": {
            "passes": 7969,
            "fails": 0,
            "thresholds": {
                "rate>0.99": false
            },
            "value": 1
        },
        "http_req_receiving": {
            "max": 867.922178,
            "p(90)": 0.31428900000000004,
            "p(95)": 1.158990749999992,
            "avg": 2.6264437605094715,
            "min": 0.014347,
            "med": 0.054916999999999994
        },
        "attach_documents_success_rate": {
            "passes": 7969,
            "fails": 0,
            "value": 1
        },
        "checks": {
            "passes": 127504,
            "fails": 0,
            "value": 1
        },
        "http_req_waiting": {
            "max": 1072.314866,
            "p(90)": 217.9185328,
            "p(95)": 304.269075,
            "avg": 75.49397774687863,
            "min": 0.912117,
            "med": 22.953684000000003
        },
        "transaction_time": {
            "avg": 6776.482369180575,
            "min": 6024,
            "med": 6841,
            "max": 9191,
            "p(90)": 7503.2,
            "p(95)": 7756.599999999999,
            "thresholds": {
                "p(95)<30000": false
            }
        },
        "vus_max": {
            "value": 500,
            "min": 500,
            "max": 500
        },
        "http_req_connecting": {
            "med": 0,
            "max": 186.635786,
            "p(90)": 0,
            "p(95)": 0,
            "avg": 0.029600301606224115,
            "min": 0
        },
        "attach_documents_time": {
            "max": 1073,
            "p(90)": 343,
            "p(95)": 466,
            "avg": 137.46931860961226,
            "min": 3,
            "med": 90,
            "thresholds": {
                "p(95)<10000": false
            }
        }
    },
    "root_group": {
        "path": "",
        "id": "d41d8cd98f00b204e9800998ecf8427e",
        "groups": {
            "Presence": {
                "checks": {
                    "status is 200": {
                        "name": "status is 200",
                        "path": "::Presence::status is 200",
                        "id": "2bdfe827d978801584a6dde561f63b7d",
                        "passes": 63752,
                        "fails": 0
                    },
                    "response has valid body": {
                        "name": "response has valid body",
                        "path": "::Presence::response has valid body",
                        "id": "2cb1a85a5851b9e28736f532526a5909",
                        "passes": 63752,
                        "fails": 0
                    }
                },
                "name": "Presence",
                "path": "::Presence",
                "id": "63ab1748852475484c3afb7dae46dbde",
                "groups": {}
            }
        },
        "checks": {},
        "name": ""
    }
}