{
    "metrics": {
        "http_req_connecting": {
            "p(90)": 0,
            "p(95)": 0,
            "avg": 0.004129494863988162,
            "min": 0,
            "med": 0,
            "max": 29.190779
        },
        "deactivate_clients_time": {
            "med": 1,
            "max": 191,
            "p(90)": 18,
            "p(95)": 30,
            "avg": 6.456180286819941,
            "min": 0,
            "thresholds": {
                "p(95)<10000": false
            }
        },
        "attach_documents": {
            "rate": 56.76497051236457,
            "count": 8786
        },
        "iterations": {
            "rate": 56.76497051236457,
            "count": 8786
        },
        "transaction_time": {
            "avg": 6152.948213066242,
            "min": 6014,
            "med": 6141,
            "max": 6936,
            "p(90)": 6299,
            "p(95)": 6364.75,
            "thresholds": {
                "p(95)<30000": false
            }
        },
        "http_req_receiving": {
            "avg": 0.3528556498264295,
            "min": 0.011788,
            "med": 0.051537,
            "max": 161.837838,
            "p(90)": 0.15825100000000003,
            "p(95)": 0.42640629999999974
        },
        "deactivate_clients_success_rate": {
            "fails": 0,
            "passes": 8786,
            "value": 1
        },
        "data_received": {
            "count": 1301295983,
            "rate": 8407469.622450884
        },
        "active_clients_success_rate": {
            "passes": 8786,
            "fails": 0,
            "value": 1
        },
        "http_req_blocked": {
            "p(95)": 0.007160649999999994,
            "avg": 0.012884567422605506,
            "min": 0.001172,
            "med": 0.003896,
            "max": 29.273112,
            "p(90)": 0.005618
        },
        "attach_documents_success_rate": {
            "passes": 8786,
            "fails": 0,
            "value": 1
        },
        "http_req_duration{expected_response:true}": {
            "p(90)": 36.074043000000025,
            "p(95)": 56.28867789999987,
            "avg": 13.376892953733208,
            "min": 0.172598,
            "med": 4.788043,
            "max": 317.97873
        },
        "iteration_duration": {
            "min": 6014.696979,
            "med": 6141.1250005,
            "max": 6935.948778,
            "p(90)": 6298.856589,
            "p(95)": 6364.6814765,
            "avg": 6152.981913925018
        },
        "transaction_success_rate": {
            "passes": 8786,
            "fails": 0,
            "thresholds": {
                "rate>0.99": false
            },
            "value": 1
        },
        "group_duration": {
            "min": 6014.67853,
            "med": 6141.079054,
            "max": 6935.930711,
            "p(90)": 6298.7895145,
            "p(95)": 6364.66332875,
            "avg": 6152.927019432511
        },
        "active_clients": {
            "count": 8786,
            "rate": 56.76497051236457
        },
        "vus_max": {
            "max": 500,
            "value": 500,
            "min": 500
        },
        "http_reqs": {
            "count": 70288,
            "rate": 454.11976409891656
        },
        "deactivate_clients": {
            "count": 8786,
            "rate": 56.76497051236457
        },
        "data_sent": {
            "count": 66132317,
            "rate": 427270.54682669544
        },
        "checks": {
            "fails": 0,
            "passes": 140576,
            "value": 1
        },
        "http_req_failed": {
            "passes": 0,
            "fails": 70288,
            "value": 0
        },
        "pushpulls_time": {
            "avg": 17.364739358069656,
            "min": 1,
            "med": 9,
            "max": 410,
            "p(90)": 44,
            "p(95)": 62.549999999995634,
            "thresholds": {
                "p(95)<1000": false
            }
        },
        "http_req_sending": {
            "p(95)": 0.12087334999999953,
            "avg": 0.11784526454017881,
            "min": 0.00704,
            "med": 0.02044,
            "max": 191.499045,
            "p(90)": 0.0431543
        },
        "vus": {
            "value": 6,
            "min": 6,
            "max": 500
        },
        "attach_documents_time": {
            "med": 13,
            "max": 460,
            "p(90)": 75,
            "p(95)": 109,
            "avg": 28.53107216025495,
            "min": 3,
            "thresholds": {
                "p(95)<10000": false
            }
        },
        "http_req_tls_handshaking": {
            "avg": 0,
            "min": 0,
            "med": 0,
            "max": 0,
            "p(90)": 0,
            "p(95)": 0
        },
        "http_req_waiting": {
            "max": 317.907583,
            "p(90)": 35.051541,
            "p(95)": 54.422439449999956,
            "avg": 12.906192039366614,
            "min": 0.12294,
            "med": 4.562564
        },
        "active_clients_time": {
            "max": 149,
            "p(90)": 23,
            "p(95)": 36,
            "avg": 8.291600273161848,
            "min": 0,
            "med": 3,
            "thresholds": {
                "p(95)<500": false
            }
        },
        "http_req_duration": {
            "avg": 13.376892953733208,
            "min": 0.172598,
            "med": 4.788043,
            "max": 317.97873,
            "p(90)": 36.074043000000025,
            "p(95)": 56.28867789999987,
            "thresholds": {
                "p(95)<10000": false
            }
        },
        "pushpulls": {
            "count": 43930,
            "rate": 283.82485256182287
        },
        "pushpulls_success_rate": {
            "passes": 43930,
            "fails": 0,
            "value": 1
        }
    },
    "root_group": {
        "path": "",
        "id": "d41d8cd98f00b204e9800998ecf8427e",
        "groups": {
            "Presence": {
                "path": "::Presence",
                "id": "63ab1748852475484c3afb7dae46dbde",
                "groups": {},
                "checks": {
                        "status is 200": {
                            "id": "2bdfe827d978801584a6dde561f63b7d",
                            "passes": 70288,
                            "fails": 0,
                            "name": "status is 200",
                            "path": "::Presence::status is 200"
                        },
                        "response has valid body": {
                            "name": "response has valid body",
                            "path": "::Presence::response has valid body",
                            "id": "2cb1a85a5851b9e28736f532526a5909",
                            "passes": 70288,
                            "fails": 0
                        }
                    },
                "name": "Presence"
            }
        },
        "checks": {},
        "name": ""
    }
}