{
    "metrics": {
        "active_clients_time": {
            "avg": 18.849746432362306,
            "min": 0,
            "med": 4,
            "max": 446,
            "p(90)": 59,
            "p(95)": 87,
            "thresholds": {
                "p(95)<500": false
            }
        },
        "attach_documents_time": {
            "min": 2,
            "med": 18,
            "max": 729,
            "p(90)": 245,
            "p(95)": 324.09999999999945,
            "avg": 76.53661988442033,
            "thresholds": {
                "p(95)<10000": false
            }
        },
        "http_req_connecting": {
            "med": 0,
            "max": 120.118123,
            "p(90)": 0,
            "p(95)": 0,
            "avg": 0.01357409140228801,
            "min": 0
        },
        "data_sent": {
            "count": 63820436,
            "rate": 409246.63536213146
        },
        "http_req_waiting": {
            "avg": 31.90346909129896,
            "min": 0.134221,
            "med": 6.6140965000000005,
            "max": 728.319532,
            "p(90)": 93.88551630000002,
            "p(95)": 141.88505134999997
        },
        "pushpulls_success_rate": {
            "passes": 42395,
            "fails": 0,
            "value": 1
        },
        "http_req_blocked": {
            "p(90)": 0.005831,
            "p(95)": 0.008506,
            "avg": 0.028249538890200623,
            "min": 0.001452,
            "med": 0.004107,
            "max": 159.099967
        },
        "pushpulls": {
            "count": 42395,
            "rate": 271.85666839031876
        },
        "deactivate_clients": {
            "count": 8479,
            "rate": 54.371333678063756
        },
        "transaction_time": {
            "avg": 6373.214765892204,
            "min": 6013,
            "med": 6309,
            "max": 8079,
            "p(90)": 6817,
            "p(95)": 6996,
            "thresholds": {
                "p(95)<30000": false
            }
        },
        "attach_documents_success_rate": {
            "passes": 8479,
            "fails": 0,
            "value": 1
        },
        "http_req_duration": {
            "med": 6.8937265,
            "max": 728.394372,
            "p(90)": 101.97466970000002,
            "p(95)": 158.50745524999985,
            "avg": 34.503232179899996,
            "min": 0.164999,
            "thresholds": {
                "p(95)<10000": false
            }
        },
        "group_duration": {
            "p(90)": 6817.5346316000005,
            "p(95)": 6995.656341499999,
            "avg": 6373.202939580607,
            "min": 6012.47794,
            "med": 6309.037526,
            "max": 8078.360976
        },
        "http_req_duration{expected_response:true}": {
            "p(90)": 101.97466970000002,
            "p(95)": 158.50745524999985,
            "avg": 34.503232179899996,
            "min": 0.164999,
            "med": 6.8937265,
            "max": 728.394372
        },
        "active_clients": {
            "count": 8479,
            "rate": 54.371333678063756
        },
        "vus_max": {
            "min": 500,
            "max": 500,
            "value": 500
        },
        "http_reqs": {
            "rate": 434.97066942451005,
            "count": 67832
        },
        "pushpulls_time": {
            "max": 674,
            "p(90)": 116,
            "p(95)": 171,
            "avg": 41.01754923929709,
            "min": 1,
            "med": 13,
            "thresholds": {
                "p(95)<1000": false
            }
        },
        "http_req_tls_handshaking": {
            "avg": 0,
            "min": 0,
            "med": 0,
            "max": 0,
            "p(90)": 0,
            "p(95)": 0
        },
        "deactivate_clients_success_rate": {
            "passes": 8479,
            "fails": 0,
            "value": 1
        },
        "active_clients_success_rate": {
            "passes": 8479,
            "fails": 0,
            "value": 1
        },
        "http_req_sending": {
            "avg": 0.40198246379289865,
            "min": 0.01061,
            "med": 0.022512499999999998,
            "max": 373.163635,
            "p(90)": 0.05671510000000002,
            "p(95)": 0.18264899999999976
        },
        "transaction_success_rate": {
            "passes": 8479,
            "fails": 0,
            "thresholds": {
                "rate>0.99": false
            },
            "value": 1
        },
        "vus": {
            "value": 1,
            "min": 1,
            "max": 500
        },
        "http_req_failed": {
            "passes": 0,
            "fails": 67832,
            "value": 0
        },
        "iteration_duration": {
            "med": 6309.063982,
            "max": 8078.392165,
            "p(90)": 6817.555374,
            "p(95)": 6995.682384799999,
            "avg": 6373.2735440446995,
            "min": 6012.521071
        },
        "http_req_receiving": {
            "avg": 2.1977806248083205,
            "min": 0.012503,
            "med": 0.0551335,
            "max": 327.546599,
            "p(90)": 0.23749300000000004,
            "p(95)": 0.8189169999999971
        },
        "deactivate_clients_time": {
            "max": 489,
            "p(90)": 60,
            "p(95)": 89,
            "avg": 18.757400636867555,
            "min": 0,
            "med": 2,
            "thresholds": {
                "p(95)<10000": false
            }
        },
        "checks": {
            "passes": 135664,
            "fails": 0,
            "value": 1
        },
        "data_received": {
            "count": 1206874407,
            "rate": 7739046.006664975
        },
        "attach_documents": {
            "count": 8479,
            "rate": 54.371333678063756
        },
        "iterations": {
            "rate": 54.371333678063756,
            "count": 8479
        }
    },
    "root_group": {
        "groups": {
            "Presence": {
                "name": "Presence",
                "path": "::Presence",
                "id": "63ab1748852475484c3afb7dae46dbde",
                "groups": {},
                "checks": {
                        "status is 200": {
                            "id": "2bdfe827d978801584a6dde561f63b7d",
                            "passes": 67832,
                            "fails": 0,
                            "name": "status is 200",
                            "path": "::Presence::status is 200"
                        },
                        "response has valid body": {
                            "path": "::Presence::response has valid body",
                            "id": "2cb1a85a5851b9e28736f532526a5909",
                            "passes": 67832,
                            "fails": 0,
                            "name": "response has valid body"
                        }
                    }
            }
        },
        "checks": {},
        "name": "",
        "path": "",
        "id": "d41d8cd98f00b204e9800998ecf8427e"
    }
}