{
    "metrics": {
        "group_duration": {
            "med": 6833.532236,
            "max": 8860.381135,
            "p(90)": 7448.177665,
            "p(95)": 7635.204211799999,
            "avg": 6760.950839866285,
            "min": 6023.276103
        },
        "active_clients_time": {
            "med": 6,
            "max": 614,
            "p(90)": 53,
            "p(95)": 80,
            "avg": 18.287179487179486,
            "min": 1,
            "thresholds": {
                "p(95)<500": false
            }
        },
        "http_req_connecting": {
            "med": 0,
            "max": 281.403282,
            "p(90)": 0,
            "p(95)": 0,
            "avg": 0.018007119293308317,
            "min": 0
        },
        "pushpulls_time": {
            "p(90)": 179,
            "p(95)": 245,
            "avg": 68.22774233896185,
            "min": 1,
            "med": 32,
            "max": 1082,
            "thresholds": {
                "p(95)<1000": false
            }
        },
        "pushpulls": {
            "rate": 257.22822078907126,
            "count": 39975
        },
        "http_req_blocked": {
            "min": 0.001583,
            "med": 0.004087,
            "max": 281.5142,
            "p(90)": 0.005581,
            "p(95)": 0.007615449999999961,
            "avg": 0.03303467242026441
        },
        "checks": {
            "passes": 127920,
            "fails": 0,
            "value": 1
        },
        "http_req_duration": {
            "avg": 78.82129278492803,
            "min": 0.972281,
            "med": 25.011512,
            "max": 885.420078,
            "p(90)": 225.5230457999999,
            "p(95)": 338.6802428499998,
            "thresholds": {
                "p(95)<10000": false
            }
        },
        "active_clients_success_rate": {
            "fails": 0,
            "passes": 7995,
            "value": 1
        },
        "vus": {
            "value": 3,
            "min": 3,
            "max": 500
        },
        "deactivate_clients_success_rate": {
            "passes": 7995,
            "fails": 0,
            "value": 1
        },
        "transaction_success_rate": {
            "passes": 7995,
            "fails": 0,
            "thresholds": {
                "rate>0.99": false
            },
            "value": 1
        },
        "pushpulls_success_rate": {
            "passes": 39975,
            "fails": 0,
            "value": 1
        },
        "transaction_time": {
            "avg": 6761.066916823014,
            "min": 6023,
            "med": 6834,
            "max": 8861,
            "p(90)": 7448,
            "p(95)": 7635.5999999999985,
            "thresholds": {
                "p(95)<30000": false
            }
        },
        "http_reqs": {
            "count": 63960,
            "rate": 411.56515326251406
        },
        "data_received": {
            "count": 1094849696,
            "rate": 7045059.145304204
        },
        "iterations": {
            "count": 7995,
            "rate": 51.44564415781426
        },
        "data_sent": {
            "count": 60175806,
            "rate": 387214.89710890106
        },
        "http_req_duration{expected_response:true}": {
            "max": 885.420078,
            "p(90)": 225.5230457999999,
            "p(95)": 338.6802428499998,
            "avg": 78.82129278492803,
            "min": 0.972281,
            "med": 25.011512
        },
        "http_req_failed": {
            "passes": 0,
            "fails": 63960,
            "value": 0
        },
        "http_req_receiving": {
            "min": 0.015088,
            "med": 0.051788,
            "max": 584.473573,
            "p(90)": 0.296819,
            "p(95)": 1.072011599999995,
            "avg": 2.7807560861319462
        },
        "attach_documents_time": {
            "med": 108,
            "max": 849,
            "p(90)": 420,
            "p(95)": 506,
            "avg": 157.6626641651032,
            "min": 3,
            "thresholds": {
                "p(95)<10000": false
            }
        },
        "attach_documents_success_rate": {
            "passes": 7995,
            "fails": 0,
            "value": 1
        },
        "http_req_waiting": {
            "avg": 75.46217608366226,
            "min": 0.915233,
            "med": 24.42284,
            "max": 885.361017,
            "p(90)": 212.48073649999998,
            "p(95)": 318.8585155499997
        },
        "iteration_duration": {
            "max": 8860.444945,
            "p(90)": 7448.2842272,
            "p(95)": 7635.227038999999,
            "avg": 6761.109280016503,
            "min": 6023.29642,
            "med": 6833.575097
        },
        "deactivate_clients_time": {
            "p(90)": 474,
            "p(95)": 560.2999999999993,
            "avg": 177.859287054409,
            "min": 4,
            "med": 111,
            "max": 886,
            "thresholds": {
                "p(95)<10000": false
            }
        },
        "http_req_tls_handshaking": {
            "p(95)": 0,
            "avg": 0,
            "min": 0,
            "med": 0,
            "max": 0,
            "p(90)": 0
        },
        "deactivate_clients": {
            "count": 7995,
            "rate": 51.44564415781426
        },
        "active_clients": {
            "count": 7995,
            "rate": 51.44564415781426
        },
        "attach_documents": {
            "count": 7995,
            "rate": 51.44564415781426
        },
        "vus_max": {
            "value": 500,
            "min": 500,
            "max": 500
        },
        "http_req_sending": {
            "p(95)": 0.2204764999999998,
            "avg": 0.5783606151344594,
            "min": 0.01039,
            "med": 0.02136,
            "max": 547.247546,
            "p(90)": 0.07802989999999996
        }
    },
    "root_group": {
        "name": "",
        "path": "",
        "id": "d41d8cd98f00b204e9800998ecf8427e",
        "groups": {
            "Presence": {
                "path": "::Presence",
                "id": "63ab1748852475484c3afb7dae46dbde",
                "groups": {},
                "checks": {
                        "status is 200": {
                            "name": "status is 200",
                            "path": "::Presence::status is 200",
                            "id": "2bdfe827d978801584a6dde561f63b7d",
                            "passes": 63960,
                            "fails": 0
                        },
                        "response has valid body": {
                            "name": "response has valid body",
                            "path": "::Presence::response has valid body",
                            "id": "2cb1a85a5851b9e28736f532526a5909",
                            "passes": 63960,
                            "fails": 0
                        }
                    },
                "name": "Presence"
            }
        },
        "checks": {}
    }
}