{
    "root_group": {
        "name": "",
        "path": "",
        "id": "d41d8cd98f00b204e9800998ecf8427e",
        "groups": {
            "Presence": {
                "id": "63ab1748852475484c3afb7dae46dbde",
                "groups": {},
                "checks": {
                        "status is 200": {
                            "name": "status is 200",
                            "path": "::Presence::status is 200",
                            "id": "2bdfe827d978801584a6dde561f63b7d",
                            "passes": 68504,
                            "fails": 0
                        },
                        "response has valid body": {
                            "name": "response has valid body",
                            "path": "::Presence::response has valid body",
                            "id": "2cb1a85a5851b9e28736f532526a5909",
                            "passes": 68504,
                            "fails": 0
                        }
                    },
                "name": "Presence",
                "path": "::Presence"
            }
        },
        "checks": {}
    },
    "metrics": {
        "data_sent": {
            "count": 64453075,
            "rate": 415210.0622047424
        },
        "attach_documents_time": {
            "max": 736,
            "p(90)": 189.80000000000018,
            "p(95)": 262,
            "avg": 63.076725446689245,
            "min": 3,
            "med": 19,
            "thresholds": {
                "p(95)<10000": false
            }
        },
        "http_req_sending": {
            "avg": 0.2672837517371251,
            "min": 0.008757,
            "med": 0.020288,
            "max": 205.385218,
            "p(90)": 0.05562280000000002,
            "p(95)": 0.16906099999999993
        },
        "data_received": {
            "count": 1254283345,
            "rate": 8080158.560314188
        },
        "pushpulls_success_rate": {
            "passes": 42815,
            "fails": 0,
            "value": 1
        },
        "http_req_connecting": {
            "p(95)": 0,
            "avg": 0.018776325951769236,
            "min": 0,
            "med": 0,
            "max": 195.581306,
            "p(90)": 0
        },
        "pushpulls": {
            "count": 42815,
            "rate": 275.81645737299647
        },
        "http_req_duration{expected_response:true}": {
            "p(95)": 127.51114015,
            "avg": 28.869422507532562,
            "min": 0.167065,
            "med": 7.586463500000001,
            "max": 734.97993,
            "p(90)": 81.18770220000003
        },
        "group_duration": {
            "p(95)": 6834.473956899999,
            "avg": 6312.135797869526,
            "min": 6013.179236,
            "med": 6269.200906,
            "max": 7862.039748,
            "p(90)": 6671.8196206
        },
        "http_req_failed": {
            "passes": 0,
            "fails": 68504,
            "value": 0
        },
        "transaction_success_rate": {
            "passes": 8563,
            "fails": 0,
            "thresholds": {
                "rate>0.99": false
            },
            "value": 1
        },
        "http_req_duration": {
            "min": 0.167065,
            "med": 7.586463500000001,
            "max": 734.97993,
            "p(90)": 81.18770220000003,
            "p(95)": 127.51114015,
            "avg": 28.869422507532562,
            "thresholds": {
                "p(95)<10000": false
            }
        },
        "iterations": {
            "count": 8563,
            "rate": 55.1632914745993
        },
        "active_clients": {
            "count": 8563,
            "rate": 55.1632914745993
        },
        "deactivate_clients_success_rate": {
            "passes": 8563,
            "fails": 0,
            "value": 1
        },
        "http_req_blocked": {
            "avg": 0.03166587302931327,
            "min": 0.001503,
            "med": 0.003897,
            "max": 195.732129,
            "p(90)": 0.00553,
            "p(95)": 0.007461149999999973
        },
        "http_reqs": {
            "count": 68504,
            "rate": 441.3063317967944
        },
        "http_req_tls_handshaking": {
            "avg": 0,
            "min": 0,
            "med": 0,
            "max": 0,
            "p(90)": 0,
            "p(95)": 0
        },
        "http_req_waiting": {
            "avg": 27.7783070679959,
            "min": 0.119406,
            "med": 7.288032,
            "max": 734.924786,
            "p(90)": 78.62448080000013,
            "p(95)": 123.2656425
        },
        "attach_documents": {
            "count": 8563,
            "rate": 55.1632914745993
        },
        "pushpulls_time": {
            "avg": 34.108373233679785,
            "min": 1,
            "med": 14,
            "max": 661,
            "p(90)": 88,
            "p(95)": 130,
            "thresholds": {
                "p(95)<1000": false
            }
        },
        "checks": {
            "passes": 137008,
            "fails": 0,
            "value": 1
        },
        "deactivate_clients": {
            "count": 8563,
            "rate": 55.1632914745993
        },
        "active_clients_time": {
            "avg": 17.502043676281676,
            "min": 0,
            "med": 4,
            "max": 463,
            "p(90)": 48,
            "p(95)": 76,
            "thresholds": {
                "p(95)<500": false
            }
        },
        "transaction_time": {
            "avg": 6312.1354665420995,
            "min": 6013,
            "med": 6269,
            "max": 7862,
            "p(90)": 6671.8,
            "p(95)": 6834,
            "thresholds": {
                "p(95)<30000": false
            }
        },
        "deactivate_clients_time": {
            "avg": 15.945696601658298,
            "min": 0,
            "med": 3,
            "max": 628,
            "p(90)": 45,
            "p(95)": 79,
            "thresholds": {
                "p(95)<10000": false
            }
        },
        "iteration_duration": {
            "med": 6269.220192,
            "max": 7862.097547,
            "p(90)": 6671.8486956,
            "p(95)": 6834.4971814,
            "avg": 6312.190191839661,
            "min": 6013.235903
        },
        "http_req_receiving": {
            "avg": 0.8238316877992522,
            "min": 0.013075,
            "med": 0.051156,
            "max": 363.082038,
            "p(90)": 0.18250400000000025,
            "p(95)": 0.4738863499999992
        },
        "attach_documents_success_rate": {
            "passes": 8563,
            "fails": 0,
            "value": 1
        },
        "vus": {
            "value": 2,
            "min": 2,
            "max": 500
        },
        "vus_max": {
            "value": 500,
            "min": 500,
            "max": 500
        },
        "active_clients_success_rate": {
            "passes": 8563,
            "fails": 0,
            "value": 1
        }
    }
}