{
    "root_group": {
        "name": "",
        "path": "",
        "id": "d41d8cd98f00b204e9800998ecf8427e",
        "groups": {
            "Presence": {
                "id": "63ab1748852475484c3afb7dae46dbde",
                "groups": {},
                "checks": {
                        "status is 200": {
                            "name": "status is 200",
                            "path": "::Presence::status is 200",
                            "id": "2bdfe827d978801584a6dde561f63b7d",
                            "passes": 67480,
                            "fails": 0
                        },
                        "response has valid body": {
                            "name": "response has valid body",
                            "path": "::Presence::response has valid body",
                            "id": "2cb1a85a5851b9e28736f532526a5909",
                            "passes": 67480,
                            "fails": 0
                        }
                    },
                "name": "Presence",
                "path": "::Presence"
            }
        },
        "checks": {}
    },
    "metrics": {
        "vus_max": {
            "value": 500,
            "min": 500,
            "max": 500
        },
        "vus": {
            "min": 3,
            "max": 500,
            "value": 3
        },
        "http_req_failed": {
            "passes": 0,
            "fails": 67480,
            "value": 0
        },
        "http_req_connecting": {
            "p(95)": 0,
            "avg": 0.008522315352697096,
            "min": 0,
            "med": 0,
            "max": 115.79633,
            "p(90)": 0
        },
        "http_req_receiving": {
            "max": 452.468361,
            "p(90)": 0.25099679999999996,
            "p(95)": 0.9097023499999983,
            "avg": 2.6987534720658393,
            "min": 0.012904,
            "med": 0.053
        },
        "pushpulls_time": {
            "p(90)": 121,
            "p(95)": 186,
            "avg": 43.63108476585655,
            "min": 1,
            "med": 13,
            "max": 960,
            "thresholds": {
                "p(95)<1000": false
            }
        },
        "iteration_duration": {
            "min": 6012.865046,
            "med": 6358.144281,
            "max": 8761.451542,
            "p(90)": 6913.7086252,
            "p(95)": 7098.1462636999995,
            "avg": 6409.6164259909765
        },
        "deactivate_clients_success_rate": {
            "fails": 0,
            "passes": 8435,
            "value": 1
        },
        "deactivate_clients": {
            "count": 8435,
            "rate": 54.72161425223012
        },
        "transaction_time": {
            "avg": 6409.536099585062,
            "min": 6013,
            "med": 6358,
            "max": 8762,
            "p(90)": 6913.6,
            "p(95)": 7097.299999999999,
            "thresholds": {
                "p(95)<30000": false
            }
        },
        "group_duration": {
            "med": 6357.966769,
            "max": 8761.429069,
            "p(90)": 6913.6856262,
            "p(95)": 7098.1236063,
            "avg": 6409.549079512496,
            "min": 6012.832354
        },
        "http_req_waiting": {
            "p(90)": 101.42560499999998,
            "p(95)": 155.75122029999994,
            "avg": 33.913786736618654,
            "min": 0.118805,
            "med": 6.799013,
            "max": 633.460614
        },
        "http_req_duration{expected_response:true}": {
            "p(95)": 174.06486479999998,
            "avg": 36.97632874582062,
            "min": 0.183979,
            "med": 7.0784769999999995,
            "max": 865.715072,
            "p(90)": 109.95887239999999
        },
        "attach_documents": {
            "rate": 54.72161425223012,
            "count": 8435
        },
        "attach_documents_success_rate": {
            "passes": 8435,
            "fails": 0,
            "value": 1
        },
        "pushpulls": {
            "count": 42175,
            "rate": 273.6080712611506
        },
        "iterations": {
            "count": 8435,
            "rate": 54.72161425223012
        },
        "deactivate_clients_time": {
            "avg": 21.393242442205096,
            "min": 0,
            "med": 2,
            "max": 710,
            "p(90)": 61,
            "p(95)": 109.29999999999927,
            "thresholds": {
                "p(95)<10000": false
            }
        },
        "http_req_blocked": {
            "p(95)": 0.007785,
            "avg": 0.016030154134558643,
            "min": 0.001563,
            "med": 0.003998,
            "max": 115.83907,
            "p(90)": 0.0055
        },
        "active_clients": {
            "count": 8435,
            "rate": 54.72161425223012
        },
        "checks": {
            "passes": 134960,
            "fails": 0,
            "value": 1
        },
        "pushpulls_success_rate": {
            "passes": 42175,
            "fails": 0,
            "value": 1
        },
        "http_reqs": {
            "count": 67480,
            "rate": 437.77291401784095
        },
        "active_clients_success_rate": {
            "passes": 8435,
            "fails": 0,
            "value": 1
        },
        "data_sent": {
            "count": 63489123,
            "rate": 411882.3115611608
        },
        "http_req_tls_handshaking": {
            "avg": 0,
            "min": 0,
            "med": 0,
            "max": 0,
            "p(90)": 0,
            "p(95)": 0
        },
        "data_received": {
            "count": 1192378835,
            "rate": 7735494.327373272
        },
        "http_req_sending": {
            "avg": 0.36378853713693016,
            "min": 0.010189,
            "med": 0.02117,
            "max": 397.110402,
            "p(90)": 0.05519499999999999,
            "p(95)": 0.17407759999999994
        },
        "attach_documents_time": {
            "p(90)": 271,
            "p(95)": 354,
            "avg": 86.78008298755186,
            "min": 2,
            "med": 18,
            "max": 873,
            "thresholds": {
                "p(95)<10000": false
            }
        },
        "http_req_duration": {
            "max": 865.715072,
            "p(90)": 109.95887239999999,
            "p(95)": 174.06486479999998,
            "avg": 36.97632874582062,
            "min": 0.183979,
            "med": 7.0784769999999995,
            "thresholds": {
                "p(95)<10000": false
            }
        },
        "transaction_success_rate": {
            "passes": 8435,
            "fails": 0,
            "thresholds": {
                "rate>0.99": false
            },
            "value": 1
        },
        "active_clients_time": {
            "avg": 19.706579727326616,
            "min": 0,
            "med": 4,
            "max": 440,
            "p(90)": 61,
            "p(95)": 91,
            "thresholds": {
                "p(95)<500": false
            }
        }
    }
}