{
    "root_group": {
        "name": "",
        "path": "",
        "id": "d41d8cd98f00b204e9800998ecf8427e",
        "groups": {
            "Presence": {
                "name": "Presence",
                "path": "::Presence",
                "id": "63ab1748852475484c3afb7dae46dbde",
                "groups": {},
                "checks": {
                        "status is 200": {
                            "path": "::Presence::status is 200",
                            "id": "2bdfe827d978801584a6dde561f63b7d",
                            "passes": 66896,
                            "fails": 0,
                            "name": "status is 200"
                        },
                        "response has valid body": {
                            "name": "response has valid body",
                            "path": "::Presence::response has valid body",
                            "id": "2cb1a85a5851b9e28736f532526a5909",
                            "passes": 66896,
                            "fails": 0
                        }
                    }
            }
        },
        "checks": {}
    },
    "metrics": {
        "pushpulls_time": {
            "max": 712,
            "p(90)": 147,
            "p(95)": 217,
            "avg": 49.90686438651041,
            "min": 1,
            "med": 13,
            "thresholds": {
                "p(95)<1000": false
            }
        },
        "checks": {
            "passes": 133792,
            "fails": 0,
            "value": 1
        },
        "http_req_blocked": {
            "med": 0.003957,
            "max": 248.564514,
            "p(90)": 0.00539,
            "p(95)": 0.0076665,
            "avg": 0.03924681622219652,
            "min": 0.001523
        },
        "http_req_waiting": {
            "avg": 39.460129627660706,
            "min": 0.124365,
            "med": 6.8448145,
            "max": 679.064182,
            "p(90)": 118.5544755,
            "p(95)": 180.36333175
        },
        "attach_documents_time": {
            "med": 18,
            "max": 796,
            "p(90)": 323,
            "p(95)": 424,
            "avg": 97.12628557761302,
            "min": 2,
            "thresholds": {
                "p(95)<10000": false
            }
        },
        "pushpulls": {
            "count": 41810,
            "rate": 270.0217975760653
        },
        "active_clients": {
            "count": 8362,
            "rate": 54.00435951521306
        },
        "http_req_sending": {
            "p(95)": 0.1750755,
            "avg": 0.46136707395061466,
            "min": 0.010309,
            "med": 0.02144,
            "max": 455.706986,
            "p(90)": 0.056536
        },
        "data_sent": {
            "rate": 406481.7530668949,
            "count": 62939371
        },
        "http_req_duration": {
            "avg": 42.86793166618301,
            "min": 0.157016,
            "med": 7.109678000000001,
            "max": 795.323988,
            "p(90)": 130.2125335,
            "p(95)": 204.13080375,
            "thresholds": {
                "p(95)<10000": false
            }
        },
        "http_req_failed": {
            "passes": 0,
            "fails": 66896,
            "value": 0
        },
        "active_clients_success_rate": {
            "passes": 8362,
            "fails": 0,
            "value": 1
        },
        "http_req_connecting": {
            "avg": 0.02011247401937336,
            "min": 0,
            "med": 0,
            "max": 117.620046,
            "p(90)": 0,
            "p(95)": 0
        },
        "http_req_receiving": {
            "avg": 2.9464349645718495,
            "min": 0.014377,
            "med": 0.052629,
            "max": 457.457575,
            "p(90)": 0.2424245,
            "p(95)": 0.9762744999999999
        },
        "http_req_duration{expected_response:true}": {
            "med": 7.109678000000001,
            "max": 795.323988,
            "p(90)": 130.2125335,
            "p(95)": 204.13080375,
            "avg": 42.86793166618301,
            "min": 0.157016
        },
        "deactivate_clients": {
            "count": 8362,
            "rate": 54.00435951521306
        },
        "vus_max": {
            "value": 500,
            "min": 500,
            "max": 500
        },
        "iterations": {
            "count": 8362,
            "rate": 54.00435951521306
        },
        "transaction_time": {
            "p(95)": 7199.95,
            "avg": 6459.320258311409,
            "min": 6013,
            "med": 6406,
            "max": 8360,
            "p(90)": 7004.900000000001,
            "thresholds": {
                "p(95)<30000": false
            }
        },
        "pushpulls_success_rate": {
            "passes": 41810,
            "fails": 0,
            "value": 1
        },
        "vus": {
            "value": 4,
            "min": 4,
            "max": 500
        },
        "deactivate_clients_time": {
            "med": 2,
            "max": 524,
            "p(90)": 68,
            "p(95)": 109,
            "avg": 22.54556326237742,
            "min": 0,
            "thresholds": {
                "p(95)<10000": false
            }
        },
        "transaction_success_rate": {
            "passes": 8362,
            "fails": 0,
            "thresholds": {
                "rate>0.99": false
            },
            "value": 1
        },
        "iteration_duration": {
            "min": 6013.049938,
            "med": 6405.6221965,
            "max": 8359.107822,
            "p(90)": 7004.7119554,
            "p(95)": 7199.78748705,
            "avg": 6459.356126342007
        },
        "group_duration": {
            "p(90)": 7004.692299800001,
            "p(95)": 7199.75900255,
            "avg": 6459.30339554893,
            "min": 6012.982751,
            "med": 6405.595055,
            "max": 8359.064932
        },
        "active_clients_time": {
            "min": 0,
            "med": 4,
            "max": 377,
            "p(90)": 75,
            "p(95)": 113,
            "avg": 23.67447978952404,
            "thresholds": {
                "p(95)<500": false
            }
        },
        "http_req_tls_handshaking": {
            "min": 0,
            "med": 0,
            "max": 0,
            "p(90)": 0,
            "p(95)": 0,
            "avg": 0
        },
        "deactivate_clients_success_rate": {
            "passes": 8362,
            "fails": 0,
            "value": 1
        },
        "attach_documents": {
            "count": 8362,
            "rate": 54.00435951521306
        },
        "data_received": {
            "count": 1212063872,
            "rate": 7827880.064445012
        },
        "attach_documents_success_rate": {
            "passes": 8362,
            "fails": 0,
            "value": 1
        },
        "http_reqs": {
            "rate": 432.0348761217045,
            "count": 66896
        }
    }
}