{
    "root_group": {
        "name": "",
        "path": "",
        "id": "d41d8cd98f00b204e9800998ecf8427e",
        "groups": {
            "Presence": {
                "name": "Presence",
                "path": "::Presence",
                "id": "63ab1748852475484c3afb7dae46dbde",
                "groups": {},
                "checks": {
                        "status is 200": {
                            "path": "::Presence::status is 200",
                            "id": "2bdfe827d978801584a6dde561f63b7d",
                            "passes": 63688,
                            "fails": 0,
                            "name": "status is 200"
                        },
                        "response has valid body": {
                            "name": "response has valid body",
                            "path": "::Presence::response has valid body",
                            "id": "2cb1a85a5851b9e28736f532526a5909",
                            "passes": 63688,
                            "fails": 0
                        }
                    }
            }
        },
        "checks": {}
    },
    "metrics": {
        "active_clients": {
            "rate": 51.33615571183883,
            "count": 7961
        },
        "deactivate_clients_time": {
            "med": 96,
            "max": 984,
            "p(90)": 450,
            "p(95)": 569,
            "avg": 165.17120964702926,
            "min": 4,
            "thresholds": {
                "p(95)<10000": false
            }
        },
        "transaction_time": {
            "avg": 6794.411003642758,
            "min": 6023,
            "med": 6858,
            "max": 9102,
            "p(90)": 7540,
            "p(95)": 7783,
            "thresholds": {
                "p(95)<30000": false
            }
        },
        "http_req_duration": {
            "avg": 82.10105939968271,
            "min": 0.963848,
            "med": 26.9832875,
            "max": 1024.531925,
            "p(90)": 232.18952380000002,
            "p(95)": 328.1706677999994,
            "thresholds": {
                "p(95)<10000": false
            }
        },
        "attach_documents": {
            "count": 7961,
            "rate": 51.33615571183883
        },
        "pushpulls": {
            "count": 39805,
            "rate": 256.68077855919415
        },
        "iteration_duration": {
            "p(90)": 7539.917871,
            "p(95)": 7782.264607,
            "avg": 6794.446413603192,
            "min": 6023.171575,
            "med": 6858.087537,
            "max": 9101.945765
        },
        "active_clients_time": {
            "p(90)": 58,
            "p(95)": 89,
            "avg": 19.14834819746263,
            "min": 1,
            "med": 5,
            "max": 599,
            "thresholds": {
                "p(95)<500": false
            }
        },
        "vus": {
            "value": 1,
            "min": 1,
            "max": 500
        },
        "pushpulls_success_rate": {
            "passes": 39805,
            "fails": 0,
            "value": 1
        },
        "http_reqs": {
            "count": 63688,
            "rate": 410.6892456947106
        },
        "http_req_blocked": {
            "avg": 0.03915980553636643,
            "min": 0.001543,
            "med": 0.004057,
            "max": 142.580821,
            "p(90)": 0.00548,
            "p(95)": 0.00755634999999989
        },
        "data_sent": {
            "count": 59919701,
            "rate": 386389.53658369865
        },
        "pushpulls_time": {
            "p(95)": 286,
            "avg": 79.20987313151615,
            "min": 1,
            "med": 35,
            "max": 880,
            "p(90)": 218,
            "thresholds": {
                "p(95)<1000": false
            }
        },
        "http_req_connecting": {
            "p(95)": 0,
            "avg": 0.019606244959804054,
            "min": 0,
            "med": 0,
            "max": 105.872816,
            "p(90)": 0
        },
        "iterations": {
            "count": 7961,
            "rate": 51.33615571183883
        },
        "checks": {
            "passes": 127376,
            "fails": 0,
            "value": 1
        },
        "attach_documents_success_rate": {
            "passes": 7961,
            "fails": 0,
            "value": 1
        },
        "deactivate_clients": {
            "rate": 51.33615571183883,
            "count": 7961
        },
        "http_req_tls_handshaking": {
            "med": 0,
            "max": 0,
            "p(90)": 0,
            "p(95)": 0,
            "avg": 0,
            "min": 0
        },
        "vus_max": {
            "value": 500,
            "min": 500,
            "max": 500
        },
        "http_req_receiving": {
            "p(95)": 1.1954471999999794,
            "avg": 2.7062300909119363,
            "min": 0.016321,
            "med": 0.0520675,
            "max": 468.609466,
            "p(90)": 0.2991943000000003
        },
        "http_req_sending": {
            "med": 0.02138,
            "max": 418.652391,
            "p(90)": 0.07707600000000012,
            "p(95)": 0.2058364999999997,
            "avg": 0.4521829120556474,
            "min": 0.009909
        },
        "group_duration": {
            "min": 6023.158803,
            "med": 6858.028507,
            "max": 9101.928613,
            "p(90)": 7539.889036,
            "p(95)": 7781.460906,
            "avg": 6794.366251679544
        },
        "deactivate_clients_success_rate": {
            "fails": 0,
            "passes": 7961,
            "value": 1
        },
        "http_req_failed": {
            "passes": 0,
            "fails": 63688,
            "value": 0
        },
        "http_req_duration{expected_response:true}": {
            "p(90)": 232.18952380000002,
            "p(95)": 328.1706677999994,
            "avg": 82.10105939968271,
            "min": 0.963848,
            "med": 26.9832875,
            "max": 1024.531925
        },
        "http_req_waiting": {
            "min": 0.904775,
            "med": 26.1745915,
            "max": 937.664951,
            "p(90)": 221.89813690000003,
            "p(95)": 306.82627354999977,
            "avg": 78.94264639671653
        },
        "active_clients_success_rate": {
            "passes": 7961,
            "fails": 0,
            "value": 1
        },
        "attach_documents_time": {
            "p(90)": 390,
            "p(95)": 486,
            "avg": 141.14307247833187,
            "min": 3,
            "med": 82,
            "max": 1029,
            "thresholds": {
                "p(95)<10000": false
            }
        },
        "transaction_success_rate": {
            "passes": 7961,
            "fails": 0,
            "thresholds": {
                "rate>0.99": false
            },
            "value": 1
        },
        "data_received": {
            "count": 1129067198,
            "rate": 7280739.792194142
        }
    }
}