{
    "metrics": {
        "transaction_time": {
            "med": 6375,
            "max": 8114,
            "p(90)": 6968,
            "p(95)": 7167,
            "avg": 6428.549583828775,
            "min": 6013,
            "thresholds": {
                "p(95)<30000": false
            }
        },
        "vus_max": {
            "max": 500,
            "value": 500,
            "min": 500
        },
        "iterations": {
            "count": 8410,
            "rate": 54.2986970428041
        },
        "attach_documents": {
            "count": 8410,
            "rate": 54.2986970428041
        },
        "http_req_tls_handshaking": {
            "med": 0,
            "max": 0,
            "p(90)": 0,
            "p(95)": 0,
            "avg": 0,
            "min": 0
        },
        "attach_documents_time": {
            "avg": 89.40451843043995,
            "min": 2,
            "med": 15,
            "max": 748,
            "p(90)": 301,
            "p(95)": 400,
            "thresholds": {
                "p(95)<10000": false
            }
        },
        "attach_documents_success_rate": {
            "passes": 8410,
            "fails": 0,
            "value": 1
        },
        "http_req_duration": {
            "p(90)": 118.29206309999998,
            "p(95)": 186.297657,
            "avg": 39.11368197269634,
            "min": 0.189001,
            "med": 6.492627499999999,
            "max": 693.780268,
            "thresholds": {
                "p(95)<10000": false
            }
        },
        "active_clients_success_rate": {
            "passes": 8410,
            "fails": 0,
            "value": 1
        },
        "http_reqs": {
            "count": 67280,
            "rate": 434.3895763424328
        },
        "vus": {
            "value": 1,
            "min": 1,
            "max": 500
        },
        "group_duration": {
            "p(90)": 6967.9082878,
            "p(95)": 7166.66984135,
            "avg": 6428.436977102617,
            "min": 6013.159507,
            "med": 6374.756291,
            "max": 8114.382591
        },
        "http_req_connecting": {
            "avg": 0.008332251441736029,
            "min": 0,
            "med": 0,
            "max": 119.180251,
            "p(90)": 0,
            "p(95)": 0
        },
        "deactivate_clients": {
            "count": 8410,
            "rate": 54.2986970428041
        },
        "active_clients_time": {
            "p(95)": 104,
            "avg": 22.17526753864447,
            "min": 0,
            "med": 4,
            "max": 414,
            "p(90)": 70,
            "thresholds": {
                "p(95)<500": false
            }
        },
        "checks": {
            "passes": 134560,
            "fails": 0,
            "value": 1
        },
        "pushpulls": {
            "count": 42050,
            "rate": 271.4934852140205
        },
        "deactivate_clients_success_rate": {
            "fails": 0,
            "passes": 8410,
            "value": 1
        },
        "data_sent": {
            "rate": 408699.61667772126,
            "count": 63301036
        },
        "pushpulls_success_rate": {
            "passes": 42050,
            "fails": 0,
            "value": 1
        },
        "transaction_success_rate": {
            "passes": 8410,
            "fails": 0,
            "thresholds": {
                "rate>0.99": false
            },
            "value": 1
        },
        "http_req_receiving": {
            "avg": 2.424386521120682,
            "min": 0.014087,
            "med": 0.0522675,
            "max": 382.081843,
            "p(90)": 0.22137699999999993,
            "p(95)": 0.6996101499999985
        },
        "http_req_blocked": {
            "avg": 0.02209167590665959,
            "min": 0.001522,
            "med": 0.003947,
            "max": 119.251074,
            "p(90)": 0.00544,
            "p(95)": 0.007554
        },
        "http_req_duration{expected_response:true}": {
            "avg": 39.11368197269634,
            "min": 0.189001,
            "med": 6.492627499999999,
            "max": 693.780268,
            "p(90)": 118.29206309999998,
            "p(95)": 186.297657
        },
        "iteration_duration": {
            "max": 8114.408109,
            "p(90)": 6967.9425576,
            "p(95)": 7167.0066341,
            "avg": 6428.60722855384,
            "min": 6013.210432,
            "med": 6374.787745
        },
        "http_req_sending": {
            "avg": 0.47706498782699536,
            "min": 0.010459,
            "med": 0.021551,
            "max": 408.165915,
            "p(90)": 0.052107099999999996,
            "p(95)": 0.17215254999999977
        },
        "data_received": {
            "count": 1188252130,
            "rate": 7671883.759493065
        },
        "http_req_waiting": {
            "avg": 36.212230463748675,
            "min": 0.136246,
            "med": 6.2415905,
            "max": 693.615982,
            "p(90)": 109.32042749999998,
            "p(95)": 165.34071095
        },
        "pushpulls_time": {
            "avg": 46.575838287752674,
            "min": 1,
            "med": 12,
            "max": 730,
            "p(90)": 135,
            "p(95)": 201,
            "thresholds": {
                "p(95)<1000": false
            }
        },
        "deactivate_clients_time": {
            "p(90)": 63,
            "p(95)": 100,
            "avg": 21.363139120095124,
            "min": 0,
            "med": 2,
            "max": 610,
            "thresholds": {
                "p(95)<10000": false
            }
        },
        "http_req_failed": {
            "passes": 0,
            "fails": 67280,
            "value": 0
        },
        "active_clients": {
            "count": 8410,
            "rate": 54.2986970428041
        }
    },
    "root_group": {
        "name": "",
        "path": "",
        "id": "d41d8cd98f00b204e9800998ecf8427e",
        "groups": {
            "Presence": {
                "name": "Presence",
                "path": "::Presence",
                "id": "63ab1748852475484c3afb7dae46dbde",
                "groups": {},
                "checks": {
                        "status is 200": {
                            "name": "status is 200",
                            "path": "::Presence::status is 200",
                            "id": "2bdfe827d978801584a6dde561f63b7d",
                            "passes": 67280,
                            "fails": 0
                        },
                        "response has valid body": {
                            "name": "response has valid body",
                            "path": "::Presence::response has valid body",
                            "id": "2cb1a85a5851b9e28736f532526a5909",
                            "passes": 67280,
                            "fails": 0
                        }
                    }
            }
        },
        "checks": {}
    }
}