{
    "root_group": {
        "name": "",
        "path": "",
        "id": "d41d8cd98f00b204e9800998ecf8427e",
        "groups": {
            "Presence": {
                "name": "Presence",
                "path": "::Presence",
                "id": "63ab1748852475484c3afb7dae46dbde",
                "groups": {},
                "checks": {
                        "status is 200": {
                            "name": "status is 200",
                            "path": "::Presence::status is 200",
                            "id": "2bdfe827d978801584a6dde561f63b7d",
                            "passes": 63496,
                            "fails": 0
                        },
                        "response has valid body": {
                            "name": "response has valid body",
                            "path": "::Presence::response has valid body",
                            "id": "2cb1a85a5851b9e28736f532526a5909",
                            "passes": 63496,
                            "fails": 0
                        }
                    }
            }
        },
        "checks": {}
    },
    "metrics": {
        "data_received": {
            "count": 1131376753,
            "rate": 7252708.289268719
        },
        "http_req_connecting": {
            "p(95)": 0,
            "avg": 0.016896121566712857,
            "min": 0,
            "med": 0,
            "max": 176.841948,
            "p(90)": 0
        },
        "iteration_duration": {
            "avg": 6808.8419758889995,
            "min": 6019.159189,
            "med": 6850.188426,
            "max": 9387.87897,
            "p(90)": 7575.4576,
            "p(95)": 7806.0915502
        },
        "pushpulls": {
            "count": 39685,
            "rate": 254.4013103472607
        },
        "http_req_blocked": {
            "max": 176.916708,
            "p(90)": 0.007103,
            "p(95)": 0.009247,
            "avg": 0.034042508772207554,
            "min": 0.001714,
            "med": 0.004649
        },
        "http_req_duration": {
            "min": 0.198191,
            "med": 20.477978,
            "max": 1137.528947,
            "p(90)": 243.840844,
            "p(95)": 341.78332875,
            "avg": 82.80000575738592,
            "thresholds": {
                "p(95)<10000": false
            }
        },
        "transaction_success_rate": {
            "passes": 7937,
            "fails": 0,
            "thresholds": {
                "rate>0.99": false
            },
            "value": 1
        },
        "deactivate_clients": {
            "count": 7937,
            "rate": 50.88026206945214
        },
        "pushpulls_success_rate": {
            "passes": 39685,
            "fails": 0,
            "value": 1
        },
        "http_req_duration{expected_response:true}": {
            "p(90)": 243.840844,
            "p(95)": 341.78332875,
            "avg": 82.80000575738592,
            "min": 0.198191,
            "med": 20.477978,
            "max": 1137.528947
        },
        "http_req_tls_handshaking": {
            "avg": 0,
            "min": 0,
            "med": 0,
            "max": 0,
            "p(90)": 0,
            "p(95)": 0
        },
        "attach_documents_success_rate": {
            "passes": 7937,
            "fails": 0,
            "value": 1
        },
        "group_duration": {
            "avg": 6808.756720728354,
            "min": 6019.076814,
            "med": 6850.144334,
            "max": 9387.856529,
            "p(90)": 7575.4217944,
            "p(95)": 7806.062618
        },
        "http_reqs": {
            "count": 63496,
            "rate": 407.0420965556171
        },
        "transaction_time": {
            "p(90)": 7575.400000000001,
            "p(95)": 7806.2,
            "avg": 6808.797530553105,
            "min": 6019,
            "med": 6850,
            "max": 9388,
            "thresholds": {
                "p(95)<30000": false
            }
        },
        "vus": {
            "value": 1,
            "min": 1,
            "max": 500
        },
        "http_req_failed": {
            "passes": 0,
            "fails": 63496,
            "value": 0
        },
        "http_req_sending": {
            "min": 0.010129,
            "med": 0.025388,
            "max": 591.736378,
            "p(90)": 0.0810875,
            "p(95)": 0.2335105,
            "avg": 0.6741326272836106
        },
        "http_req_receiving": {
            "med": 0.05864,
            "max": 589.871498,
            "p(90)": 0.3828635,
            "p(95)": 2.69976525,
            "avg": 4.737909714769414,
            "min": 0.015249
        },
        "attach_documents": {
            "count": 7937,
            "rate": 50.88026206945214
        },
        "active_clients_time": {
            "avg": 29.04472722691193,
            "min": 1,
            "med": 9,
            "max": 747,
            "p(90)": 82,
            "p(95)": 117,
            "thresholds": {
                "p(95)<500": false
            }
        },
        "deactivate_clients_time": {
            "p(95)": 124,
            "avg": 25.629582965856116,
            "min": 0,
            "med": 4,
            "max": 723,
            "p(90)": 75,
            "thresholds": {
                "p(95)<10000": false
            }
        },
        "attach_documents_time": {
            "med": 122,
            "max": 1139,
            "p(90)": 612,
            "p(95)": 730,
            "avg": 222.86644828020664,
            "min": 3,
            "thresholds": {
                "p(95)<10000": false
            }
        },
        "checks": {
            "passes": 126992,
            "fails": 0,
            "value": 1
        },
        "vus_max": {
            "value": 500,
            "min": 500,
            "max": 500
        },
        "deactivate_clients_success_rate": {
            "passes": 7937,
            "fails": 0,
            "value": 1
        },
        "pushpulls_time": {
            "p(90)": 255,
            "p(95)": 327,
            "avg": 91.07604888496913,
            "min": 1,
            "med": 39,
            "max": 971,
            "thresholds": {
                "p(95)<1000": false
            }
        },
        "http_req_waiting": {
            "max": 1137.31207,
            "p(90)": 225.1376425,
            "p(95)": 313.57430575,
            "avg": 77.38796341533296,
            "min": 0.146185,
            "med": 19.7037755
        },
        "data_sent": {
            "count": 59739012,
            "rate": 382957.86648987606
        },
        "active_clients": {
            "count": 7937,
            "rate": 50.88026206945214
        },
        "active_clients_success_rate": {
            "passes": 7937,
            "fails": 0,
            "value": 1
        },
        "iterations": {
            "count": 7937,
            "rate": 50.88026206945214
        }
    }
}