{
    "metrics": {
        "attach_documents": {
            "count": 8381,
            "rate": 54.206663691277576
        },
        "active_clients_time": {
            "med": 5,
            "max": 338,
            "p(90)": 72,
            "p(95)": 110,
            "avg": 23.112039136141274,
            "min": 0,
            "thresholds": {
                "p(95)<500": false
            }
        },
        "transaction_time": {
            "avg": 6450.930676530247,
            "min": 6013,
            "med": 6411,
            "max": 8382,
            "p(90)": 6985,
            "p(95)": 7176,
            "thresholds": {
                "p(95)<30000": false
            }
        },
        "http_req_connecting": {
            "min": 0,
            "med": 0,
            "max": 64.472,
            "p(90)": 0,
            "p(95)": 0,
            "avg": 0.008753387960863857
        },
        "data_sent": {
            "count": 63082423,
            "rate": 408004.73551985604
        },
        "http_req_waiting": {
            "avg": 38.56429513457545,
            "min": 0.144162,
            "med": 7.8056045,
            "max": 790.866807,
            "p(90)": 114.68667690000012,
            "p(95)": 172.31971964999988
        },
        "active_clients_success_rate": {
            "passes": 8381,
            "fails": 0,
            "value": 1
        },
        "iterations": {
            "count": 8381,
            "rate": 54.206663691277576
        },
        "data_received": {
            "count": 1213742458,
            "rate": 7850248.088370195
        },
        "vus": {
            "value": 8,
            "min": 8,
            "max": 500
        },
        "deactivate_clients_time": {
            "avg": 22.299367617229446,
            "min": 0,
            "med": 3,
            "max": 508,
            "p(90)": 69,
            "p(95)": 118,
            "thresholds": {
                "p(95)<10000": false
            }
        },
        "active_clients": {
            "count": 8381,
            "rate": 54.206663691277576
        },
        "deactivate_clients_success_rate": {
            "fails": 0,
            "passes": 8381,
            "value": 1
        },
        "http_req_receiving": {
            "p(95)": 0.995835149999998,
            "avg": 2.2882892206330023,
            "min": 0.013836,
            "med": 0.0554145,
            "max": 407.716979,
            "p(90)": 0.2740960000000001
        },
        "http_req_sending": {
            "avg": 0.506470124671882,
            "min": 0.0105,
            "med": 0.022021,
            "max": 448.781822,
            "p(90)": 0.06709400000000017,
            "p(95)": 0.18978514999999996
        },
        "pushpulls_time": {
            "p(95)": 187,
            "avg": 45.06817802171579,
            "min": 1,
            "med": 15,
            "max": 879,
            "p(90)": 130,
            "thresholds": {
                "p(95)<1000": false
            }
        },
        "attach_documents_time": {
            "avg": 99.65648490633576,
            "min": 2,
            "med": 22,
            "max": 961,
            "p(90)": 302,
            "p(95)": 410,
            "thresholds": {
                "p(95)<10000": false
            }
        },
        "http_req_blocked": {
            "avg": 0.023031132397686366,
            "min": 0.001463,
            "med": 0.003957,
            "max": 158.570917,
            "p(90)": 0.0054,
            "p(95)": 0.007424
        },
        "http_req_tls_handshaking": {
            "p(95)": 0,
            "avg": 0,
            "min": 0,
            "med": 0,
            "max": 0,
            "p(90)": 0
        },
        "iteration_duration": {
            "min": 6013.032445,
            "med": 6410.795939,
            "max": 8381.911931,
            "p(90)": 6985.581734,
            "p(95)": 7176.375522,
            "avg": 6450.967161597071
        },
        "deactivate_clients": {
            "count": 8381,
            "rate": 54.206663691277576
        },
        "transaction_success_rate": {
            "passes": 8381,
            "fails": 0,
            "thresholds": {
                "rate>0.99": false
            },
            "value": 1
        },
        "attach_documents_success_rate": {
            "passes": 8381,
            "fails": 0,
            "value": 1
        },
        "http_req_duration{expected_response:true}": {
            "med": 8.150211,
            "max": 959.583728,
            "p(90)": 124.05569280000002,
            "p(95)": 189.12464169999996,
            "avg": 41.35905447988031,
            "min": 0.1959
        },
        "vus_max": {
            "min": 500,
            "max": 500,
            "value": 500
        },
        "pushpulls_success_rate": {
            "fails": 0,
            "passes": 41905,
            "value": 1
        },
        "group_duration": {
            "avg": 6450.8786110386745,
            "min": 6012.996346,
            "med": 6410.77548,
            "max": 8381.889439,
            "p(90)": 6985.565774,
            "p(95)": 7176.351447
        },
        "http_reqs": {
            "rate": 433.6533095302206,
            "count": 67048
        },
        "http_req_duration": {
            "p(90)": 124.05569280000002,
            "p(95)": 189.12464169999996,
            "avg": 41.35905447988031,
            "min": 0.1959,
            "med": 8.150211,
            "max": 959.583728,
            "thresholds": {
                "p(95)<10000": false
            }
        },
        "pushpulls": {
            "rate": 271.0333184563879,
            "count": 41905
        },
        "checks": {
            "passes": 134096,
            "fails": 0,
            "value": 1
        },
        "http_req_failed": {
            "passes": 0,
            "fails": 67048,
            "value": 0
        }
    },
    "root_group": {
        "id": "d41d8cd98f00b204e9800998ecf8427e",
        "groups": {
            "Presence": {
                "name": "Presence",
                "path": "::Presence",
                "id": "63ab1748852475484c3afb7dae46dbde",
                "groups": {},
                "checks": {
                        "status is 200": {
                            "name": "status is 200",
                            "path": "::Presence::status is 200",
                            "id": "2bdfe827d978801584a6dde561f63b7d",
                            "passes": 67048,
                            "fails": 0
                        },
                        "response has valid body": {
                            "fails": 0,
                            "name": "response has valid body",
                            "path": "::Presence::response has valid body",
                            "id": "2cb1a85a5851b9e28736f532526a5909",
                            "passes": 67048
                        }
                    }
            }
        },
        "checks": {},
        "name": "",
        "path": ""
    }
}