{
    "metrics": {
        "http_req_duration{expected_response:true}": {
            "min": 0.174203,
            "med": 6.918680999999999,
            "max": 749.601371,
            "p(90)": 124.6563645,
            "p(95)": 188.28807625000002,
            "avg": 41.196899341381794
        },
        "data_sent": {
            "count": 63165372,
            "rate": 409163.11933747743
        },
        "pushpulls": {
            "rate": 271.80215905956436,
            "count": 41960
        },
        "http_req_tls_handshaking": {
            "min": 0,
            "med": 0,
            "max": 0,
            "p(90)": 0,
            "p(95)": 0,
            "avg": 0
        },
        "pushpulls_time": {
            "avg": 45.52476167778837,
            "min": 1,
            "med": 13,
            "max": 725,
            "p(90)": 132,
            "p(95)": 188,
            "thresholds": {
                "p(95)<1000": false
            }
        },
        "active_clients_success_rate": {
            "passes": 8392,
            "fails": 0,
            "value": 1
        },
        "http_req_receiving": {
            "p(90)": 0.25514950000000003,
            "p(95)": 1.09395375,
            "avg": 2.7196779523653842,
            "min": 0.014767,
            "med": 0.054862,
            "max": 416.297771
        },
        "pushpulls_success_rate": {
            "passes": 41960,
            "fails": 0,
            "value": 1
        },
        "vus": {
            "value": 4,
            "min": 4,
            "max": 500
        },
        "transaction_time": {
            "p(90)": 6968,
            "p(95)": 7145,
            "avg": 6452.364513822688,
            "min": 6013,
            "med": 6418,
            "max": 8095,
            "thresholds": {
                "p(95)<30000": false
            }
        },
        "http_req_waiting": {
            "avg": 37.95731236405231,
            "min": 0.135812,
            "med": 6.634824,
            "max": 705.803761,
            "p(90)": 114.3706995,
            "p(95)": 169.63408275
        },
        "deactivate_clients": {
            "count": 8392,
            "rate": 54.36043181191287
        },
        "http_req_connecting": {
            "avg": 0.02173582556303622,
            "min": 0,
            "med": 0,
            "max": 278.110497,
            "p(90)": 0,
            "p(95)": 0
        },
        "http_req_failed": {
            "passes": 0,
            "fails": 67136,
            "value": 0
        },
        "attach_documents_time": {
            "min": 2,
            "med": 18,
            "max": 751,
            "p(90)": 298,
            "p(95)": 374,
            "avg": 91.61308388941849,
            "thresholds": {
                "p(95)<10000": false
            }
        },
        "http_reqs": {
            "count": 67136,
            "rate": 434.88345449530294
        },
        "http_req_blocked": {
            "max": 278.254346,
            "p(90)": 0.005571,
            "p(95)": 0.007715,
            "avg": 0.03358842144304262,
            "min": 0.001512,
            "med": 0.004008
        },
        "iterations": {
            "count": 8392,
            "rate": 54.36043181191287
        },
        "group_duration": {
            "p(90)": 6968.5750027,
            "p(95)": 7144.5786577,
            "avg": 6452.343330565874,
            "min": 6012.808498,
            "med": 6418.1397130000005,
            "max": 8095.329549
        },
        "attach_documents": {
            "count": 8392,
            "rate": 54.36043181191287
        },
        "transaction_success_rate": {
            "passes": 8392,
            "fails": 0,
            "thresholds": {
                "rate>0.99": false
            },
            "value": 1
        },
        "deactivate_clients_time": {
            "min": 0,
            "med": 2,
            "max": 454,
            "p(90)": 75,
            "p(95)": 117,
            "avg": 23.697092469018113,
            "thresholds": {
                "p(95)<10000": false
            }
        },
        "http_req_duration": {
            "p(90)": 124.6563645,
            "p(95)": 188.28807625000002,
            "avg": 41.196899341381794,
            "min": 0.174203,
            "med": 6.918680999999999,
            "max": 749.601371,
            "thresholds": {
                "p(95)<10000": false
            }
        },
        "attach_documents_success_rate": {
            "passes": 8392,
            "fails": 0,
            "value": 1
        },
        "active_clients": {
            "rate": 54.36043181191287,
            "count": 8392
        },
        "deactivate_clients_success_rate": {
            "passes": 8392,
            "fails": 0,
            "value": 1
        },
        "vus_max": {
            "value": 500,
            "min": 500,
            "max": 500
        },
        "checks": {
            "passes": 134272,
            "fails": 0,
            "value": 1
        },
        "data_received": {
            "count": 1184776322,
            "rate": 7674565.355630353
        },
        "active_clients_time": {
            "avg": 24.48772640610105,
            "min": 0,
            "med": 4,
            "max": 443,
            "p(90)": 78,
            "p(95)": 111,
            "thresholds": {
                "p(95)<500": false
            }
        },
        "http_req_sending": {
            "p(95)": 0.1900455,
            "avg": 0.5199090249642461,
            "min": 0.01067,
            "med": 0.023233,
            "max": 361.942005,
            "p(90)": 0.06530949999999999
        },
        "iteration_duration": {
            "avg": 6452.39739348511,
            "min": 6012.86839,
            "med": 6418.166428,
            "max": 8095.360005,
            "p(90)": 6968.5990786,
            "p(95)": 7144.59845335
        }
    },
    "root_group": {
        "name": "",
        "path": "",
        "id": "d41d8cd98f00b204e9800998ecf8427e",
        "groups": {
            "Presence": {
                "checks": {
                    "status is 200": {
                        "path": "::Presence::status is 200",
                        "id": "2bdfe827d978801584a6dde561f63b7d",
                        "passes": 67136,
                        "fails": 0,
                        "name": "status is 200"
                    },
                    "response has valid body": {
                        "name": "response has valid body",
                        "path": "::Presence::response has valid body",
                        "id": "2cb1a85a5851b9e28736f532526a5909",
                        "passes": 67136,
                        "fails": 0
                    }
                },
                "name": "Presence",
                "path": "::Presence",
                "id": "63ab1748852475484c3afb7dae46dbde",
                "groups": {}
            }
        },
        "checks": {}
    }
}