{
    "metrics": {
        "deactivate_clients_time": {
            "avg": 20.5157470703125,
            "min": 0,
            "med": 3,
            "max": 777,
            "p(90)": 57,
            "p(95)": 97,
            "thresholds": {
                "p(95)<10000": false
            }
        },
        "deactivate_clients": {
            "count": 8192,
            "rate": 52.72051630583421
        },
        "http_req_tls_handshaking": {
            "avg": 0,
            "min": 0,
            "med": 0,
            "max": 0,
            "p(90)": 0,
            "p(95)": 0
        },
        "http_req_connecting": {
            "avg": 0.01295942082214356,
            "min": 0,
            "med": 0,
            "max": 110.400725,
            "p(90)": 0,
            "p(95)": 0
        },
        "transaction_success_rate": {
            "fails": 0,
            "passes": 8192,
            "thresholds": {
                "rate>0.99": false
            },
            "value": 1
        },
        "http_req_waiting": {
            "avg": 56.735290616638885,
            "min": 0.128661,
            "med": 16.714081999999998,
            "max": 1027.701315,
            "p(90)": 156.46093150000002,
            "p(95)": 226.056423
        },
        "attach_documents": {
            "count": 8192,
            "rate": 52.72051630583421
        },
        "iteration_duration": {
            "med": 6618.449354,
            "max": 8374.326381,
            "p(90)": 7214.4330148,
            "p(95)": 7391.59756215,
            "avg": 6607.6533643607345,
            "min": 6017.921754
        },
        "attach_documents_success_rate": {
            "passes": 8192,
            "fails": 0,
            "value": 1
        },
        "group_duration": {
            "avg": 6607.555047120218,
            "min": 6017.895776,
            "med": 6618.419874499999,
            "max": 8374.300273,
            "p(90)": 7213.656262700001,
            "p(95)": 7391.5725217
        },
        "http_req_sending": {
            "min": 0.008787,
            "med": 0.021831,
            "max": 394.923107,
            "p(90)": 0.0698655,
            "p(95)": 0.2024055,
            "avg": 0.4736458241271957
        },
        "checks": {
            "passes": 131072,
            "fails": 0,
            "value": 1
        },
        "active_clients": {
            "count": 8192,
            "rate": 52.72051630583421
        },
        "http_reqs": {
            "count": 65536,
            "rate": 421.7641304466737
        },
        "pushpulls_success_rate": {
            "passes": 40960,
            "fails": 0,
            "value": 1
        },
        "active_clients_time": {
            "min": 1,
            "med": 8,
            "max": 391,
            "p(90)": 73,
            "p(95)": 100,
            "avg": 24.828857421875,
            "thresholds": {
                "p(95)<500": false
            }
        },
        "pushpulls_time": {
            "max": 842,
            "p(90)": 173,
            "p(95)": 239,
            "avg": 65.9129638671875,
            "min": 1,
            "med": 31,
            "thresholds": {
                "p(95)<1000": false
            }
        },
        "http_req_receiving": {
            "avg": 2.901587887451169,
            "min": 0.014206,
            "med": 0.053294499999999995,
            "max": 459.364365,
            "p(90)": 0.297906,
            "p(95)": 1.24988475
        },
        "deactivate_clients_success_rate": {
            "passes": 8192,
            "fails": 0,
            "value": 1
        },
        "data_sent": {
            "count": 61659250,
            "rate": 396814.8797644663
        },
        "transaction_time": {
            "avg": 6607.5994873046875,
            "min": 6018,
            "med": 6618,
            "max": 8374,
            "p(90)": 7213.900000000001,
            "p(95)": 7391.45,
            "thresholds": {
                "p(95)<30000": false
            }
        },
        "active_clients_success_rate": {
            "passes": 8192,
            "fails": 0,
            "value": 1
        },
        "vus_max": {
            "value": 500,
            "min": 500,
            "max": 500
        },
        "iterations": {
            "count": 8192,
            "rate": 52.72051630583421
        },
        "attach_documents_time": {
            "avg": 165.3603515625,
            "min": 3,
            "med": 97,
            "max": 1029,
            "p(90)": 447,
            "p(95)": 560,
            "thresholds": {
                "p(95)<10000": false
            }
        },
        "http_req_failed": {
            "passes": 0,
            "fails": 65536,
            "value": 0
        },
        "pushpulls": {
            "count": 40960,
            "rate": 263.60258152917106
        },
        "http_req_duration": {
            "max": 1027.804607,
            "p(90)": 167.0045565,
            "p(95)": 248.444044,
            "avg": 60.11052432821655,
            "min": 0.168946,
            "med": 17.3265925,
            "thresholds": {
                "p(95)<10000": false
            }
        },
        "http_req_duration{expected_response:true}": {
            "max": 1027.804607,
            "p(90)": 167.0045565,
            "p(95)": 248.444044,
            "avg": 60.11052432821655,
            "min": 0.168946,
            "med": 17.3265925
        },
        "data_received": {
            "count": 1184575334,
            "rate": 7623464.74751416
        },
        "vus": {
            "value": 5,
            "min": 5,
            "max": 500
        },
        "http_req_blocked": {
            "min": 0.001562,
            "med": 0.004218,
            "max": 110.44056,
            "p(90)": 0.005791,
            "p(95)": 0.007494,
            "avg": 0.026256356369020135
        }
    },
    "root_group": {
        "checks": {},
        "name": "",
        "path": "",
        "id": "d41d8cd98f00b204e9800998ecf8427e",
        "groups": {
                "Presence": {
                    "name": "Presence",
                    "path": "::Presence",
                    "id": "63ab1748852475484c3afb7dae46dbde",
                    "groups": {},
                    "checks": {
                            "status is 200": {
                                "name": "status is 200",
                                "path": "::Presence::status is 200",
                                "id": "2bdfe827d978801584a6dde561f63b7d",
                                "passes": 65536,
                                "fails": 0
                            },
                            "response has valid body": {
                                "path": "::Presence::response has valid body",
                                "id": "2cb1a85a5851b9e28736f532526a5909",
                                "passes": 65536,
                                "fails": 0,
                                "name": "response has valid body"
                            }
                        }
                }
            }
    }
}