{
    "metrics": {
        "pushpulls_success_rate": {
            "passes": 40085,
            "fails": 0,
            "value": 1
        },
        "transaction_success_rate": {
            "passes": 8017,
            "fails": 0,
            "thresholds": {
                "rate>0.99": false
            },
            "value": 1
        },
        "active_clients_time": {
            "avg": 18.107895721591618,
            "min": 1,
            "med": 5,
            "max": 467,
            "p(90)": 51,
            "p(95)": 86,
            "thresholds": {
                "p(95)<500": false
            }
        },
        "deactivate_clients": {
            "rate": 51.64515690315038,
            "count": 8017
        },
        "vus": {
            "value": 3,
            "min": 3,
            "max": 500
        },
        "vus_max": {
            "value": 500,
            "min": 500,
            "max": 500
        },
        "active_clients": {
            "count": 8017,
            "rate": 51.64515690315038
        },
        "http_req_sending": {
            "med": 0.021259,
            "max": 512.459554,
            "p(90)": 0.083476,
            "p(95)": 0.21475625,
            "avg": 0.6065821028907381,
            "min": 0.0106
        },
        "http_req_receiving": {
            "med": 0.052198,
            "max": 448.164693,
            "p(90)": 0.30402450000000003,
            "p(95)": 1.21492775,
            "avg": 2.616232559498566,
            "min": 0.015279
        },
        "http_req_waiting": {
            "p(95)": 283.22309575,
            "avg": 71.67741632778764,
            "min": 0.858933,
            "med": 24.7673545,
            "max": 862.145255,
            "p(90)": 205.876347
        },
        "active_clients_success_rate": {
            "passes": 8017,
            "fails": 0,
            "value": 1
        },
        "data_received": {
            "count": 1130093223,
            "rate": 7280010.205441176
        },
        "checks": {
            "fails": 0,
            "passes": 128272,
            "value": 1
        },
        "iteration_duration": {
            "avg": 6734.774008210287,
            "min": 6023.249678,
            "med": 6789.544316,
            "max": 8994.356276,
            "p(90)": 7396.9452329999995,
            "p(95)": 7622.952487
        },
        "transaction_time": {
            "med": 6790,
            "max": 8994,
            "p(90)": 7397,
            "p(95)": 7622.2,
            "avg": 6734.745415991019,
            "min": 6023,
            "thresholds": {
                "p(95)<30000": false
            }
        },
        "iterations": {
            "count": 8017,
            "rate": 51.64515690315038
        },
        "http_reqs": {
            "count": 64136,
            "rate": 413.16125522520304
        },
        "http_req_duration{expected_response:true}": {
            "p(95)": 292.755128,
            "avg": 74.90023099017674,
            "min": 0.912023,
            "med": 25.5310105,
            "max": 898.045234,
            "p(90)": 217.0066985
        },
        "http_req_blocked": {
            "avg": 0.05417815909941537,
            "min": 0.001443,
            "med": 0.004087,
            "max": 182.187972,
            "p(90)": 0.005461,
            "p(95)": 0.007594
        },
        "group_duration": {
            "avg": 6734.712604339791,
            "min": 6023.225953,
            "med": 6789.359738,
            "max": 8994.304629,
            "p(90)": 7396.9268845999995,
            "p(95)": 7622.530514
        },
        "attach_documents_success_rate": {
            "fails": 0,
            "passes": 8017,
            "value": 1
        },
        "data_sent": {
            "count": 60341634,
            "rate": 388718.1184635741
        },
        "http_req_failed": {
            "passes": 0,
            "fails": 64136,
            "value": 0
        },
        "http_req_duration": {
            "med": 25.5310105,
            "max": 898.045234,
            "p(90)": 217.0066985,
            "p(95)": 292.755128,
            "avg": 74.90023099017674,
            "min": 0.912023,
            "thresholds": {
                "p(95)<10000": false
            }
        },
        "pushpulls_time": {
            "med": 31,
            "max": 897,
            "p(90)": 183,
            "p(95)": 250,
            "avg": 67.76327803417738,
            "min": 1,
            "thresholds": {
                "p(95)<1000": false
            }
        },
        "http_req_connecting": {
            "p(90)": 0,
            "p(95)": 0,
            "avg": 0.03617805224834727,
            "min": 0,
            "med": 0,
            "max": 181.933406
        },
        "deactivate_clients_success_rate": {
            "passes": 8017,
            "fails": 0,
            "value": 1
        },
        "pushpulls": {
            "rate": 258.2257845157519,
            "count": 40085
        },
        "http_req_tls_handshaking": {
            "p(90)": 0,
            "p(95)": 0,
            "avg": 0,
            "min": 0,
            "med": 0,
            "max": 0
        },
        "attach_documents_time": {
            "avg": 137.24086316577274,
            "min": 3,
            "med": 112,
            "max": 890,
            "p(90)": 304,
            "p(95)": 397,
            "thresholds": {
                "p(95)<10000": false
            }
        },
        "deactivate_clients_time": {
            "p(95)": 501,
            "avg": 165.12860172134214,
            "min": 4,
            "med": 128,
            "max": 898,
            "p(90)": 385,
            "thresholds": {
                "p(95)<10000": false
            }
        },
        "attach_documents": {
            "count": 8017,
            "rate": 51.64515690315038
        }
    },
    "root_group": {
        "name": "",
        "path": "",
        "id": "d41d8cd98f00b204e9800998ecf8427e",
        "groups": {
            "Presence": {
                "groups": {},
                "checks": {
                        "status is 200": {
                            "fails": 0,
                            "name": "status is 200",
                            "path": "::Presence::status is 200",
                            "id": "2bdfe827d978801584a6dde561f63b7d",
                            "passes": 64136
                        },
                        "response has valid body": {
                            "name": "response has valid body",
                            "path": "::Presence::response has valid body",
                            "id": "2cb1a85a5851b9e28736f532526a5909",
                            "passes": 64136,
                            "fails": 0
                        }
                    },
                "name": "Presence",
                "path": "::Presence",
                "id": "63ab1748852475484c3afb7dae46dbde"
            }
        },
        "checks": {}
    }
}