{
    "metrics": {
        "active_clients": {
            "rate": 51.3405179735804,
            "count": 7995
        },
        "vus": {
            "value": 2,
            "min": 2,
            "max": 500
        },
        "group_duration": {
            "min": 6023.104573,
            "med": 6805.138124,
            "max": 9350.389393,
            "p(90)": 7488.8809732,
            "p(95)": 7717.9613043,
            "avg": 6762.13836568779
        },
        "transaction_success_rate": {
            "passes": 7995,
            "fails": 0,
            "thresholds": {
                "rate>0.99": false
            },
            "value": 1
        },
        "pushpulls_success_rate": {
            "passes": 39975,
            "fails": 0,
            "value": 1
        },
        "http_req_duration": {
            "avg": 77.50975009859279,
            "min": 0.955868,
            "med": 24.2271535,
            "max": 1142.735779,
            "p(90)": 221.64575209999995,
            "p(95)": 302.9318493999994,
            "thresholds": {
                "p(95)<10000": false
            }
        },
        "data_received": {
            "count": 1134123604,
            "rate": 7282863.44908365
        },
        "attach_documents_time": {
            "max": 1075,
            "p(90)": 296,
            "p(95)": 407,
            "avg": 123.84377736085054,
            "min": 3,
            "med": 86,
            "thresholds": {
                "p(95)<10000": false
            }
        },
        "http_req_tls_handshaking": {
            "avg": 0,
            "min": 0,
            "med": 0,
            "max": 0,
            "p(90)": 0,
            "p(95)": 0
        },
        "http_req_blocked": {
            "p(95)": 0.007294449999999961,
            "avg": 0.032133825437774995,
            "min": 0.001542,
            "med": 0.004098,
            "max": 116.435038,
            "p(90)": 0.00553
        },
        "http_req_failed": {
            "passes": 0,
            "fails": 63960,
            "value": 0
        },
        "http_req_duration{expected_response:true}": {
            "avg": 77.50975009859279,
            "min": 0.955868,
            "med": 24.2271535,
            "max": 1142.735779,
            "p(90)": 221.64575209999995,
            "p(95)": 302.9318493999994
        },
        "http_req_receiving": {
            "med": 0.0518425,
            "max": 579.886528,
            "p(90)": 0.2986879999999999,
            "p(95)": 1.270875149999991,
            "avg": 3.4603512945121904,
            "min": 0.014197
        },
        "vus_max": {
            "value": 500,
            "min": 500,
            "max": 500
        },
        "http_req_connecting": {
            "p(90)": 0,
            "p(95)": 0,
            "avg": 0.015303910944340212,
            "min": 0,
            "med": 0,
            "max": 73.725529
        },
        "http_req_waiting": {
            "med": 23.408952,
            "max": 1142.628248,
            "p(90)": 209.04703369999993,
            "p(95)": 285.80613664999976,
            "avg": 73.55039691322804,
            "min": 0.905103
        },
        "http_req_sending": {
            "avg": 0.49900189085365987,
            "min": 0.009738,
            "med": 0.021841,
            "max": 463.248365,
            "p(90)": 0.06998299999999998,
            "p(95)": 0.19866825
        },
        "transaction_time": {
            "avg": 6762.238774233896,
            "min": 6023,
            "med": 6805,
            "max": 9351,
            "p(90)": 7489,
            "p(95)": 7718,
            "thresholds": {
                "p(95)<30000": false
            }
        },
        "deactivate_clients_time": {
            "avg": 157.35597248280175,
            "min": 4,
            "med": 101,
            "max": 1143,
            "p(90)": 405,
            "p(95)": 510,
            "thresholds": {
                "p(95)<10000": false
            }
        },
        "active_clients_success_rate": {
            "passes": 7995,
            "fails": 0,
            "value": 1
        },
        "iterations": {
            "count": 7995,
            "rate": 51.3405179735804
        },
        "data_sent": {
            "count": 60175701,
            "rate": 386422.9717027267
        },
        "http_reqs": {
            "count": 63960,
            "rate": 410.7241437886432
        },
        "deactivate_clients": {
            "count": 7995,
            "rate": 51.3405179735804
        },
        "deactivate_clients_success_rate": {
            "passes": 7995,
            "fails": 0,
            "value": 1
        },
        "checks": {
            "passes": 127920,
            "fails": 0,
            "value": 1
        },
        "pushpulls": {
            "count": 39975,
            "rate": 256.70258986790196
        },
        "attach_documents_success_rate": {
            "passes": 7995,
            "fails": 0,
            "value": 1
        },
        "active_clients_time": {
            "min": 1,
            "med": 5,
            "max": 554,
            "p(90)": 51,
            "p(95)": 83,
            "avg": 17.177861163227018,
            "thresholds": {
                "p(95)<500": false
            }
        },
        "pushpulls_time": {
            "max": 966,
            "p(90)": 212,
            "p(95)": 290,
            "avg": 77.04367729831145,
            "min": 1,
            "med": 33,
            "thresholds": {
                "p(95)<1000": false
            }
        },
        "attach_documents": {
            "count": 7995,
            "rate": 51.3405179735804
        },
        "iteration_duration": {
            "p(95)": 7717.9966726,
            "avg": 6762.277845223502,
            "min": 6023.126114,
            "med": 6805.163221,
            "max": 9350.413227,
            "p(90)": 7488.9025294
        }
    },
    "root_group": {
        "groups": {
            "Presence": {
                "name": "Presence",
                "path": "::Presence",
                "id": "63ab1748852475484c3afb7dae46dbde",
                "groups": {},
                "checks": {
                        "status is 200": {
                            "fails": 0,
                            "name": "status is 200",
                            "path": "::Presence::status is 200",
                            "id": "2bdfe827d978801584a6dde561f63b7d",
                            "passes": 63960
                        },
                        "response has valid body": {
                            "passes": 63960,
                            "fails": 0,
                            "name": "response has valid body",
                            "path": "::Presence::response has valid body",
                            "id": "2cb1a85a5851b9e28736f532526a5909"
                        }
                    }
            }
        },
        "checks": {},
        "name": "",
        "path": "",
        "id": "d41d8cd98f00b204e9800998ecf8427e"
    }
}