{
    "root_group": {
        "groups": {
            "Presence": {
                "groups": {},
                "checks": {
                        "status is 200": {
                            "id": "2bdfe827d978801584a6dde561f63b7d",
                            "passes": 67280,
                            "fails": 0,
                            "name": "status is 200",
                            "path": "::Presence::status is 200"
                        },
                        "response has valid body": {
                            "fails": 0,
                            "name": "response has valid body",
                            "path": "::Presence::response has valid body",
                            "id": "2cb1a85a5851b9e28736f532526a5909",
                            "passes": 67280
                        }
                    },
                "name": "Presence",
                "path": "::Presence",
                "id": "63ab1748852475484c3afb7dae46dbde"
            }
        },
        "checks": {},
        "name": "",
        "path": "",
        "id": "d41d8cd98f00b204e9800998ecf8427e"
    },
    "metrics": {
        "http_req_connecting": {
            "min": 0,
            "med": 0,
            "max": 80.442005,
            "p(90)": 0,
            "p(95)": 0,
            "avg": 0.014707456539833534
        },
        "active_clients": {
            "count": 8410,
            "rate": 54.34310601924831
        },
        "data_sent": {
            "rate": 409032.2039966462,
            "count": 63300777
        },
        "iteration_duration": {
            "avg": 6427.25712598371,
            "min": 6014.565089,
            "med": 6379.3439375,
            "max": 8321.83874,
            "p(90)": 6928.880047400001,
            "p(95)": 7111.3290526499995
        },
        "pushpulls": {
            "count": 42050,
            "rate": 271.71553009624154
        },
        "checks": {
            "passes": 134560,
            "fails": 0,
            "value": 1
        },
        "http_reqs": {
            "count": 67280,
            "rate": 434.7448481539865
        },
        "active_clients_time": {
            "p(95)": 103.54999999999927,
            "avg": 23.26195005945303,
            "min": 0,
            "med": 5,
            "max": 443,
            "p(90)": 73,
            "thresholds": {
                "p(95)<500": false
            }
        },
        "vus": {
            "value": 6,
            "min": 6,
            "max": 500
        },
        "pushpulls_success_rate": {
            "passes": 42050,
            "fails": 0,
            "value": 1
        },
        "http_req_sending": {
            "p(95)": 0.1875644999999998,
            "avg": 0.4599434611177173,
            "min": 0.009729,
            "med": 0.023303499999999998,
            "max": 462.127464,
            "p(90)": 0.06148699999999997
        },
        "pushpulls_time": {
            "avg": 44.46649227110583,
            "min": 1,
            "med": 14,
            "max": 693,
            "p(90)": 127,
            "p(95)": 178,
            "thresholds": {
                "p(95)<1000": false
            }
        },
        "deactivate_clients_success_rate": {
            "passes": 8410,
            "fails": 0,
            "value": 1
        },
        "transaction_time": {
            "med": 6379,
            "max": 8322,
            "p(90)": 6928.1,
            "p(95)": 7111,
            "avg": 6427.21438763377,
            "min": 6015,
            "thresholds": {
                "p(95)<30000": false
            }
        },
        "active_clients_success_rate": {
            "passes": 8410,
            "fails": 0,
            "value": 1
        },
        "transaction_success_rate": {
            "passes": 8410,
            "fails": 0,
            "thresholds": {
                "rate>0.99": false
            },
            "value": 1
        },
        "http_req_waiting": {
            "p(95)": 164.68494324999998,
            "avg": 37.40556243849575,
            "min": 0.141094,
            "med": 7.550089,
            "max": 636.172156,
            "p(90)": 110.10372849999999
        },
        "http_req_receiving": {
            "min": 0.014117,
            "med": 0.055555,
            "max": 456.578855,
            "p(90)": 0.2357539,
            "p(95)": 0.7118454999999992,
            "avg": 1.7952687434898822
        },
        "vus_max": {
            "value": 500,
            "min": 500,
            "max": 500
        },
        "group_duration": {
            "p(90)": 6928.5103736,
            "p(95)": 7111.3060153999995,
            "avg": 6427.169680502881,
            "min": 6014.545873,
            "med": 6379.3170315,
            "max": 8321.801881
        },
        "attach_documents": {
            "count": 8410,
            "rate": 54.34310601924831
        },
        "attach_documents_success_rate": {
            "passes": 8410,
            "fails": 0,
            "value": 1
        },
        "iterations": {
            "count": 8410,
            "rate": 54.34310601924831
        },
        "http_req_duration": {
            "p(90)": 116.0625775,
            "p(95)": 176.55473329999998,
            "avg": 39.66077464310368,
            "min": 0.192712,
            "med": 7.8770685,
            "max": 660.84625,
            "thresholds": {
                "p(95)<10000": false
            }
        },
        "deactivate_clients": {
            "count": 8410,
            "rate": 54.34310601924831
        },
        "attach_documents_time": {
            "avg": 93.1909631391201,
            "min": 3,
            "med": 21,
            "max": 799,
            "p(90)": 297,
            "p(95)": 384,
            "thresholds": {
                "p(95)<10000": false
            }
        },
        "http_req_duration{expected_response:true}": {
            "p(95)": 176.55473329999998,
            "avg": 39.66077464310368,
            "min": 0.192712,
            "med": 7.8770685,
            "max": 660.84625,
            "p(90)": 116.0625775
        },
        "http_req_blocked": {
            "p(95)": 0.008145049999999996,
            "avg": 0.03000316299048843,
            "min": 0.001462,
            "med": 0.004158,
            "max": 136.906828,
            "p(90)": 0.005982
        },
        "deactivate_clients_time": {
            "p(90)": 68,
            "p(95)": 104,
            "avg": 21.800951248513673,
            "min": 0,
            "med": 2,
            "max": 537,
            "thresholds": {
                "p(95)<10000": false
            }
        },
        "http_req_failed": {
            "passes": 0,
            "fails": 67280,
            "value": 0
        },
        "data_received": {
            "count": 1187760217,
            "rate": 7674979.714372934
        },
        "http_req_tls_handshaking": {
            "p(95)": 0,
            "avg": 0,
            "min": 0,
            "med": 0,
            "max": 0,
            "p(90)": 0
        }
    }
}