{
    "root_group": {
        "name": "",
        "path": "",
        "id": "d41d8cd98f00b204e9800998ecf8427e",
        "groups": {
            "Presence": {
                "name": "Presence",
                "path": "::Presence",
                "id": "63ab1748852475484c3afb7dae46dbde",
                "groups": {},
                "checks": {
                        "status is 200": {
                            "name": "status is 200",
                            "path": "::Presence::status is 200",
                            "id": "2bdfe827d978801584a6dde561f63b7d",
                            "passes": 66576,
                            "fails": 0
                        },
                        "response has valid body": {
                            "name": "response has valid body",
                            "path": "::Presence::response has valid body",
                            "id": "2cb1a85a5851b9e28736f532526a5909",
                            "passes": 66576,
                            "fails": 0
                        }
                    }
            }
        },
        "checks": {}
    },
    "metrics": {
        "pushpulls_time": {
            "p(95)": 207,
            "avg": 51.224104782504206,
            "min": 1,
            "med": 17,
            "max": 696,
            "p(90)": 147,
            "thresholds": {
                "p(95)<1000": false
            }
        },
        "deactivate_clients_success_rate": {
            "passes": 8322,
            "fails": 0,
            "value": 1
        },
        "active_clients_time": {
            "avg": 25.2858687815429,
            "min": 0,
            "med": 4,
            "max": 370,
            "p(90)": 84,
            "p(95)": 116.94999999999982,
            "thresholds": {
                "p(95)<500": false
            }
        },
        "vus": {
            "max": 500,
            "value": 3,
            "min": 3
        },
        "http_req_duration": {
            "med": 8.9186905,
            "max": 761.554102,
            "p(90)": 135.98114900000002,
            "p(95)": 201.77493825,
            "avg": 45.288036413768076,
            "min": 0.195337,
            "thresholds": {
                "p(95)<10000": false
            }
        },
        "attach_documents_time": {
            "min": 3,
            "med": 22,
            "max": 762,
            "p(90)": 299.90000000000055,
            "p(95)": 393,
            "avg": 98.2125690939678,
            "thresholds": {
                "p(95)<10000": false
            }
        },
        "http_req_tls_handshaking": {
            "p(90)": 0,
            "p(95)": 0,
            "avg": 0,
            "min": 0,
            "med": 0,
            "max": 0
        },
        "group_duration": {
            "max": 8272.006887,
            "p(90)": 7027.7171208,
            "p(95)": 7225.5266861,
            "avg": 6495.2856649484465,
            "min": 6013.773603,
            "med": 6471.618273
        },
        "http_req_connecting": {
            "p(95)": 0,
            "avg": 0.012838416982095644,
            "min": 0,
            "med": 0,
            "max": 132.206229,
            "p(90)": 0
        },
        "pushpulls": {
            "count": 41610,
            "rate": 268.4924933381454
        },
        "checks": {
            "fails": 0,
            "passes": 133152,
            "value": 1
        },
        "deactivate_clients": {
            "count": 8322,
            "rate": 53.698498667629075
        },
        "http_req_waiting": {
            "max": 741.42639,
            "p(90)": 123.603956,
            "p(95)": 182.01645625,
            "avg": 41.79478347560659,
            "min": 0.142486,
            "med": 8.553734500000001
        },
        "http_reqs": {
            "count": 66576,
            "rate": 429.5879893410326
        },
        "vus_max": {
            "max": 500,
            "value": 500,
            "min": 500
        },
        "pushpulls_success_rate": {
            "passes": 41610,
            "fails": 0,
            "value": 1
        },
        "deactivate_clients_time": {
            "avg": 25.780701754385966,
            "min": 0,
            "med": 3,
            "max": 422,
            "p(90)": 83,
            "p(95)": 128.94999999999982,
            "thresholds": {
                "p(95)<10000": false
            }
        },
        "http_req_sending": {
            "p(95)": 0.2014305,
            "avg": 0.5481815261055096,
            "min": 0.010249,
            "med": 0.024817,
            "max": 350.741677,
            "p(90)": 0.064541
        },
        "attach_documents": {
            "count": 8322,
            "rate": 53.698498667629075
        },
        "http_req_blocked": {
            "min": 0.001502,
            "med": 0.004128,
            "max": 132.264899,
            "p(90)": 0.006101,
            "p(95)": 0.008496,
            "avg": 0.02822930368301003
        },
        "data_sent": {
            "count": 62638320,
            "rate": 404179.7336052059
        },
        "active_clients": {
            "count": 8322,
            "rate": 53.698498667629075
        },
        "http_req_receiving": {
            "avg": 2.945071412055393,
            "min": 0.014508,
            "med": 0.057758,
            "max": 411.232075,
            "p(90)": 0.3020925,
            "p(95)": 1.393089
        },
        "transaction_success_rate": {
            "passes": 8322,
            "fails": 0,
            "thresholds": {
                "rate>0.99": false
            },
            "value": 1
        },
        "http_req_duration{expected_response:true}": {
            "med": 8.9186905,
            "max": 761.554102,
            "p(90)": 135.98114900000002,
            "p(95)": 201.77493825,
            "avg": 45.288036413768076,
            "min": 0.195337
        },
        "active_clients_success_rate": {
            "passes": 8322,
            "fails": 0,
            "value": 1
        },
        "transaction_time": {
            "max": 8272,
            "p(90)": 7028.900000000001,
            "p(95)": 7227.9,
            "avg": 6495.4102379235765,
            "min": 6013,
            "med": 6472,
            "thresholds": {
                "p(95)<30000": false
            }
        },
        "iteration_duration": {
            "min": 6013.8247,
            "med": 6471.6969915,
            "max": 8272.035271,
            "p(90)": 7028.5629963,
            "p(95)": 7228.352458199999,
            "avg": 6495.472223519714
        },
        "iterations": {
            "count": 8322,
            "rate": 53.698498667629075
        },
        "http_req_failed": {
            "passes": 0,
            "fails": 66576,
            "value": 0
        },
        "attach_documents_success_rate": {
            "passes": 8322,
            "fails": 0,
            "value": 1
        },
        "data_received": {
            "count": 1204773018,
            "rate": 7773912.79762899
        }
    }
}