{
    "root_group": {
        "id": "d41d8cd98f00b204e9800998ecf8427e",
        "groups": {
            "Presence": {
                "id": "63ab1748852475484c3afb7dae46dbde",
                "groups": {},
                "checks": {
                        "status is 200": {
                            "id": "2bdfe827d978801584a6dde561f63b7d",
                            "passes": 66184,
                            "fails": 0,
                            "name": "status is 200",
                            "path": "::Presence::status is 200"
                        },
                        "response has valid body": {
                            "passes": 66184,
                            "fails": 0,
                            "name": "response has valid body",
                            "path": "::Presence::response has valid body",
                            "id": "2cb1a85a5851b9e28736f532526a5909"
                        }
                    },
                "name": "Presence",
                "path": "::Presence"
            }
        },
        "checks": {},
        "name": "",
        "path": ""
    },
    "metrics": {
        "iteration_duration": {
            "med": 6501.340614,
            "max": 8957.166769,
            "p(90)": 7130.7889538,
            "p(95)": 7312.9235996,
            "avg": 6533.8675583686645,
            "min": 6015.714316
        },
        "pushpulls_success_rate": {
            "passes": 41365,
            "fails": 0,
            "value": 1
        },
        "http_req_failed": {
            "passes": 0,
            "fails": 66184,
            "value": 0
        },
        "deactivate_clients_success_rate": {
            "passes": 8273,
            "fails": 0,
            "value": 1
        },
        "transaction_time": {
            "med": 6501,
            "max": 8957,
            "p(90)": 7130.8,
            "p(95)": 7312.799999999999,
            "avg": 6533.822797050647,
            "min": 6016,
            "thresholds": {
                "p(95)<30000": false
            }
        },
        "http_req_tls_handshaking": {
            "min": 0,
            "med": 0,
            "max": 0,
            "p(90)": 0,
            "p(95)": 0,
            "avg": 0
        },
        "checks": {
            "fails": 0,
            "passes": 132368,
            "value": 1
        },
        "group_duration": {
            "p(90)": 7130.6497598000005,
            "p(95)": 7312.883378399999,
            "avg": 6533.6642058486605,
            "min": 6015.685752,
            "med": 6500.99102,
            "max": 8957.134969
        },
        "vus_max": {
            "value": 500,
            "min": 500,
            "max": 500
        },
        "http_req_waiting": {
            "p(95)": 217.36331129999996,
            "avg": 48.52331390119936,
            "min": 0.142757,
            "med": 11.180936500000001,
            "max": 794.02713,
            "p(90)": 139.4974359
        },
        "http_req_sending": {
            "med": 0.0242805,
            "max": 422.400019,
            "p(90)": 0.07299030000000009,
            "p(95)": 0.21298199999999995,
            "avg": 0.5053666623353045,
            "min": 0.009467
        },
        "http_req_blocked": {
            "avg": 0.045765252523270475,
            "min": 0.001784,
            "med": 0.004558,
            "max": 184.8514,
            "p(90)": 0.006973,
            "p(95)": 0.008716
        },
        "attach_documents_success_rate": {
            "passes": 8273,
            "fails": 0,
            "value": 1
        },
        "active_clients_time": {
            "min": 0,
            "med": 6,
            "max": 579,
            "p(90)": 71,
            "p(95)": 108,
            "avg": 24.12147951166445,
            "thresholds": {
                "p(95)<500": false
            }
        },
        "deactivate_clients": {
            "count": 8273,
            "rate": 53.347616620381224
        },
        "active_clients_success_rate": {
            "passes": 8273,
            "fails": 0,
            "value": 1
        },
        "http_req_duration{expected_response:true}": {
            "avg": 51.902701442328166,
            "min": 0.201133,
            "med": 11.688909500000001,
            "max": 978.455569,
            "p(90)": 150.3243715,
            "p(95)": 232.1631573
        },
        "http_reqs": {
            "count": 66184,
            "rate": 426.7809329630498
        },
        "data_sent": {
            "count": 62268986,
            "rate": 401535.3550668301
        },
        "http_req_duration": {
            "max": 978.455569,
            "p(90)": 150.3243715,
            "p(95)": 232.1631573,
            "avg": 51.902701442328166,
            "min": 0.201133,
            "med": 11.688909500000001,
            "thresholds": {
                "p(95)<10000": false
            }
        },
        "active_clients": {
            "rate": 53.347616620381224,
            "count": 8273
        },
        "attach_documents": {
            "count": 8273,
            "rate": 53.347616620381224
        },
        "http_req_connecting": {
            "max": 85.16201,
            "p(90)": 0,
            "p(95)": 0,
            "avg": 0.01813980398585761,
            "min": 0,
            "med": 0
        },
        "attach_documents_time": {
            "avg": 124.02006527257343,
            "min": 3,
            "med": 39,
            "max": 986,
            "p(90)": 379,
            "p(95)": 507.39999999999964,
            "thresholds": {
                "p(95)<10000": false
            }
        },
        "iterations": {
            "count": 8273,
            "rate": 53.347616620381224
        },
        "deactivate_clients_time": {
            "avg": 21.41859059591442,
            "min": 0,
            "med": 3,
            "max": 591,
            "p(90)": 62,
            "p(95)": 100,
            "thresholds": {
                "p(95)<10000": false
            }
        },
        "http_req_receiving": {
            "max": 472.536065,
            "p(90)": 0.3227073000000001,
            "p(95)": 1.5969365499999986,
            "avg": 2.8740208787924457,
            "min": 0.01575,
            "med": 0.062367
        },
        "vus": {
            "min": 1,
            "max": 500,
            "value": 1
        },
        "transaction_success_rate": {
            "passes": 8273,
            "fails": 0,
            "thresholds": {
                "rate>0.99": false
            },
            "value": 1
        },
        "data_received": {
            "count": 1166203927,
            "rate": 7520149.885021038
        },
        "pushpulls_time": {
            "p(95)": 233,
            "avg": 58.762528707844794,
            "min": 1,
            "med": 22,
            "max": 976,
            "p(90)": 161,
            "thresholds": {
                "p(95)<1000": false
            }
        },
        "pushpulls": {
            "count": 41365,
            "rate": 266.7380831019061
        }
    }
}