{
    "root_group": {
        "groups": {
            "Presence": {
                "path": "::Presence",
                "id": "63ab1748852475484c3afb7dae46dbde",
                "groups": {},
                "checks": {
                        "status is 200": {
                            "name": "status is 200",
                            "path": "::Presence::status is 200",
                            "id": "2bdfe827d978801584a6dde561f63b7d",
                            "passes": 67960,
                            "fails": 0
                        },
                        "response has valid body": {
                            "name": "response has valid body",
                            "path": "::Presence::response has valid body",
                            "id": "2cb1a85a5851b9e28736f532526a5909",
                            "passes": 67960,
                            "fails": 0
                        }
                    },
                "name": "Presence"
            }
        },
        "checks": {},
        "name": "",
        "path": "",
        "id": "d41d8cd98f00b204e9800998ecf8427e"
    },
    "metrics": {
        "deactivate_clients_time": {
            "avg": 17.30888758092996,
            "min": 0,
            "med": 2,
            "max": 446,
            "p(90)": 49.600000000000364,
            "p(95)": 77,
            "thresholds": {
                "p(95)<10000": false
            }
        },
        "data_received": {
            "count": 1205389150,
            "rate": 7745776.109357572
        },
        "http_req_sending": {
            "avg": 0.2975252475279604,
            "min": 0.010019,
            "med": 0.021179,
            "max": 267.452883,
            "p(90)": 0.053019999999999984,
            "p(95)": 0.17038099999999973
        },
        "data_sent": {
            "count": 63941107,
            "rate": 410882.6589375524
        },
        "attach_documents_time": {
            "avg": 85.97410241318423,
            "min": 2,
            "med": 21,
            "max": 747,
            "p(90)": 263.60000000000036,
            "p(95)": 329.2999999999993,
            "thresholds": {
                "p(95)<10000": false
            }
        },
        "vus": {
            "value": 1,
            "min": 1,
            "max": 500
        },
        "vus_max": {
            "value": 500,
            "min": 500,
            "max": 500
        },
        "active_clients_time": {
            "min": 0,
            "med": 4,
            "max": 350,
            "p(90)": 56,
            "p(95)": 80,
            "avg": 18.555974102413185,
            "thresholds": {
                "p(95)<500": false
            }
        },
        "attach_documents_success_rate": {
            "passes": 8495,
            "fails": 0,
            "value": 1
        },
        "transaction_time": {
            "max": 7915,
            "p(90)": 6799,
            "p(95)": 6952,
            "avg": 6362.758681577398,
            "min": 6012,
            "med": 6308,
            "thresholds": {
                "p(95)<30000": false
            }
        },
        "attach_documents": {
            "count": 8495,
            "rate": 54.58848542729339
        },
        "http_req_duration": {
            "p(95)": 155.61366904999977,
            "avg": 33.14439924008217,
            "min": 0.191297,
            "med": 6.845852,
            "max": 746.557109,
            "p(90)": 95.33358959999995,
            "thresholds": {
                "p(95)<10000": false
            }
        },
        "pushpulls_time": {
            "med": 12,
            "max": 671,
            "p(90)": 101,
            "p(95)": 153,
            "avg": 37.2969746909947,
            "min": 1,
            "thresholds": {
                "p(95)<1000": false
            }
        },
        "pushpulls_success_rate": {
            "passes": 42475,
            "fails": 0,
            "value": 1
        },
        "deactivate_clients_success_rate": {
            "passes": 8495,
            "fails": 0,
            "value": 1
        },
        "iterations": {
            "count": 8495,
            "rate": 54.58848542729339
        },
        "http_req_tls_handshaking": {
            "med": 0,
            "max": 0,
            "p(90)": 0,
            "p(95)": 0,
            "avg": 0,
            "min": 0
        },
        "iteration_duration": {
            "avg": 6362.789295203151,
            "min": 6012.894398,
            "med": 6308.056632,
            "max": 7915.347796,
            "p(90)": 6799.1458814,
            "p(95)": 6952.2592071
        },
        "http_req_duration{expected_response:true}": {
            "avg": 33.14439924008217,
            "min": 0.191297,
            "med": 6.845852,
            "max": 746.557109,
            "p(90)": 95.33358959999995,
            "p(95)": 155.61366904999977
        },
        "http_req_receiving": {
            "med": 0.05388,
            "max": 426.350092,
            "p(90)": 0.22309099999999996,
            "p(95)": 0.7383079999999975,
            "avg": 2.028400048543296,
            "min": 0.014007
        },
        "http_req_failed": {
            "passes": 0,
            "fails": 67960,
            "value": 0
        },
        "http_reqs": {
            "count": 67960,
            "rate": 436.70788341834714
        },
        "http_req_connecting": {
            "avg": 0.013307261595055915,
            "min": 0,
            "med": 0,
            "max": 123.153315,
            "p(90)": 0,
            "p(95)": 0
        },
        "pushpulls": {
            "rate": 272.94242713646696,
            "count": 42475
        },
        "http_req_waiting": {
            "p(95)": 139.22109849999998,
            "avg": 30.81847394401111,
            "min": 0.143529,
            "med": 6.5531415,
            "max": 683.213922,
            "p(90)": 88.6578401
        },
        "http_req_blocked": {
            "med": 0.003947,
            "max": 123.222683,
            "p(90)": 0.005471,
            "p(95)": 0.007534,
            "avg": 0.022679485844615443,
            "min": 0.001553
        },
        "group_duration": {
            "p(90)": 6799.1218168,
            "p(95)": 6952.2404246999995,
            "avg": 6362.73540816491,
            "min": 6012.872597,
            "med": 6308.036254,
            "max": 7915.330574
        },
        "deactivate_clients": {
            "count": 8495,
            "rate": 54.58848542729339
        },
        "transaction_success_rate": {
            "passes": 8495,
            "fails": 0,
            "thresholds": {
                "rate>0.99": false
            },
            "value": 1
        },
        "active_clients_success_rate": {
            "passes": 8495,
            "fails": 0,
            "value": 1
        },
        "checks": {
            "passes": 135920,
            "fails": 0,
            "value": 1
        },
        "active_clients": {
            "count": 8495,
            "rate": 54.58848542729339
        }
    }
}