{
    "metrics": {
        "transaction_time": {
            "avg": 6372.466013688931,
            "min": 6013,
            "med": 6319,
            "max": 7926,
            "p(90)": 6829.7,
            "p(95)": 6998,
            "thresholds": {
                "p(95)<30000": false
            }
        },
        "iteration_duration": {
            "min": 6013.006947,
            "med": 6319.291943,
            "max": 7926.323774,
            "p(90)": 6829.8223963,
            "p(95)": 6997.948329149999,
            "avg": 6372.5237672448775
        },
        "http_req_failed": {
            "passes": 0,
            "fails": 67792,
            "value": 0
        },
        "pushpulls_time": {
            "min": 1,
            "med": 11,
            "max": 876,
            "p(90)": 118,
            "p(95)": 173,
            "avg": 39.43457635119188,
            "thresholds": {
                "p(95)<1000": false
            }
        },
        "deactivate_clients": {
            "count": 8474,
            "rate": 54.96873791613993
        },
        "http_req_blocked": {
            "avg": 0.02567331176245088,
            "min": 0.001573,
            "med": 0.004058,
            "max": 169.292135,
            "p(90)": 0.005531,
            "p(95)": 0.007634
        },
        "http_req_tls_handshaking": {
            "max": 0,
            "p(90)": 0,
            "p(95)": 0,
            "avg": 0,
            "min": 0,
            "med": 0
        },
        "active_clients_time": {
            "p(90)": 63,
            "p(95)": 95,
            "avg": 19.23873023365589,
            "min": 0,
            "med": 4,
            "max": 379,
            "thresholds": {
                "p(95)<500": false
            }
        },
        "http_req_duration{expected_response:true}": {
            "avg": 33.575254202663714,
            "min": 0.184383,
            "med": 5.881444,
            "max": 704.766356,
            "p(90)": 104.0549098,
            "p(95)": 159.6639383499999
        },
        "data_received": {
            "count": 1234825780,
            "rate": 8010008.812002958
        },
        "http_req_duration": {
            "avg": 33.575254202663714,
            "min": 0.184383,
            "med": 5.881444,
            "max": 704.766356,
            "p(90)": 104.0549098,
            "p(95)": 159.6639383499999,
            "thresholds": {
                "p(95)<10000": false
            }
        },
        "http_req_receiving": {
            "avg": 2.576514330215951,
            "min": 0.01589,
            "med": 0.054011,
            "max": 405.587613,
            "p(90)": 0.2219481000000001,
            "p(95)": 0.7429892999999972
        },
        "vus_max": {
            "value": 500,
            "min": 500,
            "max": 500
        },
        "pushpulls": {
            "count": 42370,
            "rate": 274.8436895806997
        },
        "vus": {
            "value": 2,
            "min": 2,
            "max": 500
        },
        "checks": {
            "passes": 135584,
            "fails": 0,
            "value": 1
        },
        "pushpulls_success_rate": {
            "passes": 42370,
            "fails": 0,
            "value": 1
        },
        "active_clients": {
            "count": 8474,
            "rate": 54.96873791613993
        },
        "attach_documents_success_rate": {
            "fails": 0,
            "passes": 8474,
            "value": 1
        },
        "attach_documents_time": {
            "p(95)": 339,
            "avg": 78.02360160490913,
            "min": 2,
            "med": 15,
            "max": 706,
            "p(90)": 252,
            "thresholds": {
                "p(95)<10000": false
            }
        },
        "iterations": {
            "count": 8474,
            "rate": 54.96873791613993
        },
        "data_sent": {
            "count": 63782926,
            "rate": 413744.0338468902
        },
        "deactivate_clients_time": {
            "min": 0,
            "med": 2,
            "max": 539,
            "p(90)": 66,
            "p(95)": 109,
            "avg": 21.021477460467313,
            "thresholds": {
                "p(95)<10000": false
            }
        },
        "attach_documents": {
            "count": 8474,
            "rate": 54.96873791613993
        },
        "http_req_waiting": {
            "max": 704.506262,
            "p(90)": 95.7608152,
            "p(95)": 140.65721459999995,
            "avg": 30.618290226929314,
            "min": 0.130854,
            "med": 5.6256045
        },
        "http_req_connecting": {
            "p(95)": 0,
            "avg": 0.010736371651522308,
            "min": 0,
            "med": 0,
            "max": 132.58433,
            "p(90)": 0
        },
        "transaction_success_rate": {
            "passes": 8474,
            "fails": 0,
            "thresholds": {
                "rate>0.99": false
            },
            "value": 1
        },
        "group_duration": {
            "min": 6012.956794,
            "med": 6319.269997,
            "max": 7926.308416,
            "p(90)": 6829.7735795,
            "p(95)": 6997.6461610999995,
            "avg": 6372.420403147618
        },
        "active_clients_success_rate": {
            "passes": 8474,
            "fails": 0,
            "value": 1
        },
        "deactivate_clients_success_rate": {
            "passes": 8474,
            "fails": 0,
            "value": 1
        },
        "http_req_sending": {
            "p(95)": 0.16688754999999983,
            "avg": 0.380449645518645,
            "min": 0.01072,
            "med": 0.022412,
            "max": 435.906014,
            "p(90)": 0.05318800000000001
        },
        "http_reqs": {
            "count": 67792,
            "rate": 439.74990332911943
        }
    },
    "root_group": {
        "name": "",
        "path": "",
        "id": "d41d8cd98f00b204e9800998ecf8427e",
        "groups": {
            "Presence": {
                "name": "Presence",
                "path": "::Presence",
                "id": "63ab1748852475484c3afb7dae46dbde",
                "groups": {},
                "checks": {
                        "status is 200": {
                            "name": "status is 200",
                            "path": "::Presence::status is 200",
                            "id": "2bdfe827d978801584a6dde561f63b7d",
                            "passes": 67792,
                            "fails": 0
                        },
                        "response has valid body": {
                            "name": "response has valid body",
                            "path": "::Presence::response has valid body",
                            "id": "2cb1a85a5851b9e28736f532526a5909",
                            "passes": 67792,
                            "fails": 0
                        }
                    }
            }
        },
        "checks": {}
    }
}