{
    "root_group": {
        "path": "",
        "id": "d41d8cd98f00b204e9800998ecf8427e",
        "groups": {
            "Presence": {
                "name": "Presence",
                "path": "::Presence",
                "id": "63ab1748852475484c3afb7dae46dbde",
                "groups": {},
                "checks": {
                        "status is 200": {
                            "fails": 0,
                            "name": "status is 200",
                            "path": "::Presence::status is 200",
                            "id": "2bdfe827d978801584a6dde561f63b7d",
                            "passes": 65568
                        },
                        "response has valid body": {
                            "name": "response has valid body",
                            "path": "::Presence::response has valid body",
                            "id": "2cb1a85a5851b9e28736f532526a5909",
                            "passes": 65568,
                            "fails": 0
                        }
                    }
            }
        },
        "checks": {},
        "name": ""
    },
    "metrics": {
        "pushpulls": {
            "count": 40980,
            "rate": 263.78995223767197
        },
        "vus_max": {
            "min": 500,
            "max": 500,
            "value": 500
        },
        "active_clients": {
            "count": 8196,
            "rate": 52.7579904475344
        },
        "pushpulls_time": {
            "p(95)": 253,
            "avg": 65.16429965836994,
            "min": 1,
            "med": 25,
            "max": 839,
            "p(90)": 183,
            "thresholds": {
                "p(95)<1000": false
            }
        },
        "http_req_blocked": {
            "p(90)": 0.00538,
            "p(95)": 0.006553,
            "avg": 0.04114946281722966,
            "min": 0.001483,
            "med": 0.004028,
            "max": 165.341264
        },
        "iterations": {
            "count": 8196,
            "rate": 52.7579904475344
        },
        "http_req_duration{expected_response:true}": {
            "med": 13.727599999999999,
            "max": 982.678423,
            "p(90)": 169.86713320000004,
            "p(95)": 252.84756419999894,
            "avg": 58.72839481195088,
            "min": 0.161687
        },
        "data_sent": {
            "rate": 397097.5563796513,
            "count": 61689453
        },
        "attach_documents_time": {
            "avg": 159.41044411908248,
            "min": 3,
            "med": 61,
            "max": 994,
            "p(90)": 465,
            "p(95)": 584.25,
            "thresholds": {
                "p(95)<10000": false
            }
        },
        "http_req_tls_handshaking": {
            "max": 0,
            "p(90)": 0,
            "p(95)": 0,
            "avg": 0,
            "min": 0,
            "med": 0
        },
        "vus": {
            "value": 4,
            "min": 4,
            "max": 500
        },
        "http_req_receiving": {
            "avg": 2.3340065990116923,
            "min": 0.014607,
            "med": 0.050986,
            "max": 481.402688,
            "p(90)": 0.26975100000000013,
            "p(95)": 0.9405359999999945
        },
        "attach_documents": {
            "count": 8196,
            "rate": 52.7579904475344
        },
        "http_req_sending": {
            "avg": 0.46724762370363926,
            "min": 0.010781,
            "med": 0.020759,
            "max": 397.561779,
            "p(90)": 0.06518770000000014,
            "p(95)": 0.1883863499999999
        },
        "checks": {
            "passes": 131136,
            "fails": 0,
            "value": 1
        },
        "pushpulls_success_rate": {
            "fails": 0,
            "passes": 40980,
            "value": 1
        },
        "http_req_waiting": {
            "avg": 55.927140589235925,
            "min": 0.122153,
            "med": 13.331693999999999,
            "max": 971.955862,
            "p(90)": 159.88680750000003,
            "p(95)": 235.99299224999982
        },
        "data_received": {
            "count": 1182708821,
            "rate": 7613145.519830731
        },
        "attach_documents_success_rate": {
            "passes": 8196,
            "fails": 0,
            "value": 1
        },
        "iteration_duration": {
            "p(95)": 7432.587465250001,
            "avg": 6593.667336406941,
            "min": 6015.951902,
            "med": 6576.071617,
            "max": 8404.702779,
            "p(90)": 7252.4803165
        },
        "active_clients_success_rate": {
            "passes": 8196,
            "fails": 0,
            "value": 1
        },
        "active_clients_time": {
            "med": 7,
            "max": 612,
            "p(90)": 72,
            "p(95)": 107,
            "avg": 24.150317227916055,
            "min": 1,
            "thresholds": {
                "p(95)<500": false
            }
        },
        "group_duration": {
            "p(95)": 7432.50003,
            "avg": 6593.5973117945105,
            "min": 6015.926675,
            "med": 6576.049871,
            "max": 8404.677913,
            "p(90)": 7252.279485499999
        },
        "http_req_duration": {
            "p(90)": 169.86713320000004,
            "p(95)": 252.84756419999894,
            "avg": 58.72839481195088,
            "min": 0.161687,
            "med": 13.727599999999999,
            "max": 982.678423,
            "thresholds": {
                "p(95)<10000": false
            }
        },
        "transaction_time": {
            "min": 6016,
            "med": 6576,
            "max": 8405,
            "p(90)": 7252.5,
            "p(95)": 7432.25,
            "avg": 6593.623108833577,
            "thresholds": {
                "p(95)<30000": false
            }
        },
        "deactivate_clients_success_rate": {
            "passes": 8196,
            "fails": 0,
            "value": 1
        },
        "http_reqs": {
            "count": 65568,
            "rate": 422.0639235802752
        },
        "http_req_failed": {
            "passes": 0,
            "fails": 65568,
            "value": 0
        },
        "http_req_connecting": {
            "min": 0,
            "med": 0,
            "max": 144.851287,
            "p(90)": 0,
            "p(95)": 0,
            "avg": 0.019526638344924355
        },
        "deactivate_clients_time": {
            "max": 403,
            "p(90)": 56,
            "p(95)": 95,
            "avg": 19.068570034163006,
            "min": 0,
            "med": 3,
            "thresholds": {
                "p(95)<10000": false
            }
        },
        "deactivate_clients": {
            "count": 8196,
            "rate": 52.7579904475344
        },
        "transaction_success_rate": {
            "fails": 0,
            "passes": 8196,
            "thresholds": {
                "rate>0.99": false
            },
            "value": 1
        }
    }
}