{
    "metrics": {
        "http_req_duration": {
            "p(95)": 188.60363729999995,
            "avg": 42.53772087350749,
            "min": 0.18559,
            "med": 8.157956500000001,
            "max": 672.76799,
            "p(90)": 130.7203259,
            "thresholds": {
                "p(95)<10000": false
            }
        },
        "iteration_duration": {
            "avg": 6452.426794333567,
            "min": 6014.795818,
            "med": 6441.5630485,
            "max": 8192.462346,
            "p(90)": 6947.932659,
            "p(95)": 7103.99044775
        },
        "checks": {
            "passes": 134016,
            "fails": 0,
            "value": 1
        },
        "pushpulls_success_rate": {
            "fails": 0,
            "passes": 41880,
            "value": 1
        },
        "pushpulls_time": {
            "min": 1,
            "med": 16,
            "max": 719,
            "p(90)": 156,
            "p(95)": 218.04999999999563,
            "avg": 53.81043457497612,
            "thresholds": {
                "p(95)<1000": false
            }
        },
        "http_req_duration{expected_response:true}": {
            "med": 8.157956500000001,
            "max": 672.76799,
            "p(90)": 130.7203259,
            "p(95)": 188.60363729999995,
            "avg": 42.53772087350749,
            "min": 0.18559
        },
        "http_req_connecting": {
            "max": 196.042823,
            "p(90)": 0,
            "p(95)": 0,
            "avg": 0.019096386476241643,
            "min": 0,
            "med": 0
        },
        "iterations": {
            "count": 8376,
            "rate": 54.14615352927329
        },
        "vus": {
            "value": 9,
            "min": 8,
            "max": 500
        },
        "active_clients_success_rate": {
            "passes": 8376,
            "fails": 0,
            "value": 1
        },
        "data_sent": {
            "count": 63044912,
            "rate": 407550.0817086347
        },
        "http_req_blocked": {
            "p(95)": 0.0063984999999999416,
            "avg": 0.029504139087871226,
            "min": 0.001443,
            "med": 0.003918,
            "max": 196.241288,
            "p(90)": 0.00527
        },
        "http_reqs": {
            "count": 67008,
            "rate": 433.16922823418633
        },
        "http_req_waiting": {
            "avg": 39.85319974215026,
            "min": 0.13807,
            "med": 7.8897505,
            "max": 672.499362,
            "p(90)": 122.93554360000012,
            "p(95)": 174.50686024999965
        },
        "http_req_failed": {
            "passes": 0,
            "fails": 67008,
            "value": 0
        },
        "data_received": {
            "rate": 7879587.633346687,
            "count": 1218912549
        },
        "transaction_time": {
            "avg": 6452.353748806113,
            "min": 6015,
            "med": 6441,
            "max": 8192,
            "p(90)": 6948,
            "p(95)": 7104,
            "thresholds": {
                "p(95)<30000": false
            }
        },
        "transaction_success_rate": {
            "passes": 8376,
            "fails": 0,
            "thresholds": {
                "rate>0.99": false
            },
            "value": 1
        },
        "attach_documents_success_rate": {
            "fails": 0,
            "passes": 8376,
            "value": 1
        },
        "attach_documents_time": {
            "p(90)": 258,
            "p(95)": 379,
            "avg": 81.34276504297995,
            "min": 2,
            "med": 18,
            "max": 734,
            "thresholds": {
                "p(95)<10000": false
            }
        },
        "active_clients_time": {
            "min": 1,
            "med": 5,
            "max": 394,
            "p(90)": 62,
            "p(95)": 101,
            "avg": 21.38526743075454,
            "thresholds": {
                "p(95)<500": false
            }
        },
        "active_clients": {
            "count": 8376,
            "rate": 54.14615352927329
        },
        "attach_documents": {
            "count": 8376,
            "rate": 54.14615352927329
        },
        "deactivate_clients_success_rate": {
            "passes": 8376,
            "fails": 0,
            "value": 1
        },
        "deactivate_clients": {
            "count": 8376,
            "rate": 54.14615352927329
        },
        "deactivate_clients_time": {
            "avg": 17.3537488061127,
            "min": 0,
            "med": 2,
            "max": 471,
            "p(90)": 54,
            "p(95)": 91,
            "thresholds": {
                "p(95)<10000": false
            }
        },
        "http_req_tls_handshaking": {
            "p(90)": 0,
            "p(95)": 0,
            "avg": 0,
            "min": 0,
            "med": 0,
            "max": 0
        },
        "group_duration": {
            "avg": 6452.301543284975,
            "min": 6014.747857,
            "med": 6441.5414925000005,
            "max": 8192.442038,
            "p(90)": 6947.911699,
            "p(95)": 7103.96437125
        },
        "vus_max": {
            "value": 500,
            "min": 500,
            "max": 500
        },
        "http_req_sending": {
            "p(95)": 0.16468399999999989,
            "avg": 0.3878720160130194,
            "min": 0.010139,
            "med": 0.020659,
            "max": 474.903692,
            "p(90)": 0.05120000000000003
        },
        "http_req_receiving": {
            "p(95)": 0.7699529999999997,
            "avg": 2.2966491153444646,
            "min": 0.012113,
            "med": 0.051908,
            "max": 469.185743,
            "p(90)": 0.22948670000000002
        },
        "pushpulls": {
            "rate": 270.7307676463665,
            "count": 41880
        }
    },
    "root_group": {
        "id": "d41d8cd98f00b204e9800998ecf8427e",
        "groups": {
            "Presence": {
                "name": "Presence",
                "path": "::Presence",
                "id": "63ab1748852475484c3afb7dae46dbde",
                "groups": {},
                "checks": {
                        "status is 200": {
                            "path": "::Presence::status is 200",
                            "id": "2bdfe827d978801584a6dde561f63b7d",
                            "passes": 67008,
                            "fails": 0,
                            "name": "status is 200"
                        },
                        "response has valid body": {
                            "fails": 0,
                            "name": "response has valid body",
                            "path": "::Presence::response has valid body",
                            "id": "2cb1a85a5851b9e28736f532526a5909",
                            "passes": 67008
                        }
                    }
            }
        },
        "checks": {},
        "name": "",
        "path": ""
    }
}