{
    "root_group": {
        "name": "",
        "path": "",
        "id": "d41d8cd98f00b204e9800998ecf8427e",
        "groups": {
            "Presence": {
                "name": "Presence",
                "path": "::Presence",
                "id": "63ab1748852475484c3afb7dae46dbde",
                "groups": {},
                "checks": {
                        "status is 200": {
                            "name": "status is 200",
                            "path": "::Presence::status is 200",
                            "id": "2bdfe827d978801584a6dde561f63b7d",
                            "passes": 67544,
                            "fails": 0
                        },
                        "response has valid body": {
                            "path": "::Presence::response has valid body",
                            "id": "2cb1a85a5851b9e28736f532526a5909",
                            "passes": 67544,
                            "fails": 0,
                            "name": "response has valid body"
                        }
                    }
            }
        },
        "checks": {}
    },
    "metrics": {
        "deactivate_clients_time": {
            "avg": 22.280587468909154,
            "min": 0,
            "med": 2,
            "max": 553,
            "p(90)": 65,
            "p(95)": 107,
            "thresholds": {
                "p(95)<10000": false
            }
        },
        "http_req_tls_handshaking": {
            "med": 0,
            "max": 0,
            "p(90)": 0,
            "p(95)": 0,
            "avg": 0,
            "min": 0
        },
        "http_reqs": {
            "count": 67544,
            "rate": 437.8121567344445
        },
        "vus_max": {
            "value": 500,
            "min": 500,
            "max": 500
        },
        "group_duration": {
            "min": 6014.497461,
            "med": 6376.353442,
            "max": 8150.130935,
            "p(90)": 6875.9282754,
            "p(95)": 7026.1205353,
            "avg": 6406.01179255585
        },
        "http_req_connecting": {
            "min": 0,
            "med": 0,
            "max": 149.840215,
            "p(90)": 0,
            "p(95)": 0,
            "avg": 0.012004045481463936
        },
        "attach_documents": {
            "count": 8443,
            "rate": 54.72651959180556
        },
        "http_req_duration": {
            "avg": 35.302502752798034,
            "min": 0.193692,
            "med": 6.9847435,
            "max": 785.620583,
            "p(90)": 103.27769730000006,
            "p(95)": 155.41625545,
            "thresholds": {
                "p(95)<10000": false
            }
        },
        "http_req_blocked": {
            "med": 0.004038,
            "max": 149.905347,
            "p(90)": 0.00559,
            "p(95)": 0.007644849999999998,
            "avg": 0.02488042640353064,
            "min": 0.001453
        },
        "http_req_failed": {
            "passes": 0,
            "fails": 67544,
            "value": 0
        },
        "checks": {
            "passes": 135088,
            "fails": 0,
            "value": 1
        },
        "transaction_success_rate": {
            "passes": 8443,
            "fails": 0,
            "thresholds": {
                "rate>0.99": false
            },
            "value": 1
        },
        "iteration_duration": {
            "med": 6376.371395,
            "max": 8150.150532,
            "p(90)": 6875.957196,
            "p(95)": 7026.1509055,
            "avg": 6406.067459708268,
            "min": 6014.517718
        },
        "attach_documents_time": {
            "min": 3,
            "med": 16,
            "max": 787,
            "p(90)": 238.80000000000018,
            "p(95)": 314,
            "avg": 74.6407674997039,
            "thresholds": {
                "p(95)<10000": false
            }
        },
        "http_req_duration{expected_response:true}": {
            "p(95)": 155.41625545,
            "avg": 35.302502752798034,
            "min": 0.193692,
            "med": 6.9847435,
            "max": 785.620583,
            "p(90)": 103.27769730000006
        },
        "pushpulls_time": {
            "min": 1,
            "med": 13,
            "max": 671,
            "p(90)": 113,
            "p(95)": 161,
            "avg": 40.87075683998579,
            "thresholds": {
                "p(95)<1000": false
            }
        },
        "pushpulls": {
            "count": 42215,
            "rate": 273.6325979590278
        },
        "active_clients_time": {
            "p(95)": 95,
            "avg": 20.395238659244345,
            "min": 0,
            "med": 4,
            "max": 410,
            "p(90)": 66,
            "thresholds": {
                "p(95)<500": false
            }
        },
        "iterations": {
            "count": 8443,
            "rate": 54.72651959180556
        },
        "vus": {
            "min": 3,
            "max": 500,
            "value": 3
        },
        "data_sent": {
            "count": 63549194,
            "rate": 411918.3004245472
        },
        "http_req_receiving": {
            "p(95)": 1.1153091999999996,
            "avg": 2.884344612149145,
            "min": 0.012804,
            "med": 0.056526,
            "max": 390.027978,
            "p(90)": 0.27615200000000023
        },
        "deactivate_clients_success_rate": {
            "passes": 8443,
            "fails": 0,
            "value": 1
        },
        "active_clients_success_rate": {
            "passes": 8443,
            "fails": 0,
            "value": 1
        },
        "deactivate_clients": {
            "count": 8443,
            "rate": 54.72651959180556
        },
        "http_req_waiting": {
            "avg": 31.905677630892445,
            "min": 0.14426,
            "med": 6.688957,
            "max": 785.130653,
            "p(90)": 94.70022820000007,
            "p(95)": 134.1052082499999
        },
        "http_req_sending": {
            "p(90)": 0.06179240000000005,
            "p(95)": 0.18609884999999998,
            "avg": 0.5124805097566071,
            "min": 0.01073,
            "med": 0.023263,
            "max": 379.389319
        },
        "active_clients": {
            "count": 8443,
            "rate": 54.72651959180556
        },
        "attach_documents_success_rate": {
            "passes": 8443,
            "fails": 0,
            "value": 1
        },
        "transaction_time": {
            "p(90)": 6876,
            "p(95)": 7025.9,
            "avg": 6406.03103162383,
            "min": 6014,
            "med": 6376,
            "max": 8150,
            "thresholds": {
                "p(95)<30000": false
            }
        },
        "pushpulls_success_rate": {
            "passes": 42215,
            "fails": 0,
            "value": 1
        },
        "data_received": {
            "count": 1229888896,
            "rate": 7971993.220737666
        }
    }
}