{
    "root_group": {
        "name": "",
        "path": "",
        "id": "d41d8cd98f00b204e9800998ecf8427e",
        "groups": {
            "Presence": {
                "groups": {},
                "checks": {
                        "status is 200": {
                            "id": "2bdfe827d978801584a6dde561f63b7d",
                            "passes": 67280,
                            "fails": 0,
                            "name": "status is 200",
                            "path": "::Presence::status is 200"
                        },
                        "response has valid body": {
                            "name": "response has valid body",
                            "path": "::Presence::response has valid body",
                            "id": "2cb1a85a5851b9e28736f532526a5909",
                            "passes": 67280,
                            "fails": 0
                        }
                    },
                "name": "Presence",
                "path": "::Presence",
                "id": "63ab1748852475484c3afb7dae46dbde"
            }
        },
        "checks": {}
    },
    "metrics": {
        "data_received": {
            "count": 1223118843,
            "rate": 7910719.506837502
        },
        "transaction_success_rate": {
            "passes": 8410,
            "fails": 0,
            "thresholds": {
                "rate>0.99": false
            },
            "value": 1
        },
        "http_req_duration": {
            "min": 0.186458,
            "med": 7.0050055,
            "max": 736.282993,
            "p(90)": 123.21944029999996,
            "p(95)": 185.98338594999996,
            "avg": 40.31382300169467,
            "thresholds": {
                "p(95)<10000": false
            }
        },
        "deactivate_clients_success_rate": {
            "passes": 8410,
            "fails": 0,
            "value": 1
        },
        "active_clients": {
            "count": 8410,
            "rate": 54.393039101028215
        },
        "http_req_waiting": {
            "p(90)": 113.12453049999998,
            "p(95)": 166.84672194999953,
            "avg": 37.34957437629341,
            "min": 0.138108,
            "med": 6.7344545,
            "max": 736.218632
        },
        "attach_documents_success_rate": {
            "passes": 8410,
            "fails": 0,
            "value": 1
        },
        "pushpulls": {
            "count": 42050,
            "rate": 271.9651955051411
        },
        "iteration_duration": {
            "avg": 6429.961470429459,
            "min": 6012.920486,
            "med": 6394.286824,
            "max": 8071.386406,
            "p(90)": 6907.0541446,
            "p(95)": 7075.6624217
        },
        "http_reqs": {
            "count": 67280,
            "rate": 435.1443128082257
        },
        "http_req_failed": {
            "fails": 67280,
            "passes": 0,
            "value": 0
        },
        "http_req_blocked": {
            "avg": 0.033003523023187806,
            "min": 0.001492,
            "med": 0.003927,
            "max": 129.243551,
            "p(90)": 0.005361899999999987,
            "p(95)": 0.007154
        },
        "http_req_receiving": {
            "avg": 2.460497486935172,
            "min": 0.013926,
            "med": 0.051887,
            "max": 362.160899,
            "p(90)": 0.2106579999999998,
            "p(95)": 0.726542549999997
        },
        "group_duration": {
            "avg": 6429.897146622942,
            "min": 6012.86889,
            "med": 6394.2670875,
            "max": 8071.368763,
            "p(90)": 6907.0357198,
            "p(95)": 7075.62867715
        },
        "active_clients_success_rate": {
            "passes": 8410,
            "fails": 0,
            "value": 1
        },
        "attach_documents_time": {
            "max": 737,
            "p(90)": 300,
            "p(95)": 389,
            "avg": 89.97146254458977,
            "min": 2,
            "med": 17,
            "thresholds": {
                "p(95)<10000": false
            }
        },
        "vus_max": {
            "value": 500,
            "min": 500,
            "max": 500
        },
        "deactivate_clients": {
            "count": 8410,
            "rate": 54.393039101028215
        },
        "active_clients_time": {
            "p(90)": 73,
            "p(95)": 107.54999999999927,
            "avg": 22.702259215219975,
            "min": 0,
            "med": 4,
            "max": 406,
            "thresholds": {
                "p(95)<500": false
            }
        },
        "pushpulls_time": {
            "med": 13,
            "max": 661,
            "p(90)": 140,
            "p(95)": 198,
            "avg": 46.82451843043995,
            "min": 1,
            "thresholds": {
                "p(95)<1000": false
            }
        },
        "iterations": {
            "count": 8410,
            "rate": 54.393039101028215
        },
        "http_req_sending": {
            "med": 0.021199,
            "max": 311.563214,
            "p(90)": 0.05190799999999999,
            "p(95)": 0.16940754999999988,
            "avg": 0.5037511384661189,
            "min": 0.009148
        },
        "transaction_time": {
            "avg": 6429.923662306777,
            "min": 6013,
            "med": 6394,
            "max": 8071,
            "p(90)": 6907,
            "p(95)": 7076,
            "thresholds": {
                "p(95)<30000": false
            }
        },
        "deactivate_clients_time": {
            "p(95)": 106.54999999999927,
            "avg": 20.889536266349584,
            "min": 0,
            "med": 2,
            "max": 449,
            "p(90)": 64,
            "thresholds": {
                "p(95)<10000": false
            }
        },
        "checks": {
            "passes": 134560,
            "fails": 0,
            "value": 1
        },
        "data_sent": {
            "count": 63301144,
            "rate": 409410.4162582423
        },
        "vus": {
            "value": 9,
            "min": 8,
            "max": 500
        },
        "http_req_tls_handshaking": {
            "min": 0,
            "med": 0,
            "max": 0,
            "p(90)": 0,
            "p(95)": 0,
            "avg": 0
        },
        "http_req_connecting": {
            "min": 0,
            "med": 0,
            "max": 129.138203,
            "p(90)": 0,
            "p(95)": 0,
            "avg": 0.017639125193222353
        },
        "attach_documents": {
            "count": 8410,
            "rate": 54.393039101028215
        },
        "http_req_duration{expected_response:true}": {
            "p(95)": 185.98338594999996,
            "avg": 40.31382300169467,
            "min": 0.186458,
            "med": 7.0050055,
            "max": 736.282993,
            "p(90)": 123.21944029999996
        },
        "pushpulls_success_rate": {
            "passes": 42050,
            "fails": 0,
            "value": 1
        }
    }
}