{
    "root_group": {
        "groups": {
            "Presence": {
                "groups": {},
                "checks": {
                        "status is 200": {
                            "id": "2bdfe827d978801584a6dde561f63b7d",
                            "passes": 65928,
                            "fails": 0,
                            "name": "status is 200",
                            "path": "::Presence::status is 200"
                        },
                        "response has valid body": {
                            "name": "response has valid body",
                            "path": "::Presence::response has valid body",
                            "id": "2cb1a85a5851b9e28736f532526a5909",
                            "passes": 65928,
                            "fails": 0
                        }
                    },
                "name": "Presence",
                "path": "::Presence",
                "id": "63ab1748852475484c3afb7dae46dbde"
            }
        },
        "checks": {},
        "name": "",
        "path": "",
        "id": "d41d8cd98f00b204e9800998ecf8427e"
    },
    "metrics": {
        "data_received": {
            "count": 1186907440,
            "rate": 7626560.534448148
        },
        "deactivate_clients_time": {
            "avg": 26.116733406140032,
            "min": 0,
            "med": 6,
            "max": 539,
            "p(90)": 79,
            "p(95)": 114,
            "thresholds": {
                "p(95)<10000": false
            }
        },
        "http_req_tls_handshaking": {
            "med": 0,
            "max": 0,
            "p(90)": 0,
            "p(95)": 0,
            "avg": 0,
            "min": 0
        },
        "http_req_duration{expected_response:true}": {
            "avg": 55.39891317984705,
            "min": 0.479631,
            "med": 13.719863,
            "max": 1043.739536,
            "p(90)": 162.94990270000002,
            "p(95)": 239.6420196
        },
        "http_req_duration": {
            "p(95)": 239.6420196,
            "avg": 55.39891317984705,
            "min": 0.479631,
            "med": 13.719863,
            "max": 1043.739536,
            "p(90)": 162.94990270000002,
            "thresholds": {
                "p(95)<10000": false
            }
        },
        "attach_documents_success_rate": {
            "fails": 0,
            "passes": 8241,
            "value": 1
        },
        "http_req_blocked": {
            "p(90)": 0.00548,
            "p(95)": 0.007955,
            "avg": 0.023301257432350904,
            "min": 0.001522,
            "med": 0.003987,
            "max": 105.110068
        },
        "transaction_time": {
            "avg": 6565.115883994661,
            "min": 6015,
            "med": 6547,
            "max": 8751,
            "p(90)": 7169,
            "p(95)": 7356,
            "thresholds": {
                "p(95)<30000": false
            }
        },
        "active_clients_time": {
            "avg": 30.003761679407837,
            "min": 1,
            "med": 7,
            "max": 469,
            "p(90)": 91,
            "p(95)": 131,
            "thresholds": {
                "p(95)<500": false
            }
        },
        "attach_documents_time": {
            "min": 3,
            "med": 38,
            "max": 1044,
            "p(90)": 402,
            "p(95)": 503,
            "avg": 131.14003154956922,
            "thresholds": {
                "p(95)<10000": false
            }
        },
        "http_req_failed": {
            "fails": 65928,
            "passes": 0,
            "value": 0
        },
        "http_req_receiving": {
            "avg": 2.3065769544199846,
            "min": 0.01582,
            "med": 0.053089,
            "max": 508.97681,
            "p(90)": 0.2666726000000003,
            "p(95)": 1.0198107999999866
        },
        "transaction_success_rate": {
            "passes": 8241,
            "fails": 0,
            "thresholds": {
                "rate>0.99": false
            },
            "value": 1
        },
        "http_req_waiting": {
            "avg": 52.677292533203385,
            "min": 0.431802,
            "med": 13.2465225,
            "max": 903.582818,
            "p(90)": 154.31837900000002,
            "p(95)": 225.39138329999946
        },
        "pushpulls": {
            "count": 41205,
            "rate": 264.7657401338186
        },
        "attach_documents": {
            "rate": 52.95314802676373,
            "count": 8241
        },
        "active_clients": {
            "count": 8241,
            "rate": 52.95314802676373
        },
        "pushpulls_time": {
            "p(95)": 241,
            "avg": 61.4735347651984,
            "min": 1,
            "med": 23,
            "max": 790,
            "p(90)": 175,
            "thresholds": {
                "p(95)<1000": false
            }
        },
        "checks": {
            "passes": 131856,
            "fails": 0,
            "value": 1
        },
        "iterations": {
            "count": 8241,
            "rate": 52.95314802676373
        },
        "data_sent": {
            "count": 62028528,
            "rate": 398568.841774816
        },
        "http_req_connecting": {
            "min": 0,
            "med": 0,
            "max": 104.407595,
            "p(90)": 0,
            "p(95)": 0,
            "avg": 0.010331425661327508
        },
        "vus": {
            "value": 3,
            "min": 3,
            "max": 500
        },
        "iteration_duration": {
            "p(90)": 7169.231234,
            "p(95)": 7356.344168,
            "avg": 6565.140192452636,
            "min": 6015.29155,
            "med": 6547.170643,
            "max": 8751.097247
        },
        "deactivate_clients": {
            "count": 8241,
            "rate": 52.95314802676373
        },
        "group_duration": {
            "max": 8751.080916,
            "p(90)": 7169.210505,
            "p(95)": 7356.308922,
            "avg": 6565.091850546673,
            "min": 6015.272103,
            "med": 6547.149384
        },
        "http_req_sending": {
            "p(90)": 0.06718330000000018,
            "p(95)": 0.18818799999999977,
            "avg": 0.41504369222484305,
            "min": 0.01068,
            "med": 0.02172,
            "max": 427.780859
        },
        "http_reqs": {
            "count": 65928,
            "rate": 423.6251842141098
        },
        "deactivate_clients_success_rate": {
            "passes": 8241,
            "fails": 0,
            "value": 1
        },
        "active_clients_success_rate": {
            "passes": 8241,
            "fails": 0,
            "value": 1
        },
        "vus_max": {
            "value": 500,
            "min": 500,
            "max": 500
        },
        "pushpulls_success_rate": {
            "passes": 41205,
            "fails": 0,
            "value": 1
        }
    }
}