{
    "root_group": {
        "groups": {
            "Presence": {
                "id": "63ab1748852475484c3afb7dae46dbde",
                "groups": {},
                "checks": {
                        "status is 200": {
                            "name": "status is 200",
                            "path": "::Presence::status is 200",
                            "id": "2bdfe827d978801584a6dde561f63b7d",
                            "passes": 65600,
                            "fails": 0
                        },
                        "response has valid body": {
                            "passes": 65600,
                            "fails": 0,
                            "name": "response has valid body",
                            "path": "::Presence::response has valid body",
                            "id": "2cb1a85a5851b9e28736f532526a5909"
                        }
                    },
                "name": "Presence",
                "path": "::Presence"
            }
        },
        "checks": {},
        "name": "",
        "path": "",
        "id": "d41d8cd98f00b204e9800998ecf8427e"
    },
    "metrics": {
        "attach_documents": {
            "count": 8200,
            "rate": 52.68237441530365
        },
        "checks": {
            "passes": 131200,
            "fails": 0,
            "value": 1
        },
        "group_duration": {
            "p(90)": 7232.2140281,
            "p(95)": 7413.101009849999,
            "avg": 6594.915969465371,
            "min": 6017.193524,
            "med": 6585.1402095,
            "max": 8971.43202
        },
        "attach_documents_time": {
            "max": 1009,
            "p(90)": 371,
            "p(95)": 481.0499999999993,
            "avg": 123.08963414634147,
            "min": 3,
            "med": 38,
            "thresholds": {
                "p(95)<10000": false
            }
        },
        "http_reqs": {
            "count": 65600,
            "rate": 421.4589953224292
        },
        "http_req_blocked": {
            "avg": 0.035911355884146276,
            "min": 0.001568,
            "med": 0.004946,
            "max": 174.283777,
            "p(90)": 0.00804,
            "p(95)": 0.009958
        },
        "transaction_time": {
            "med": 6585,
            "max": 8971,
            "p(90)": 7232.1,
            "p(95)": 7413.049999999999,
            "avg": 6594.960975609756,
            "min": 6017,
            "thresholds": {
                "p(95)<30000": false
            }
        },
        "http_req_waiting": {
            "p(95)": 212.44892399999998,
            "avg": 50.60311715007665,
            "min": 0.139923,
            "med": 12.0709195,
            "max": 773.551759,
            "p(90)": 149.12681249999997
        },
        "http_req_connecting": {
            "max": 112.866996,
            "p(90)": 0,
            "p(95)": 0,
            "avg": 0.016250192698170733,
            "min": 0,
            "med": 0
        },
        "iterations": {
            "count": 8200,
            "rate": 52.68237441530365
        },
        "http_req_duration{expected_response:true}": {
            "med": 12.645301,
            "max": 958.608162,
            "p(90)": 167.8201487,
            "p(95)": 242.55976109999995,
            "avg": 55.67036579013779,
            "min": 0.19021
        },
        "http_req_failed": {
            "passes": 0,
            "fails": 65600,
            "value": 0
        },
        "deactivate_clients_success_rate": {
            "passes": 8200,
            "fails": 0,
            "value": 1
        },
        "deactivate_clients_time": {
            "p(95)": 151.04999999999927,
            "avg": 29.605365853658537,
            "min": 0,
            "med": 4,
            "max": 683,
            "p(90)": 87,
            "thresholds": {
                "p(95)<10000": false
            }
        },
        "vus": {
            "max": 500,
            "value": 5,
            "min": 5
        },
        "iteration_duration": {
            "min": 6017.220345,
            "med": 6585.2426215,
            "max": 8971.514529,
            "p(90)": 7232.2301298,
            "p(95)": 7413.125795399999,
            "avg": 6594.993791686864
        },
        "active_clients_time": {
            "p(95)": 123,
            "avg": 27.419146341463414,
            "min": 0,
            "med": 6,
            "max": 465,
            "p(90)": 86,
            "thresholds": {
                "p(95)<500": false
            }
        },
        "vus_max": {
            "max": 500,
            "value": 500,
            "min": 500
        },
        "pushpulls": {
            "count": 41000,
            "rate": 263.41187207651825
        },
        "attach_documents_success_rate": {
            "passes": 8200,
            "fails": 0,
            "value": 1
        },
        "active_clients": {
            "count": 8200,
            "rate": 52.68237441530365
        },
        "pushpulls_success_rate": {
            "passes": 41000,
            "fails": 0,
            "value": 1
        },
        "data_received": {
            "count": 1182772432,
            "rate": 7598934.159844302
        },
        "http_req_receiving": {
            "p(90)": 0.3159288999999999,
            "p(95)": 2.326088549999995,
            "avg": 4.4299213135212945,
            "min": 0.015968,
            "med": 0.0607775,
            "max": 454.401386
        },
        "http_req_tls_handshaking": {
            "med": 0,
            "max": 0,
            "p(90)": 0,
            "p(95)": 0,
            "avg": 0,
            "min": 0
        },
        "transaction_success_rate": {
            "passes": 8200,
            "fails": 0,
            "thresholds": {
                "rate>0.99": false
            },
            "value": 1
        },
        "http_req_duration": {
            "avg": 55.67036579013779,
            "min": 0.19021,
            "med": 12.645301,
            "max": 958.608162,
            "p(90)": 167.8201487,
            "p(95)": 242.55976109999995,
            "thresholds": {
                "p(95)<10000": false
            }
        },
        "active_clients_success_rate": {
            "passes": 8200,
            "fails": 0,
            "value": 1
        },
        "pushpulls_time": {
            "avg": 67.07260975609756,
            "min": 1,
            "med": 23,
            "max": 848,
            "p(90)": 194,
            "p(95)": 276,
            "thresholds": {
                "p(95)<1000": false
            }
        },
        "deactivate_clients": {
            "count": 8200,
            "rate": 52.68237441530365
        },
        "data_sent": {
            "rate": 396530.01055841806,
            "count": 61719809
        },
        "http_req_sending": {
            "med": 0.0279225,
            "max": 336.38342,
            "p(90)": 0.0633813,
            "p(95)": 0.21399279999999968,
            "avg": 0.6373273265396295,
            "min": 0.007698
        }
    }
}