{
    "root_group": {
        "name": "",
        "path": "",
        "id": "d41d8cd98f00b204e9800998ecf8427e",
        "groups": {
            "Presence": {
                "id": "63ab1748852475484c3afb7dae46dbde",
                "groups": {},
                "checks": {
                        "status is 200": {
                            "passes": 68072,
                            "fails": 0,
                            "name": "status is 200",
                            "path": "::Presence::status is 200",
                            "id": "2bdfe827d978801584a6dde561f63b7d"
                        },
                        "response has valid body": {
                            "name": "response has valid body",
                            "path": "::Presence::response has valid body",
                            "id": "2cb1a85a5851b9e28736f532526a5909",
                            "passes": 68072,
                            "fails": 0
                        }
                    },
                "name": "Presence",
                "path": "::Presence"
            }
        },
        "checks": {}
    },
    "metrics": {
        "http_req_duration{expected_response:true}": {
            "p(90)": 93.8214974,
            "p(95)": 144.03509844999996,
            "avg": 31.71501238966078,
            "min": 0.175634,
            "med": 5.4989675,
            "max": 649.814604
        },
        "pushpulls_time": {
            "max": 683,
            "p(90)": 104,
            "p(95)": 150,
            "avg": 36.797461511340934,
            "min": 1,
            "med": 10,
            "thresholds": {
                "p(95)<1000": false
            }
        },
        "http_req_sending": {
            "max": 464.165576,
            "p(90)": 0.0471848,
            "p(95)": 0.16270059999999997,
            "avg": 0.38651270620812844,
            "min": 0.00953,
            "med": 0.02098
        },
        "http_req_failed": {
            "passes": 0,
            "fails": 68072,
            "value": 0
        },
        "http_reqs": {
            "count": 68072,
            "rate": 436.5451535156403
        },
        "http_req_tls_handshaking": {
            "avg": 0,
            "min": 0,
            "med": 0,
            "max": 0,
            "p(90)": 0,
            "p(95)": 0
        },
        "deactivate_clients_time": {
            "avg": 18.95675167469738,
            "min": 0,
            "med": 2,
            "max": 624,
            "p(90)": 55,
            "p(95)": 89,
            "thresholds": {
                "p(95)<10000": false
            }
        },
        "http_req_receiving": {
            "med": 0.049845,
            "max": 466.027833,
            "p(90)": 0.19207830000000023,
            "p(95)": 0.5833419499999998,
            "avg": 2.124223249368312,
            "min": 0.014555
        },
        "transaction_time": {
            "avg": 6349.192737101892,
            "min": 6012,
            "med": 6315,
            "max": 7974,
            "p(90)": 6740,
            "p(95)": 6872,
            "thresholds": {
                "p(95)<30000": false
            }
        },
        "http_req_connecting": {
            "max": 85.631074,
            "p(90)": 0,
            "p(95)": 0,
            "avg": 0.010720033229521688,
            "min": 0,
            "med": 0
        },
        "vus_max": {
            "value": 500,
            "min": 500,
            "max": 500
        },
        "attach_documents_time": {
            "avg": 72.74074509343049,
            "min": 3,
            "med": 14,
            "max": 710,
            "p(90)": 237,
            "p(95)": 315.59999999999945,
            "thresholds": {
                "p(95)<10000": false
            }
        },
        "pushpulls_success_rate": {
            "passes": 42545,
            "fails": 0,
            "value": 1
        },
        "active_clients": {
            "count": 8509,
            "rate": 54.56814418945504
        },
        "data_sent": {
            "count": 64046432,
            "rate": 410729.22037796775
        },
        "deactivate_clients": {
            "rate": 54.56814418945504,
            "count": 8509
        },
        "active_clients_success_rate": {
            "passes": 8509,
            "fails": 0,
            "value": 1
        },
        "group_duration": {
            "min": 6012.719682,
            "med": 6314.422652,
            "max": 7974.062102,
            "p(90)": 6739.9167728,
            "p(95)": 6872.157603799999,
            "avg": 6349.171826243397
        },
        "data_received": {
            "count": 1208173762,
            "rate": 7748007.997500569
        },
        "attach_documents": {
            "count": 8509,
            "rate": 54.56814418945504
        },
        "iteration_duration": {
            "p(95)": 6872.353830399999,
            "avg": 6349.223215541068,
            "min": 6012.740259,
            "med": 6314.585733,
            "max": 7974.084313,
            "p(90)": 6739.9409544
        },
        "pushpulls": {
            "count": 42545,
            "rate": 272.8407209472752
        },
        "transaction_success_rate": {
            "passes": 8509,
            "fails": 0,
            "thresholds": {
                "rate>0.99": false
            },
            "value": 1
        },
        "active_clients_time": {
            "max": 398,
            "p(90)": 63,
            "p(95)": 89,
            "avg": 19.626278058526268,
            "min": 0,
            "med": 3,
            "thresholds": {
                "p(95)<500": false
            }
        },
        "deactivate_clients_success_rate": {
            "fails": 0,
            "passes": 8509,
            "value": 1
        },
        "checks": {
            "passes": 136144,
            "fails": 0,
            "value": 1
        },
        "http_req_blocked": {
            "max": 85.832936,
            "p(90)": 0.005543900000000002,
            "p(95)": 0.007241449999999997,
            "avg": 0.02307069992067244,
            "min": 0.00152,
            "med": 0.003902
        },
        "http_req_duration": {
            "avg": 31.71501238966078,
            "min": 0.175634,
            "med": 5.4989675,
            "max": 649.814604,
            "p(90)": 93.8214974,
            "p(95)": 144.03509844999996,
            "thresholds": {
                "p(95)<10000": false
            }
        },
        "attach_documents_success_rate": {
            "passes": 8509,
            "fails": 0,
            "value": 1
        },
        "vus": {
            "value": 1,
            "min": 1,
            "max": 500
        },
        "iterations": {
            "count": 8509,
            "rate": 54.56814418945504
        },
        "http_req_waiting": {
            "min": 0.127207,
            "med": 5.2721374999999995,
            "max": 649.546855,
            "p(90)": 87.67604310000002,
            "p(95)": 128.12013859999982,
            "avg": 29.20427643408427
        }
    }
}