{
    "metrics": {
        "iteration_duration": {
            "min": 6016.035247,
            "med": 6476.0167785,
            "max": 9039.126319,
            "p(90)": 7108.6110934,
            "p(95)": 7311.099140499999,
            "avg": 6513.807414223753
        },
        "attach_documents_time": {
            "avg": 106.66076589595376,
            "min": 3,
            "med": 23,
            "max": 897,
            "p(90)": 331,
            "p(95)": 445.84999999999945,
            "thresholds": {
                "p(95)<10000": false
            }
        },
        "http_req_duration{expected_response:true}": {
            "p(95)": 227.09548679999986,
            "avg": 49.63104541562843,
            "min": 0.499292,
            "med": 10.954186,
            "max": 896.366194,
            "p(90)": 143.0301767
        },
        "transaction_time": {
            "med": 6476,
            "max": 9039,
            "p(90)": 7108,
            "p(95)": 7311.699999999999,
            "avg": 6513.779022157996,
            "min": 6016,
            "thresholds": {
                "p(95)<30000": false
            }
        },
        "http_req_blocked": {
            "max": 236.088908,
            "p(90)": 0.00541,
            "p(95)": 0.007103,
            "avg": 0.023457386891860124,
            "min": 0.001393,
            "med": 0.004018
        },
        "http_req_sending": {
            "avg": 0.41503711879816746,
            "min": 0.011031,
            "med": 0.02147,
            "max": 428.916384,
            "p(90)": 0.05783700000000001,
            "p(95)": 0.17708899999999994
        },
        "http_req_waiting": {
            "avg": 46.05687288338453,
            "min": 0.443838,
            "med": 10.5949305,
            "max": 872.371792,
            "p(90)": 132.3092277,
            "p(95)": 200.94267344999986
        },
        "iterations": {
            "count": 8304,
            "rate": 53.570268913068844
        },
        "pushpulls_success_rate": {
            "passes": 41520,
            "fails": 0,
            "value": 1
        },
        "data_received": {
            "count": 1201328664,
            "rate": 7749939.737892308
        },
        "checks": {
            "passes": 132864,
            "fails": 0,
            "value": 1
        },
        "deactivate_clients": {
            "count": 8304,
            "rate": 53.570268913068844
        },
        "vus": {
            "value": 1,
            "min": 1,
            "max": 500
        },
        "attach_documents_success_rate": {
            "passes": 8304,
            "fails": 0,
            "value": 1
        },
        "pushpulls_time": {
            "p(90)": 162,
            "p(95)": 239,
            "avg": 58.00568400770713,
            "min": 1,
            "med": 20,
            "max": 900,
            "thresholds": {
                "p(95)<1000": false
            }
        },
        "http_req_failed": {
            "passes": 0,
            "fails": 66432,
            "value": 0
        },
        "http_req_receiving": {
            "avg": 3.159135413445341,
            "min": 0.015549,
            "med": 0.0535905,
            "max": 362.795671,
            "p(90)": 0.2601212,
            "p(95)": 1.054747149999999
        },
        "active_clients_time": {
            "avg": 26.34200385356455,
            "min": 1,
            "med": 6,
            "max": 532,
            "p(90)": 82,
            "p(95)": 118,
            "thresholds": {
                "p(95)<500": false
            }
        },
        "transaction_success_rate": {
            "passes": 8304,
            "fails": 0,
            "thresholds": {
                "rate>0.99": false
            },
            "value": 1
        },
        "active_clients": {
            "count": 8304,
            "rate": 53.570268913068844
        },
        "http_req_connecting": {
            "avg": 0.006475525018063583,
            "min": 0,
            "med": 0,
            "max": 44.543383,
            "p(90)": 0,
            "p(95)": 0
        },
        "attach_documents": {
            "count": 8304,
            "rate": 53.570268913068844
        },
        "data_sent": {
            "rate": 403214.3309031502,
            "count": 62502800
        },
        "deactivate_clients_time": {
            "avg": 25.45050578034682,
            "min": 0,
            "med": 4,
            "max": 570,
            "p(90)": 74,
            "p(95)": 110,
            "thresholds": {
                "p(95)<10000": false
            }
        },
        "http_req_tls_handshaking": {
            "max": 0,
            "p(90)": 0,
            "p(95)": 0,
            "avg": 0,
            "min": 0,
            "med": 0
        },
        "active_clients_success_rate": {
            "passes": 8304,
            "fails": 0,
            "value": 1
        },
        "group_duration": {
            "avg": 6513.742501097295,
            "min": 6016.010711,
            "med": 6475.981834,
            "max": 9039.093137,
            "p(90)": 7108.5802745,
            "p(95)": 7311.0781066499985
        },
        "deactivate_clients_success_rate": {
            "passes": 8304,
            "fails": 0,
            "value": 1
        },
        "vus_max": {
            "value": 500,
            "min": 500,
            "max": 500
        },
        "pushpulls": {
            "rate": 267.8513445653442,
            "count": 41520
        },
        "http_req_duration": {
            "p(90)": 143.0301767,
            "p(95)": 227.09548679999986,
            "avg": 49.63104541562843,
            "min": 0.499292,
            "med": 10.954186,
            "max": 896.366194,
            "thresholds": {
                "p(95)<10000": false
            }
        },
        "http_reqs": {
            "count": 66432,
            "rate": 428.56215130455075
        }
    },
    "root_group": {
        "checks": {},
        "name": "",
        "path": "",
        "id": "d41d8cd98f00b204e9800998ecf8427e",
        "groups": {
                "Presence": {
                    "name": "Presence",
                    "path": "::Presence",
                    "id": "63ab1748852475484c3afb7dae46dbde",
                    "groups": {},
                    "checks": {
                            "status is 200": {
                                "passes": 66432,
                                "fails": 0,
                                "name": "status is 200",
                                "path": "::Presence::status is 200",
                                "id": "2bdfe827d978801584a6dde561f63b7d"
                            },
                            "response has valid body": {
                                "name": "response has valid body",
                                "path": "::Presence::response has valid body",
                                "id": "2cb1a85a5851b9e28736f532526a5909",
                                "passes": 66432,
                                "fails": 0
                            }
                        }
                }
            }
    }
}