{
    "root_group": {
        "checks": {},
        "name": "",
        "path": "",
        "id": "d41d8cd98f00b204e9800998ecf8427e",
        "groups": {
                "Presence": {
                    "path": "::Presence",
                    "id": "63ab1748852475484c3afb7dae46dbde",
                    "groups": {},
                    "checks": {
                            "status is 200": {
                                "name": "status is 200",
                                "path": "::Presence::status is 200",
                                "id": "2bdfe827d978801584a6dde561f63b7d",
                                "passes": 67520,
                                "fails": 0
                            },
                            "response has valid body": {
                                "name": "response has valid body",
                                "path": "::Presence::response has valid body",
                                "id": "2cb1a85a5851b9e28736f532526a5909",
                                "passes": 67520,
                                "fails": 0
                            }
                        },
                    "name": "Presence"
                }
            }
    },
    "metrics": {
        "pushpulls": {
            "count": 42200,
            "rate": 273.23891800067014
        },
        "http_req_duration": {
            "min": 0.1673,
            "med": 7.625832,
            "max": 709.775454,
            "p(90)": 114.23762209999998,
            "p(95)": 172.54455614999998,
            "avg": 37.76975773514543,
            "thresholds": {
                "p(95)<10000": false
            }
        },
        "http_req_tls_handshaking": {
            "p(90)": 0,
            "p(95)": 0,
            "avg": 0,
            "min": 0,
            "med": 0,
            "max": 0
        },
        "active_clients_success_rate": {
            "passes": 8440,
            "fails": 0,
            "value": 1
        },
        "http_req_failed": {
            "passes": 0,
            "fails": 67520,
            "value": 0
        },
        "iteration_duration": {
            "avg": 6403.750582962915,
            "min": 6013.562552,
            "med": 6366.9872135,
            "max": 8213.072054,
            "p(90)": 6868.9685477,
            "p(95)": 7006.59505165
        },
        "checks": {
            "fails": 0,
            "passes": 135040,
            "value": 1
        },
        "active_clients_time": {
            "min": 0,
            "med": 4,
            "max": 470,
            "p(90)": 72,
            "p(95)": 107,
            "avg": 22.83708530805687,
            "thresholds": {
                "p(95)<500": false
            }
        },
        "transaction_success_rate": {
            "passes": 8440,
            "fails": 0,
            "thresholds": {
                "rate>0.99": false
            },
            "value": 1
        },
        "active_clients": {
            "count": 8440,
            "rate": 54.64778360013403
        },
        "pushpulls_time": {
            "med": 14,
            "max": 782,
            "p(90)": 128,
            "p(95)": 183,
            "avg": 44.52632701421801,
            "min": 1,
            "thresholds": {
                "p(95)<1000": false
            }
        },
        "http_req_duration{expected_response:true}": {
            "p(90)": 114.23762209999998,
            "p(95)": 172.54455614999998,
            "avg": 37.76975773514543,
            "min": 0.1673,
            "med": 7.625832,
            "max": 709.775454
        },
        "transaction_time": {
            "max": 8213,
            "p(90)": 6869,
            "p(95)": 7007,
            "avg": 6403.677369668247,
            "min": 6013,
            "med": 6367,
            "thresholds": {
                "p(95)<30000": false
            }
        },
        "http_req_connecting": {
            "avg": 0.013973529117298579,
            "min": 0,
            "med": 0,
            "max": 93.822125,
            "p(90)": 0,
            "p(95)": 0
        },
        "http_reqs": {
            "count": 67520,
            "rate": 437.1822688010722
        },
        "vus": {
            "value": 4,
            "min": 4,
            "max": 500
        },
        "group_duration": {
            "avg": 6403.661484595112,
            "min": 6013.51243,
            "med": 6366.8860075,
            "max": 8213.051424,
            "p(90)": 6868.948129,
            "p(95)": 7006.4945241
        },
        "data_sent": {
            "rate": 411327.761369117,
            "count": 63526937
        },
        "http_req_sending": {
            "avg": 0.34776631718009393,
            "min": 0.008736,
            "med": 0.020509,
            "max": 243.773304,
            "p(90)": 0.05539689999999996,
            "p(95)": 0.17236249999999995
        },
        "http_req_waiting": {
            "avg": 35.737417044564644,
            "min": 0.125702,
            "med": 7.3166174999999996,
            "max": 673.435867,
            "p(90)": 108.81076329999999,
            "p(95)": 160.91621049999986
        },
        "attach_documents_time": {
            "med": 19,
            "max": 710,
            "p(90)": 240.10000000000036,
            "p(95)": 333,
            "avg": 76.76137440758293,
            "min": 2,
            "thresholds": {
                "p(95)<10000": false
            }
        },
        "attach_documents_success_rate": {
            "passes": 8440,
            "fails": 0,
            "value": 1
        },
        "http_req_receiving": {
            "max": 426.271897,
            "p(90)": 0.20547499999999996,
            "p(95)": 0.6456684999999998,
            "avg": 1.6845743734004723,
            "min": 0.013535,
            "med": 0.051726
        },
        "iterations": {
            "count": 8440,
            "rate": 54.64778360013403
        },
        "http_req_blocked": {
            "avg": 0.022554021401067402,
            "min": 0.001282,
            "med": 0.003867,
            "max": 94.039861,
            "p(90)": 0.005531,
            "p(95)": 0.007424
        },
        "deactivate_clients_time": {
            "p(90)": 65,
            "p(95)": 98,
            "avg": 19.994549763033174,
            "min": 0,
            "med": 2,
            "max": 536,
            "thresholds": {
                "p(95)<10000": false
            }
        },
        "pushpulls_success_rate": {
            "passes": 42200,
            "fails": 0,
            "value": 1
        },
        "deactivate_clients_success_rate": {
            "passes": 8440,
            "fails": 0,
            "value": 1
        },
        "deactivate_clients": {
            "count": 8440,
            "rate": 54.64778360013403
        },
        "data_received": {
            "count": 1229300218,
            "rate": 7959541.740860377
        },
        "attach_documents": {
            "count": 8440,
            "rate": 54.64778360013403
        },
        "vus_max": {
            "value": 500,
            "min": 500,
            "max": 500
        }
    }
}