{
    "root_group": {
        "name": "",
        "path": "",
        "id": "d41d8cd98f00b204e9800998ecf8427e",
        "groups": {
            "Presence": {
                "name": "Presence",
                "path": "::Presence",
                "id": "63ab1748852475484c3afb7dae46dbde",
                "groups": {},
                "checks": {
                        "status is 200": {
                            "name": "status is 200",
                            "path": "::Presence::status is 200",
                            "id": "2bdfe827d978801584a6dde561f63b7d",
                            "passes": 67816,
                            "fails": 0
                        },
                        "response has valid body": {
                            "passes": 67816,
                            "fails": 0,
                            "name": "response has valid body",
                            "path": "::Presence::response has valid body",
                            "id": "2cb1a85a5851b9e28736f532526a5909"
                        }
                    }
            }
        },
        "checks": {}
    },
    "metrics": {
        "http_req_duration": {
            "avg": 35.7218963051344,
            "min": 0.17701,
            "med": 9.5261625,
            "max": 846.039048,
            "p(90)": 99.97203099999999,
            "p(95)": 150.968064,
            "thresholds": {
                "p(95)<10000": false
            }
        },
        "http_req_receiving": {
            "p(95)": 0.6399075000000001,
            "avg": 1.272959257771048,
            "min": 0.012994,
            "med": 0.05358,
            "max": 341.25594,
            "p(90)": 0.2015595
        },
        "active_clients_time": {
            "max": 436,
            "p(90)": 58,
            "p(95)": 84,
            "avg": 20.043647516810193,
            "min": 0,
            "med": 6,
            "thresholds": {
                "p(95)<500": false
            }
        },
        "transaction_success_rate": {
            "passes": 8477,
            "fails": 0,
            "thresholds": {
                "rate>0.99": false
            },
            "value": 1
        },
        "http_req_connecting": {
            "med": 0,
            "max": 108.646196,
            "p(90)": 0,
            "p(95)": 0,
            "avg": 0.015076841128937125,
            "min": 0
        },
        "checks": {
            "passes": 135632,
            "fails": 0,
            "value": 1
        },
        "attach_documents": {
            "rate": 54.360735967824674,
            "count": 8477
        },
        "vus": {
            "value": 1,
            "min": 1,
            "max": 500
        },
        "data_received": {
            "count": 1234680145,
            "rate": 7917673.866587293
        },
        "vus_max": {
            "value": 500,
            "min": 500,
            "max": 500
        },
        "http_req_duration{expected_response:true}": {
            "p(90)": 99.97203099999999,
            "p(95)": 150.968064,
            "avg": 35.7218963051344,
            "min": 0.17701,
            "med": 9.5261625,
            "max": 846.039048
        },
        "deactivate_clients_time": {
            "med": 3,
            "max": 494,
            "p(90)": 51,
            "p(95)": 81,
            "avg": 18.105461837914355,
            "min": 0,
            "thresholds": {
                "p(95)<10000": false
            }
        },
        "iteration_duration": {
            "p(95)": 6885.696076200001,
            "avg": 6373.428863028323,
            "min": 6015.660899,
            "med": 6356.433034,
            "max": 7781.722835,
            "p(90)": 6771.2075322
        },
        "http_reqs": {
            "count": 67816,
            "rate": 434.8858877425974
        },
        "deactivate_clients": {
            "rate": 54.360735967824674,
            "count": 8477
        },
        "group_duration": {
            "avg": 6373.346350931454,
            "min": 6015.636654,
            "med": 6356.413227,
            "max": 7781.693039,
            "p(90)": 6771.1869956,
            "p(95)": 6885.6778572
        },
        "attach_documents_time": {
            "min": 3,
            "med": 26,
            "max": 856,
            "p(90)": 272,
            "p(95)": 359,
            "avg": 89.06346584876725,
            "thresholds": {
                "p(95)<10000": false
            }
        },
        "iterations": {
            "count": 8477,
            "rate": 54.360735967824674
        },
        "http_req_blocked": {
            "med": 0.004028,
            "max": 108.83042,
            "p(90)": 0.005961,
            "p(95)": 0.008166,
            "avg": 0.024929836778932127,
            "min": 0.001483
        },
        "http_req_waiting": {
            "avg": 34.099718154476605,
            "min": 0.131896,
            "med": 9.1417495,
            "max": 687.4068,
            "p(90)": 94.798029,
            "p(95)": 141.16656125
        },
        "pushpulls": {
            "count": 42385,
            "rate": 271.8036798391234
        },
        "pushpulls_time": {
            "avg": 39.20103810310251,
            "min": 1,
            "med": 17,
            "max": 772,
            "p(90)": 106,
            "p(95)": 144,
            "thresholds": {
                "p(95)<1000": false
            }
        },
        "http_req_failed": {
            "passes": 0,
            "fails": 67816,
            "value": 0
        },
        "active_clients_success_rate": {
            "passes": 8477,
            "fails": 0,
            "value": 1
        },
        "http_req_tls_handshaking": {
            "min": 0,
            "med": 0,
            "max": 0,
            "p(90)": 0,
            "p(95)": 0,
            "avg": 0
        },
        "deactivate_clients_success_rate": {
            "passes": 8477,
            "fails": 0,
            "value": 1
        },
        "attach_documents_success_rate": {
            "passes": 8477,
            "fails": 0,
            "value": 1
        },
        "data_sent": {
            "count": 63805477,
            "rate": 409167.4753448284
        },
        "http_req_sending": {
            "avg": 0.3492188928866381,
            "min": 0.009297,
            "med": 0.02109,
            "max": 304.207212,
            "p(90)": 0.056485,
            "p(95)": 0.174671
        },
        "pushpulls_success_rate": {
            "passes": 42385,
            "fails": 0,
            "value": 1
        },
        "transaction_time": {
            "avg": 6373.392355786245,
            "min": 6015,
            "med": 6356,
            "max": 7782,
            "p(90)": 6771,
            "p(95)": 6885.2,
            "thresholds": {
                "p(95)<30000": false
            }
        },
        "active_clients": {
            "count": 8477,
            "rate": 54.360735967824674
        }
    }
}