{
    "root_group": {
        "groups": {
            "Presence": {
                "name": "Presence",
                "path": "::Presence",
                "id": "63ab1748852475484c3afb7dae46dbde",
                "groups": {},
                "checks": {
                        "status is 200": {
                            "name": "status is 200",
                            "path": "::Presence::status is 200",
                            "id": "2bdfe827d978801584a6dde561f63b7d",
                            "passes": 68200,
                            "fails": 0
                        },
                        "response has valid body": {
                            "name": "response has valid body",
                            "path": "::Presence::response has valid body",
                            "id": "2cb1a85a5851b9e28736f532526a5909",
                            "passes": 68200,
                            "fails": 0
                        }
                    }
            }
        },
        "checks": {},
        "name": "",
        "path": "",
        "id": "d41d8cd98f00b204e9800998ecf8427e"
    },
    "metrics": {
        "iteration_duration": {
            "med": 6306.673872,
            "max": 7602.940193,
            "p(90)": 6767.5533780000005,
            "p(95)": 6886.828329999999,
            "avg": 6342.923253602925,
            "min": 6012.07719
        },
        "transaction_success_rate": {
            "passes": 8525,
            "fails": 0,
            "thresholds": {
                "rate>0.99": false
            },
            "value": 1
        },
        "deactivate_clients_time": {
            "avg": 18.580879765395895,
            "min": 0,
            "med": 2,
            "max": 439,
            "p(90)": 58,
            "p(95)": 91,
            "thresholds": {
                "p(95)<10000": false
            }
        },
        "active_clients_success_rate": {
            "fails": 0,
            "passes": 8525,
            "value": 1
        },
        "iterations": {
            "rate": 54.673398881818265,
            "count": 8525
        },
        "attach_documents": {
            "count": 8525,
            "rate": 54.673398881818265
        },
        "attach_documents_success_rate": {
            "passes": 8525,
            "fails": 0,
            "value": 1
        },
        "pushpulls": {
            "count": 42625,
            "rate": 273.3669944090913
        },
        "http_req_connecting": {
            "avg": 0.0037166853079178886,
            "min": 0,
            "med": 0,
            "max": 19.226117,
            "p(90)": 0,
            "p(95)": 0
        },
        "http_req_waiting": {
            "avg": 31.09197247731683,
            "min": 0.129476,
            "med": 6.607618,
            "max": 631.159363,
            "p(90)": 90.37158489999997,
            "p(95)": 138.59656574999997
        },
        "http_req_blocked": {
            "med": 0.003757,
            "max": 98.239939,
            "p(90)": 0.00529,
            "p(95)": 0.006963,
            "avg": 0.014323034017595776,
            "min": 0.001373
        },
        "group_duration": {
            "min": 6012.039409,
            "med": 6306.654926,
            "max": 7602.925305,
            "p(90)": 6767.527765000001,
            "p(95)": 6886.3175986,
            "avg": 6342.869029482933
        },
        "data_received": {
            "count": 1208043978,
            "rate": 7747550.76550997
        },
        "pushpulls_success_rate": {
            "passes": 42625,
            "fails": 0,
            "value": 1
        },
        "http_req_sending": {
            "p(95)": 0.1593747499999995,
            "avg": 0.304893350674487,
            "min": 0.008997,
            "med": 0.020048,
            "max": 374.777058,
            "p(90)": 0.051579899999999956
        },
        "checks": {
            "passes": 136400,
            "fails": 0,
            "value": 1
        },
        "active_clients": {
            "rate": 54.673398881818265,
            "count": 8525
        },
        "transaction_time": {
            "max": 7602,
            "p(90)": 6767.6,
            "p(95)": 6887,
            "avg": 6342.89219941349,
            "min": 6012,
            "med": 6307,
            "thresholds": {
                "p(95)<30000": false
            }
        },
        "vus": {
            "value": 1,
            "min": 1,
            "max": 500
        },
        "vus_max": {
            "max": 500,
            "value": 500,
            "min": 500
        },
        "http_reqs": {
            "count": 68200,
            "rate": 437.3871910545461
        },
        "http_req_duration": {
            "avg": 32.67094029627597,
            "min": 0.176342,
            "med": 6.901759500000001,
            "max": 663.874088,
            "p(90)": 94.58883689999999,
            "p(95)": 145.93179034999997,
            "thresholds": {
                "p(95)<10000": false
            }
        },
        "attach_documents_time": {
            "max": 641,
            "p(90)": 264,
            "p(95)": 341,
            "avg": 77.65126099706745,
            "min": 2,
            "med": 18,
            "thresholds": {
                "p(95)<10000": false
            }
        },
        "deactivate_clients_success_rate": {
            "passes": 8525,
            "fails": 0,
            "value": 1
        },
        "http_req_tls_handshaking": {
            "avg": 0,
            "min": 0,
            "med": 0,
            "max": 0,
            "p(90)": 0,
            "p(95)": 0
        },
        "http_req_failed": {
            "passes": 0,
            "fails": 68200,
            "value": 0
        },
        "http_req_receiving": {
            "min": 0.013886,
            "med": 0.050024,
            "max": 400.318221,
            "p(90)": 0.18591,
            "p(95)": 0.5162515,
            "avg": 1.2740744682844456
        },
        "http_req_duration{expected_response:true}": {
            "min": 0.176342,
            "med": 6.901759500000001,
            "max": 663.874088,
            "p(90)": 94.58883689999999,
            "p(95)": 145.93179034999997,
            "avg": 32.67094029627597
        },
        "deactivate_clients": {
            "count": 8525,
            "rate": 54.673398881818265
        },
        "active_clients_time": {
            "avg": 20.43741935483871,
            "min": 0,
            "med": 4,
            "max": 351,
            "p(90)": 63,
            "p(95)": 92,
            "thresholds": {
                "p(95)<500": false
            }
        },
        "pushpulls_time": {
            "avg": 35.791202346041054,
            "min": 1,
            "med": 12,
            "max": 742,
            "p(90)": 100,
            "p(95)": 143,
            "thresholds": {
                "p(95)<1000": false
            }
        },
        "data_sent": {
            "count": 64167059,
            "rate": 411522.72278946236
        }
    }
}