{
    "root_group": {
        "name": "",
        "path": "",
        "id": "d41d8cd98f00b204e9800998ecf8427e",
        "groups": {
            "Presence": {
                "checks": {
                    "status is 200": {
                        "name": "status is 200",
                        "path": "::Presence::status is 200",
                        "id": "2bdfe827d978801584a6dde561f63b7d",
                        "passes": 67328,
                        "fails": 0
                    },
                    "response has valid body": {
                        "fails": 0,
                        "name": "response has valid body",
                        "path": "::Presence::response has valid body",
                        "id": "2cb1a85a5851b9e28736f532526a5909",
                        "passes": 67328
                    }
                },
                "name": "Presence",
                "path": "::Presence",
                "id": "63ab1748852475484c3afb7dae46dbde",
                "groups": {}
            }
        },
        "checks": {}
    },
    "metrics": {
        "pushpulls_time": {
            "p(95)": 182,
            "avg": 44.756653992395435,
            "min": 1,
            "med": 15,
            "max": 567,
            "p(90)": 129,
            "thresholds": {
                "p(95)<1000": false
            }
        },
        "active_clients": {
            "count": 8416,
            "rate": 54.46346496126537
        },
        "pushpulls_success_rate": {
            "passes": 42080,
            "fails": 0,
            "value": 1
        },
        "active_clients_time": {
            "p(90)": 67,
            "p(95)": 95.25,
            "avg": 21.224334600760457,
            "min": 0,
            "med": 5,
            "max": 462,
            "thresholds": {
                "p(95)<500": false
            }
        },
        "http_req_failed": {
            "passes": 0,
            "fails": 67328,
            "value": 0
        },
        "checks": {
            "passes": 134656,
            "fails": 0,
            "value": 1
        },
        "deactivate_clients": {
            "count": 8416,
            "rate": 54.46346496126537
        },
        "iteration_duration": {
            "p(95)": 7059.1551485,
            "avg": 6421.142095971842,
            "min": 6013.901741,
            "med": 6393.7543645000005,
            "max": 7957.238377,
            "p(90)": 6900.1703904999995
        },
        "iterations": {
            "count": 8416,
            "rate": 54.46346496126537
        },
        "vus_max": {
            "value": 500,
            "min": 500,
            "max": 500
        },
        "data_sent": {
            "count": 63346389,
            "rate": 409941.0453569613
        },
        "deactivate_clients_time": {
            "avg": 19.19486692015209,
            "min": 0,
            "med": 2,
            "max": 464,
            "p(90)": 56,
            "p(95)": 92,
            "thresholds": {
                "p(95)<10000": false
            }
        },
        "active_clients_success_rate": {
            "passes": 8416,
            "fails": 0,
            "value": 1
        },
        "vus": {
            "value": 5,
            "min": 5,
            "max": 500
        },
        "transaction_time": {
            "min": 6014,
            "med": 6394,
            "max": 7957,
            "p(90)": 6900,
            "p(95)": 7059,
            "avg": 6421.1105038022815,
            "thresholds": {
                "p(95)<30000": false
            }
        },
        "http_req_sending": {
            "p(95)": 0.16794914999999994,
            "avg": 0.41720331018298656,
            "min": 0.009909,
            "med": 0.02174,
            "max": 420.364653,
            "p(90)": 0.05059700000000003
        },
        "http_req_duration": {
            "med": 8.1510095,
            "max": 743.724413,
            "p(90)": 117.90789010000003,
            "p(95)": 181.0245500999999,
            "avg": 39.863722921102664,
            "min": 0.167616,
            "thresholds": {
                "p(95)<10000": false
            }
        },
        "http_req_blocked": {
            "avg": 0.022331402284340416,
            "min": 0.001553,
            "med": 0.004017,
            "max": 86.919455,
            "p(90)": 0.005491,
            "p(95)": 0.007350499999999942
        },
        "attach_documents_success_rate": {
            "passes": 8416,
            "fails": 0,
            "value": 1
        },
        "attach_documents": {
            "count": 8416,
            "rate": 54.46346496126537
        },
        "data_received": {
            "count": 1222444585,
            "rate": 7910951.4997904105
        },
        "group_duration": {
            "min": 6013.876935,
            "med": 6393.729101999999,
            "max": 7957.218389,
            "p(90)": 6900.1491355,
            "p(95)": 7059.13449175,
            "avg": 6421.069416583439
        },
        "deactivate_clients_success_rate": {
            "passes": 8416,
            "fails": 0,
            "value": 1
        },
        "attach_documents_time": {
            "p(90)": 317,
            "p(95)": 391,
            "avg": 98.85432509505704,
            "min": 3,
            "med": 23.5,
            "max": 745,
            "thresholds": {
                "p(95)<10000": false
            }
        },
        "http_req_waiting": {
            "max": 743.557131,
            "p(90)": 110.0169489,
            "p(95)": 168.91222449999992,
            "avg": 37.776006732296295,
            "min": 0.130226,
            "med": 7.8125585
        },
        "http_req_duration{expected_response:true}": {
            "avg": 39.863722921102664,
            "min": 0.167616,
            "med": 8.1510095,
            "max": 743.724413,
            "p(90)": 117.90789010000003,
            "p(95)": 181.0245500999999
        },
        "http_req_connecting": {
            "p(90)": 0,
            "p(95)": 0,
            "avg": 0.00797373084006654,
            "min": 0,
            "med": 0,
            "max": 57.888275
        },
        "http_reqs": {
            "count": 67328,
            "rate": 435.707719690123
        },
        "transaction_success_rate": {
            "passes": 8416,
            "fails": 0,
            "thresholds": {
                "rate>0.99": false
            },
            "value": 1
        },
        "http_req_receiving": {
            "avg": 1.6705128786240546,
            "min": 0.014438,
            "med": 0.052919,
            "max": 412.153227,
            "p(90)": 0.2034983000000001,
            "p(95)": 0.6689396499999984
        },
        "pushpulls": {
            "count": 42080,
            "rate": 272.3173248063269
        },
        "http_req_tls_handshaking": {
            "max": 0,
            "p(90)": 0,
            "p(95)": 0,
            "avg": 0,
            "min": 0,
            "med": 0
        }
    }
}