{
    "metrics": {
        "http_req_waiting": {
            "med": 5.838615,
            "max": 597.868307,
            "p(90)": 87.82741000000001,
            "p(95)": 137.88378769999994,
            "avg": 29.371765116354545,
            "min": 0.135975
        },
        "vus": {
            "max": 500,
            "value": 2,
            "min": 2
        },
        "pushpulls_success_rate": {
            "fails": 0,
            "passes": 42580,
            "value": 1
        },
        "http_req_sending": {
            "min": 0.01058,
            "med": 0.020689,
            "max": 318.710348,
            "p(90)": 0.05083800000000003,
            "p(95)": 0.16406099999999987,
            "avg": 0.3385227752465949
        },
        "data_received": {
            "count": 1210343914,
            "rate": 7787217.510676735
        },
        "http_req_failed": {
            "passes": 0,
            "fails": 68128,
            "value": 0
        },
        "checks": {
            "passes": 136256,
            "fails": 0,
            "value": 1
        },
        "attach_documents": {
            "count": 8516,
            "rate": 54.79099250539387
        },
        "data_sent": {
            "count": 64099546,
            "rate": 412409.31710722746
        },
        "transaction_success_rate": {
            "passes": 8516,
            "fails": 0,
            "thresholds": {
                "rate>0.99": false
            },
            "value": 1
        },
        "pushpulls": {
            "count": 42580,
            "rate": 273.9549625269693
        },
        "active_clients_success_rate": {
            "passes": 8516,
            "fails": 0,
            "value": 1
        },
        "http_req_blocked": {
            "p(90)": 0.00528,
            "p(95)": 0.007204,
            "avg": 0.01985405521958734,
            "min": 0.001382,
            "med": 0.003858,
            "max": 125.770084
        },
        "attach_documents_time": {
            "p(95)": 319.25,
            "avg": 78.00528417097229,
            "min": 2,
            "med": 18,
            "max": 599,
            "p(90)": 233,
            "thresholds": {
                "p(95)<10000": false
            }
        },
        "attach_documents_success_rate": {
            "passes": 8516,
            "fails": 0,
            "value": 1
        },
        "http_req_tls_handshaking": {
            "min": 0,
            "med": 0,
            "max": 0,
            "p(90)": 0,
            "p(95)": 0,
            "avg": 0
        },
        "http_reqs": {
            "count": 68128,
            "rate": 438.32794004315093
        },
        "iteration_duration": {
            "avg": 6339.021592603465,
            "min": 6013.665317,
            "med": 6288.461502,
            "max": 7642.302508,
            "p(90)": 6763.690903000001,
            "p(95)": 6897.7084967499995
        },
        "http_req_duration": {
            "avg": 31.24400388442313,
            "min": 0.18118,
            "med": 6.0847549999999995,
            "max": 598.395355,
            "p(90)": 93.46317850000008,
            "p(95)": 148.21781239999996,
            "thresholds": {
                "p(95)<10000": false
            }
        },
        "group_duration": {
            "max": 7642.257533,
            "p(90)": 6763.160608,
            "p(95)": 6897.4680960000005,
            "avg": 6338.9177960314655,
            "min": 6013.606718,
            "med": 6288.4417045
        },
        "deactivate_clients_success_rate": {
            "passes": 8516,
            "fails": 0,
            "value": 1
        },
        "http_req_duration{expected_response:true}": {
            "min": 0.18118,
            "med": 6.0847549999999995,
            "max": 598.395355,
            "p(90)": 93.46317850000008,
            "p(95)": 148.21781239999996,
            "avg": 31.24400388442313
        },
        "active_clients_time": {
            "avg": 18.27266322217003,
            "min": 0,
            "med": 4,
            "max": 441,
            "p(90)": 53,
            "p(95)": 84,
            "thresholds": {
                "p(95)<500": false
            }
        },
        "vus_max": {
            "value": 500,
            "min": 500,
            "max": 500
        },
        "iterations": {
            "count": 8516,
            "rate": 54.79099250539387
        },
        "http_req_receiving": {
            "p(90)": 0.1978433000000001,
            "p(95)": 0.5537161499999976,
            "avg": 1.5337159928223345,
            "min": 0.015048,
            "med": 0.05294,
            "max": 333.862817
        },
        "deactivate_clients_time": {
            "p(95)": 78,
            "avg": 16.446218882104276,
            "min": 0,
            "med": 2,
            "max": 358,
            "p(90)": 49,
            "thresholds": {
                "p(95)<10000": false
            }
        },
        "deactivate_clients": {
            "count": 8516,
            "rate": 54.79099250539387
        },
        "active_clients": {
            "count": 8516,
            "rate": 54.79099250539387
        },
        "http_req_connecting": {
            "p(90)": 0,
            "p(95)": 0,
            "avg": 0.007306697011507754,
            "min": 0,
            "med": 0,
            "max": 61.221231
        },
        "transaction_time": {
            "avg": 6338.977571629873,
            "min": 6014,
            "med": 6288,
            "max": 7643,
            "p(90)": 6763.5,
            "p(95)": 6897,
            "thresholds": {
                "p(95)<30000": false
            }
        },
        "pushpulls_time": {
            "max": 616,
            "p(90)": 100,
            "p(95)": 154,
            "avg": 35.365523720056366,
            "min": 1,
            "med": 11,
            "thresholds": {
                "p(95)<1000": false
            }
        }
    },
    "root_group": {
        "groups": {
            "Presence": {
                "name": "Presence",
                "path": "::Presence",
                "id": "63ab1748852475484c3afb7dae46dbde",
                "groups": {},
                "checks": {
                        "status is 200": {
                            "name": "status is 200",
                            "path": "::Presence::status is 200",
                            "id": "2bdfe827d978801584a6dde561f63b7d",
                            "passes": 68128,
                            "fails": 0
                        },
                        "response has valid body": {
                            "path": "::Presence::response has valid body",
                            "id": "2cb1a85a5851b9e28736f532526a5909",
                            "passes": 68128,
                            "fails": 0,
                            "name": "response has valid body"
                        }
                    }
            }
        },
        "checks": {},
        "name": "",
        "path": "",
        "id": "d41d8cd98f00b204e9800998ecf8427e"
    }
}