{
    "root_group": {
        "name": "",
        "path": "",
        "id": "d41d8cd98f00b204e9800998ecf8427e",
        "groups": {
            "Attachment": {
                "path": "::Attachment",
                "id": "8e39eb0cb12fb749ba9ccd15af52cbad",
                "groups": {},
                "checks": {
                        "status is 200": {
                            "name": "status is 200",
                            "path": "::Attachment::status is 200",
                            "id": "db3dc3f9e26c1649b08cc5a49159f747",
                            "passes": 72964,
                            "fails": 0
                        },
                        "response has valid body": {
                            "name": "response has valid body",
                            "path": "::Attachment::response has valid body",
                            "id": "ae60d91cf191d752075b277bc603091f",
                            "passes": 72964,
                            "fails": 0
                        }
                    },
                "name": "Attachment"
            }
        },
        "checks": {}
    },
    "metrics": {
        "http_req_sending": {
            "avg": 0.6683528944410928,
            "min": 0.01079,
            "med": 0.02168,
            "max": 512.729743,
            "p(90)": 0.10397899999999985,
            "p(95)": 0.2597449999999965
        },
        "data_sent": {
            "count": 68390063,
            "rate": 442327.3095785628
        },
        "http_req_duration": {
            "avg": 150.72442952898498,
            "min": 0.950794,
            "med": 23.381442,
            "max": 1410.373142,
            "p(90)": 544.4144043,
            "p(95)": 782.0944913,
            "thresholds": {
                "p(95)<10000": false
            }
        },
        "http_req_connecting": {
            "p(95)": 0,
            "avg": 0.03235117482594157,
            "min": 0,
            "med": 0,
            "max": 159.062296,
            "p(90)": 0
        },
        "http_req_receiving": {
            "avg": 3.920887543925788,
            "min": 0.014828,
            "med": 0.048771,
            "max": 593.638548,
            "p(90)": 0.30028769999999994,
            "p(95)": 1.076170299999995
        },
        "attach_documents": {
            "count": 10589,
            "rate": 68.48661451192699
        },
        "http_req_tls_handshaking": {
            "min": 0,
            "med": 0,
            "max": 0,
            "p(90)": 0,
            "p(95)": 0,
            "avg": 0
        },
        "pushpulls": {
            "count": 41197,
            "rate": 266.4503785105162
        },
        "transaction_time": {
            "avg": 5060.636604023043,
            "min": 3018,
            "med": 5042,
            "max": 8828,
            "p(90)": 6539,
            "p(95)": 7069
        },
        "active_clients": {
            "count": 10589,
            "rate": 68.48661451192699
        },
        "control_doc_latency": {
            "p(90)": 0,
            "p(95)": 0,
            "avg": 0,
            "min": 0,
            "med": 0,
            "max": 0,
            "thresholds": {
                "p(95)<500": false
            }
        },
        "transaction_success_rate": {
            "passes": 10589,
            "fails": 0,
            "thresholds": {
                "rate>0.99": false
            },
            "value": 1
        },
        "http_req_blocked": {
            "max": 175.729321,
            "p(90)": 0.005611,
            "p(95)": 0.008015,
            "avg": 0.04744702598541899,
            "min": 0.001543,
            "med": 0.003958
        },
        "http_req_waiting": {
            "p(95)": 765.8931696999978,
            "avg": 146.13518909062245,
            "min": 0.898226,
            "med": 22.833223,
            "max": 1164.423095,
            "p(90)": 537.1348542
        },
        "http_req_failed": {
            "passes": 0,
            "fails": 72964,
            "value": 0
        },
        "iteration_duration": {
            "med": 5042.014353,
            "max": 8828.036941,
            "p(90)": 6539.1506708,
            "p(95)": 7069.019257,
            "avg": 5060.667977781653,
            "min": 3017.781087
        },
        "checks": {
            "passes": 145928,
            "fails": 0,
            "value": 1
        },
        "iterations": {
            "count": 10589,
            "rate": 68.48661451192699
        },
        "http_req_duration{expected_response:true}": {
            "max": 1410.373142,
            "p(90)": 544.4144043,
            "p(95)": 782.0944913,
            "avg": 150.72442952898498,
            "min": 0.950794,
            "med": 23.381442
        },
        "group_duration": {
            "p(90)": 6539.128465000001,
            "p(95)": 7068.9982694,
            "avg": 5060.591564518856,
            "min": 3017.724772,
            "med": 5041.974652,
            "max": 8828.012655
        },
        "data_received": {
            "count": 1174670136,
            "rate": 7597429.481811772
        },
        "http_reqs": {
            "count": 72964,
            "rate": 471.9102220462972
        },
        "vus": {
            "max": 500,
            "value": 1,
            "min": 1
        },
        "vus_max": {
            "min": 500,
            "max": 500,
            "value": 500
        }
    }
}