{
    "root_group": {
        "name": "",
        "path": "",
        "id": "d41d8cd98f00b204e9800998ecf8427e",
        "groups": {
            "Presence": {
                "name": "Presence",
                "path": "::Presence",
                "id": "63ab1748852475484c3afb7dae46dbde",
                "groups": {},
                "checks": {
                        "status is 200": {
                            "path": "::Presence::status is 200",
                            "id": "2bdfe827d978801584a6dde561f63b7d",
                            "passes": 63504,
                            "fails": 0,
                            "name": "status is 200"
                        },
                        "response has valid body": {
                            "id": "2cb1a85a5851b9e28736f532526a5909",
                            "passes": 63504,
                            "fails": 0,
                            "name": "response has valid body",
                            "path": "::Presence::response has valid body"
                        }
                    }
            }
        },
        "checks": {}
    },
    "metrics": {
        "http_req_failed": {
            "passes": 0,
            "fails": 63504,
            "value": 0
        },
        "http_req_duration{expected_response:true}": {
            "min": 0.947432,
            "med": 27.261548500000004,
            "max": 954.197861,
            "p(90)": 224.36481990000001,
            "p(95)": 313.34389439999995,
            "avg": 81.74312354319416
        },
        "http_req_sending": {
            "avg": 0.5235737182224739,
            "min": 0.010379,
            "med": 0.023334,
            "max": 528.744014,
            "p(90)": 0.10093300000000022,
            "p(95)": 0.23711899999999997
        },
        "http_req_duration": {
            "avg": 81.74312354319416,
            "min": 0.947432,
            "med": 27.261548500000004,
            "max": 954.197861,
            "p(90)": 224.36481990000001,
            "p(95)": 313.34389439999995,
            "thresholds": {
                "p(95)<10000": false
            }
        },
        "vus_max": {
            "value": 500,
            "min": 500,
            "max": 500
        },
        "active_clients_time": {
            "avg": 20.099269337364575,
            "min": 1,
            "med": 5,
            "max": 483,
            "p(90)": 63,
            "p(95)": 93,
            "thresholds": {
                "p(95)<500": false
            }
        },
        "active_clients_success_rate": {
            "passes": 7938,
            "fails": 0,
            "value": 1
        },
        "active_clients": {
            "count": 7938,
            "rate": 51.39627098271921
        },
        "transaction_success_rate": {
            "passes": 7938,
            "fails": 0,
            "thresholds": {
                "rate>0.99": false
            },
            "value": 1
        },
        "pushpulls": {
            "count": 39690,
            "rate": 256.981354913596
        },
        "http_req_tls_handshaking": {
            "med": 0,
            "max": 0,
            "p(90)": 0,
            "p(95)": 0,
            "avg": 0,
            "min": 0
        },
        "http_req_blocked": {
            "avg": 0.039439730631142755,
            "min": 0.001583,
            "med": 0.004348,
            "max": 134.129025,
            "p(90)": 0.006111,
            "p(95)": 0.008376
        },
        "attach_documents_time": {
            "avg": 142.97757621567146,
            "min": 3,
            "med": 95,
            "max": 909,
            "p(90)": 377,
            "p(95)": 511.14999999999964,
            "thresholds": {
                "p(95)<10000": false
            }
        },
        "attach_documents_success_rate": {
            "passes": 7938,
            "fails": 0,
            "value": 1
        },
        "pushpulls_success_rate": {
            "passes": 39690,
            "fails": 0,
            "value": 1
        },
        "vus": {
            "value": 3,
            "min": 3,
            "max": 500
        },
        "http_req_receiving": {
            "avg": 3.7507274818908973,
            "min": 0.015148,
            "med": 0.0554935,
            "max": 581.610751,
            "p(90)": 0.3415200000000001,
            "p(95)": 1.4911770999999987
        },
        "deactivate_clients_time": {
            "avg": 176.02091206853112,
            "min": 4,
            "med": 118,
            "max": 954,
            "p(90)": 500,
            "p(95)": 601,
            "thresholds": {
                "p(95)<10000": false
            }
        },
        "data_sent": {
            "count": 59746572,
            "rate": 386841.90032760694
        },
        "data_received": {
            "count": 1119730053,
            "rate": 7249930.616210952
        },
        "http_req_connecting": {
            "min": 0,
            "med": 0,
            "max": 134.062451,
            "p(90)": 0,
            "p(95)": 0,
            "avg": 0.02434114847883597
        },
        "http_reqs": {
            "count": 63504,
            "rate": 411.17016786175367
        },
        "iterations": {
            "count": 7938,
            "rate": 51.39627098271921
        },
        "transaction_time": {
            "max": 8987,
            "p(90)": 7559,
            "p(95)": 7777,
            "avg": 6809.210632401108,
            "min": 6023,
            "med": 6849,
            "thresholds": {
                "p(95)<30000": false
            }
        },
        "http_req_waiting": {
            "avg": 77.46882234308075,
            "min": 0.883063,
            "med": 26.3968415,
            "max": 954.093637,
            "p(90)": 210.80208920000007,
            "p(95)": 287.9006637499999
        },
        "deactivate_clients": {
            "count": 7938,
            "rate": 51.39627098271921
        },
        "pushpulls_time": {
            "avg": 77.7822625346435,
            "min": 2,
            "med": 36,
            "max": 967,
            "p(90)": 207,
            "p(95)": 281.54999999999563,
            "thresholds": {
                "p(95)<1000": false
            }
        },
        "attach_documents": {
            "count": 7938,
            "rate": 51.39627098271921
        },
        "checks": {
            "passes": 127008,
            "fails": 0,
            "value": 1
        },
        "iteration_duration": {
            "avg": 6809.2982815986525,
            "min": 6023.288519,
            "med": 6849.0401455,
            "max": 8986.839009,
            "p(90)": 7558.9499742,
            "p(95)": 7777.3909219
        },
        "deactivate_clients_success_rate": {
            "passes": 7938,
            "fails": 0,
            "value": 1
        },
        "group_duration": {
            "max": 8986.815865,
            "p(90)": 7558.748855,
            "p(95)": 7776.8482807,
            "avg": 6809.153899437636,
            "min": 6023.268151,
            "med": 6849.014553
        }
    }
}