{
    "root_group": {
        "name": "",
        "path": "",
        "id": "d41d8cd98f00b204e9800998ecf8427e",
        "groups": {
            "Presence": {
                "name": "Presence",
                "path": "::Presence",
                "id": "63ab1748852475484c3afb7dae46dbde",
                "groups": {},
                "checks": {
                        "status is 200": {
                            "id": "2bdfe827d978801584a6dde561f63b7d",
                            "passes": 67904,
                            "fails": 0,
                            "name": "status is 200",
                            "path": "::Presence::status is 200"
                        },
                        "response has valid body": {
                            "passes": 67904,
                            "fails": 0,
                            "name": "response has valid body",
                            "path": "::Presence::response has valid body",
                            "id": "2cb1a85a5851b9e28736f532526a5909"
                        }
                    }
            }
        },
        "checks": {}
    },
    "metrics": {
        "checks": {
            "passes": 135808,
            "fails": 0,
            "value": 1
        },
        "vus": {
            "value": 2,
            "min": 2,
            "max": 500
        },
        "http_req_waiting": {
            "p(95)": 151.08382879999996,
            "avg": 32.096360116708944,
            "min": 0.137276,
            "med": 5.993006,
            "max": 617.241406,
            "p(90)": 89.0875937
        },
        "active_clients": {
            "count": 8488,
            "rate": 54.471244496675766
        },
        "deactivate_clients_success_rate": {
            "passes": 8488,
            "fails": 0,
            "value": 1
        },
        "http_req_sending": {
            "med": 0.02132,
            "max": 284.708352,
            "p(90)": 0.05396700000000004,
            "p(95)": 0.16693634999999996,
            "avg": 0.35181896269733604,
            "min": 0.010339
        },
        "http_req_failed": {
            "passes": 0,
            "fails": 67904,
            "value": 0
        },
        "vus_max": {
            "value": 500,
            "min": 500,
            "max": 500
        },
        "http_req_tls_handshaking": {
            "max": 0,
            "p(90)": 0,
            "p(95)": 0,
            "avg": 0,
            "min": 0,
            "med": 0
        },
        "transaction_time": {
            "med": 6298,
            "max": 7749,
            "p(90)": 6839,
            "p(95)": 7004.65,
            "avg": 6365.612865221489,
            "min": 6014,
            "thresholds": {
                "p(95)<30000": false
            }
        },
        "active_clients_time": {
            "p(90)": 54,
            "p(95)": 79,
            "avg": 18.198868991517436,
            "min": 0,
            "med": 4,
            "max": 381,
            "thresholds": {
                "p(95)<500": false
            }
        },
        "data_received": {
            "count": 1204162133,
            "rate": 7727640.1932471255
        },
        "http_reqs": {
            "rate": 435.7699559734061,
            "count": 67904
        },
        "transaction_success_rate": {
            "passes": 8488,
            "fails": 0,
            "thresholds": {
                "rate>0.99": false
            },
            "value": 1
        },
        "iterations": {
            "count": 8488,
            "rate": 54.471244496675766
        },
        "http_req_duration": {
            "med": 6.2416855,
            "max": 796.137808,
            "p(90)": 96.1852075000001,
            "p(95)": 164.90443365,
            "avg": 34.36564319369992,
            "min": 0.186126,
            "thresholds": {
                "p(95)<10000": false
            }
        },
        "http_req_blocked": {
            "p(95)": 0.007294,
            "avg": 0.021192517406928527,
            "min": 0.001503,
            "med": 0.003977,
            "max": 145.995964,
            "p(90)": 0.0055
        },
        "http_req_connecting": {
            "p(95)": 0,
            "avg": 0.012164390212653158,
            "min": 0,
            "med": 0,
            "max": 145.936473,
            "p(90)": 0
        },
        "data_sent": {
            "count": 63888489,
            "rate": 410000.64854408347
        },
        "attach_documents_time": {
            "avg": 83.21229971724787,
            "min": 3,
            "med": 17,
            "max": 798,
            "p(90)": 272,
            "p(95)": 343,
            "thresholds": {
                "p(95)<10000": false
            }
        },
        "pushpulls": {
            "count": 42440,
            "rate": 272.3562224833788
        },
        "pushpulls_time": {
            "p(90)": 105,
            "p(95)": 168.04999999999563,
            "avg": 39.17167766258247,
            "min": 1,
            "med": 11,
            "max": 660,
            "thresholds": {
                "p(95)<1000": false
            }
        },
        "http_req_duration{expected_response:true}": {
            "avg": 34.36564319369992,
            "min": 0.186126,
            "med": 6.2416855,
            "max": 796.137808,
            "p(90)": 96.1852075000001,
            "p(95)": 164.90443365
        },
        "deactivate_clients_time": {
            "avg": 17.439915174363808,
            "min": 0,
            "med": 2,
            "max": 453,
            "p(90)": 48,
            "p(95)": 84,
            "thresholds": {
                "p(95)<10000": false
            }
        },
        "iteration_duration": {
            "max": 7749.792178,
            "p(90)": 6839.2845092,
            "p(95)": 7004.73960455,
            "avg": 6365.65450566693,
            "min": 6013.992597,
            "med": 6298.0947385
        },
        "attach_documents_success_rate": {
            "passes": 8488,
            "fails": 0,
            "value": 1
        },
        "http_req_receiving": {
            "avg": 1.9174641142937157,
            "min": 0.013144,
            "med": 0.0535895,
            "max": 379.224325,
            "p(90)": 0.22036100000000058,
            "p(95)": 0.6701213499999995
        },
        "pushpulls_success_rate": {
            "passes": 42440,
            "fails": 0,
            "value": 1
        },
        "group_duration": {
            "max": 7749.763245,
            "p(90)": 6838.9941978,
            "p(95)": 7004.7139785,
            "avg": 6365.586151552401,
            "min": 6013.972079,
            "med": 6298.06448
        },
        "deactivate_clients": {
            "count": 8488,
            "rate": 54.471244496675766
        },
        "active_clients_success_rate": {
            "passes": 8488,
            "fails": 0,
            "value": 1
        },
        "attach_documents": {
            "count": 8488,
            "rate": 54.471244496675766
        }
    }
}