{
    "metrics": {
        "iterations": {
            "count": 8428,
            "rate": 54.68050337994811
        },
        "group_duration": {
            "med": 6367.007256,
            "max": 8584.034583,
            "p(90)": 6916.107572600001,
            "p(95)": 7079.5251765,
            "avg": 6417.914223293996,
            "min": 6013.782853
        },
        "attach_documents_time": {
            "max": 888,
            "p(90)": 299,
            "p(95)": 396,
            "avg": 94.60061699098245,
            "min": 2,
            "med": 20,
            "thresholds": {
                "p(95)<10000": false
            }
        },
        "active_clients": {
            "count": 8428,
            "rate": 54.68050337994811
        },
        "pushpulls_time": {
            "avg": 44.22683910773612,
            "min": 1,
            "med": 13,
            "max": 731,
            "p(90)": 127,
            "p(95)": 194,
            "thresholds": {
                "p(95)<1000": false
            }
        },
        "vus": {
            "value": 9,
            "min": 8,
            "max": 500
        },
        "deactivate_clients_success_rate": {
            "passes": 8428,
            "fails": 0,
            "value": 1
        },
        "http_req_blocked": {
            "max": 531.40704,
            "p(90)": 0.005791,
            "p(95)": 0.007894,
            "avg": 0.031067139905672482,
            "min": 0.001562,
            "med": 0.004047
        },
        "deactivate_clients_time": {
            "med": 2,
            "max": 575,
            "p(90)": 65,
            "p(95)": 114,
            "avg": 21.673706691979117,
            "min": 0,
            "thresholds": {
                "p(95)<10000": false
            }
        },
        "http_req_sending": {
            "avg": 0.38932889936817777,
            "min": 0.01053,
            "med": 0.022152,
            "max": 260.641375,
            "p(90)": 0.05622200000000004,
            "p(95)": 0.17319849999999995
        },
        "http_req_waiting": {
            "p(95)": 165.95892499999994,
            "avg": 36.33802599684122,
            "min": 0.140141,
            "med": 6.751364499999999,
            "max": 756.137149,
            "p(90)": 107.04659280000003
        },
        "pushpulls": {
            "count": 42140,
            "rate": 273.40251689974053
        },
        "http_req_duration{expected_response:true}": {
            "avg": 38.66928884259324,
            "min": 0.186491,
            "med": 7.0740905000000005,
            "max": 886.867821,
            "p(90)": 115.8240402,
            "p(95)": 180.1653152
        },
        "pushpulls_success_rate": {
            "passes": 42140,
            "fails": 0,
            "value": 1
        },
        "http_reqs": {
            "count": 67424,
            "rate": 437.44402703958485
        },
        "data_received": {
            "count": 1224864512,
            "rate": 7946868.543948089
        },
        "http_req_failed": {
            "passes": 0,
            "fails": 67424,
            "value": 0
        },
        "iteration_duration": {
            "avg": 6417.992996869131,
            "min": 6013.809062,
            "med": 6367.0315310000005,
            "max": 8584.053028,
            "p(90)": 6916.1307199,
            "p(95)": 7079.54042135
        },
        "attach_documents": {
            "count": 8428,
            "rate": 54.68050337994811
        },
        "active_clients_success_rate": {
            "passes": 8428,
            "fails": 0,
            "value": 1
        },
        "vus_max": {
            "value": 500,
            "min": 500,
            "max": 500
        },
        "deactivate_clients": {
            "count": 8428,
            "rate": 54.68050337994811
        },
        "active_clients_time": {
            "p(95)": 98,
            "avg": 21.74205030849549,
            "min": 0,
            "med": 4,
            "max": 402,
            "p(90)": 67,
            "thresholds": {
                "p(95)<500": false
            }
        },
        "checks": {
            "passes": 134848,
            "fails": 0,
            "value": 1
        },
        "transaction_success_rate": {
            "passes": 8428,
            "fails": 0,
            "thresholds": {
                "rate>0.99": false
            },
            "value": 1
        },
        "http_req_connecting": {
            "min": 0,
            "med": 0,
            "max": 79.702928,
            "p(90)": 0,
            "p(95)": 0,
            "avg": 0.012252020764119603
        },
        "http_req_duration": {
            "avg": 38.66928884259324,
            "min": 0.186491,
            "med": 7.0740905000000005,
            "max": 886.867821,
            "p(90)": 115.8240402,
            "p(95)": 180.1653152,
            "thresholds": {
                "p(95)<10000": false
            }
        },
        "transaction_time": {
            "min": 6014,
            "med": 6367,
            "max": 8584,
            "p(90)": 6916,
            "p(95)": 7079,
            "avg": 6417.945182724253,
            "thresholds": {
                "p(95)<30000": false
            }
        },
        "http_req_tls_handshaking": {
            "avg": 0,
            "min": 0,
            "med": 0,
            "max": 0,
            "p(90)": 0,
            "p(95)": 0
        },
        "data_sent": {
            "count": 63436412,
            "rate": 411572.7267178193
        },
        "attach_documents_success_rate": {
            "passes": 8428,
            "fails": 0,
            "value": 1
        },
        "http_req_receiving": {
            "avg": 1.9419339463840832,
            "min": 0.015558,
            "med": 0.054873,
            "max": 305.756923,
            "p(90)": 0.2303597,
            "p(95)": 0.718529349999999
        }
    },
    "root_group": {
        "id": "d41d8cd98f00b204e9800998ecf8427e",
        "groups": {
            "Presence": {
                "groups": {},
                "checks": {
                        "status is 200": {
                            "path": "::Presence::status is 200",
                            "id": "2bdfe827d978801584a6dde561f63b7d",
                            "passes": 67424,
                            "fails": 0,
                            "name": "status is 200"
                        },
                        "response has valid body": {
                            "name": "response has valid body",
                            "path": "::Presence::response has valid body",
                            "id": "2cb1a85a5851b9e28736f532526a5909",
                            "passes": 67424,
                            "fails": 0
                        }
                    },
                "name": "Presence",
                "path": "::Presence",
                "id": "63ab1748852475484c3afb7dae46dbde"
            }
        },
        "checks": {},
        "name": "",
        "path": ""
    }
}