{
    "metrics": {
        "http_req_tls_handshaking": {
            "avg": 0,
            "min": 0,
            "med": 0,
            "max": 0,
            "p(90)": 0,
            "p(95)": 0
        },
        "active_clients": {
            "rate": 53.26875074664565,
            "count": 8274
        },
        "transaction_success_rate": {
            "passes": 8274,
            "fails": 0,
            "thresholds": {
                "rate>0.99": false
            },
            "value": 1
        },
        "iteration_duration": {
            "med": 6480.486368,
            "max": 8567.114388,
            "p(90)": 7184.0052217,
            "p(95)": 7365.748855299999,
            "avg": 6533.279713919984,
            "min": 6014.931353
        },
        "http_req_connecting": {
            "p(90)": 0,
            "p(95)": 0,
            "avg": 0.014495622794295384,
            "min": 0,
            "med": 0,
            "max": 141.449069
        },
        "pushpulls_time": {
            "max": 1119,
            "p(90)": 168,
            "p(95)": 250,
            "avg": 59.868552090887114,
            "min": 1,
            "med": 20,
            "thresholds": {
                "p(95)<1000": false
            }
        },
        "http_req_sending": {
            "avg": 0.41890028717972094,
            "min": 0.010279,
            "med": 0.020989,
            "max": 436.336248,
            "p(90)": 0.057056,
            "p(95)": 0.17716349999999992
        },
        "data_sent": {
            "count": 62276725,
            "rate": 400943.1159466275
        },
        "http_req_duration": {
            "avg": 51.464536484514575,
            "min": 0.497772,
            "med": 11.9240215,
            "max": 1041.274811,
            "p(90)": 148.5889082,
            "p(95)": 229.07165954999996,
            "thresholds": {
                "p(95)<10000": false
            }
        },
        "group_duration": {
            "avg": 6533.229705835863,
            "min": 6014.876021,
            "med": 6480.457445,
            "max": 8566.964329,
            "p(90)": 7183.978008,
            "p(95)": 7365.72985935
        },
        "data_received": {
            "rate": 7688968.211616395,
            "count": 1194293504
        },
        "http_req_receiving": {
            "avg": 2.911885607097519,
            "min": 0.015089,
            "med": 0.053209,
            "max": 446.167464,
            "p(90)": 0.2753038,
            "p(95)": 1.2175774499999987
        },
        "http_reqs": {
            "rate": 426.1500059731652,
            "count": 66192
        },
        "http_req_blocked": {
            "avg": 0.02730029178752859,
            "min": 0.001533,
            "med": 0.004038,
            "max": 141.504813,
            "p(90)": 0.00551,
            "p(95)": 0.006843
        },
        "pushpulls": {
            "count": 41370,
            "rate": 266.34375373322825
        },
        "attach_documents_time": {
            "p(95)": 492.34999999999945,
            "avg": 116.38421561518008,
            "min": 2,
            "med": 29,
            "max": 1042,
            "p(90)": 364,
            "thresholds": {
                "p(95)<10000": false
            }
        },
        "deactivate_clients_time": {
            "med": 5,
            "max": 703,
            "p(90)": 75,
            "p(95)": 118.34999999999945,
            "avg": 25.47897026831037,
            "min": 0,
            "thresholds": {
                "p(95)<10000": false
            }
        },
        "pushpulls_success_rate": {
            "passes": 41370,
            "fails": 0,
            "value": 1
        },
        "http_req_duration{expected_response:true}": {
            "p(95)": 229.07165954999996,
            "avg": 51.464536484514575,
            "min": 0.497772,
            "med": 11.9240215,
            "max": 1041.274811,
            "p(90)": 148.5889082
        },
        "active_clients_success_rate": {
            "passes": 8274,
            "fails": 0,
            "value": 1
        },
        "iterations": {
            "count": 8274,
            "rate": 53.26875074664565
        },
        "active_clients_time": {
            "avg": 27.6211022480058,
            "min": 1,
            "med": 7,
            "max": 636,
            "p(90)": 85,
            "p(95)": 121.34999999999945,
            "thresholds": {
                "p(95)<500": false
            }
        },
        "checks": {
            "passes": 132384,
            "fails": 0,
            "value": 1
        },
        "deactivate_clients_success_rate": {
            "passes": 8274,
            "fails": 0,
            "value": 1
        },
        "attach_documents_success_rate": {
            "passes": 8274,
            "fails": 0,
            "value": 1
        },
        "http_req_waiting": {
            "avg": 48.13375059023716,
            "min": 0.431896,
            "med": 11.5064585,
            "max": 866.041476,
            "p(90)": 139.21430270000002,
            "p(95)": 209.2761765499999
        },
        "http_req_failed": {
            "passes": 0,
            "fails": 66192,
            "value": 0
        },
        "transaction_time": {
            "avg": 6533.2492144065745,
            "min": 6015,
            "med": 6481,
            "max": 8567,
            "p(90)": 7184,
            "p(95)": 7365.349999999999,
            "thresholds": {
                "p(95)<30000": false
            }
        },
        "vus_max": {
            "min": 500,
            "max": 500,
            "value": 500
        },
        "deactivate_clients": {
            "count": 8274,
            "rate": 53.26875074664565
        },
        "attach_documents": {
            "count": 8274,
            "rate": 53.26875074664565
        },
        "vus": {
            "value": 3,
            "min": 3,
            "max": 500
        }
    },
    "root_group": {
        "checks": {},
        "name": "",
        "path": "",
        "id": "d41d8cd98f00b204e9800998ecf8427e",
        "groups": {
                "Presence": {
                    "name": "Presence",
                    "path": "::Presence",
                    "id": "63ab1748852475484c3afb7dae46dbde",
                    "groups": {},
                    "checks": {
                            "status is 200": {
                                "path": "::Presence::status is 200",
                                "id": "2bdfe827d978801584a6dde561f63b7d",
                                "passes": 66192,
                                "fails": 0,
                                "name": "status is 200"
                            },
                            "response has valid body": {
                                "passes": 66192,
                                "fails": 0,
                                "name": "response has valid body",
                                "path": "::Presence::response has valid body",
                                "id": "2cb1a85a5851b9e28736f532526a5909"
                            }
                        }
                }
            }
    }
}