{
    "root_group": {
        "id": "d41d8cd98f00b204e9800998ecf8427e",
        "groups": {
            "Attachment": {
                "id": "8e39eb0cb12fb749ba9ccd15af52cbad",
                "groups": {},
                "checks": {
                        "status is 200": {
                            "name": "status is 200",
                            "path": "::Attachment::status is 200",
                            "id": "db3dc3f9e26c1649b08cc5a49159f747",
                            "passes": 55193,
                            "fails": 0
                        },
                        "response has valid body": {
                            "id": "ae60d91cf191d752075b277bc603091f",
                            "passes": 55193,
                            "fails": 0,
                            "name": "response has valid body",
                            "path": "::Attachment::response has valid body"
                        }
                    },
                "name": "Attachment",
                "path": "::Attachment"
            }
        },
        "checks": {},
        "name": "",
        "path": ""
    },
    "metrics": {
        "http_req_connecting": {
            "med": 0,
            "max": 44.059085,
            "p(90)": 0,
            "p(95)": 0,
            "avg": 0.005660304477017015,
            "min": 0
        },
        "control_doc_latency": {
            "p(90)": 0,
            "p(95)": 0,
            "avg": 0,
            "min": 0,
            "med": 0,
            "max": 0,
            "thresholds": {
                "p(95)<500": false
            }
        },
        "http_reqs": {
            "count": 55193,
            "rate": 357.4822276731035
        },
        "pushpulls": {
            "count": 31142,
            "rate": 201.7051353286792
        },
        "data_received": {
            "count": 957222304,
            "rate": 6199879.724100896
        },
        "http_req_duration": {
            "med": 490.642762,
            "max": 1680.513803,
            "p(90)": 805.871831,
            "p(95)": 843.8643571999997,
            "avg": 406.55004235129536,
            "min": 0.968431,
            "thresholds": {
                "p(95)<10000": false
            }
        },
        "checks": {
            "fails": 0,
            "passes": 110386,
            "value": 1
        },
        "attach_documents": {
            "count": 8017,
            "rate": 51.92569744814145
        },
        "group_duration": {
            "avg": 6713.426588542742,
            "min": 3020.175205,
            "med": 6840.686752,
            "max": 10717.558077,
            "p(90)": 10096.9717032,
            "p(95)": 10378.747821
        },
        "http_req_receiving": {
            "avg": 0.1841987044371555,
            "min": 0.015308,
            "med": 0.056665,
            "max": 30.936063,
            "p(90)": 0.30915260000000017,
            "p(95)": 0.6549079999999979
        },
        "transaction_time": {
            "max": 10718,
            "p(90)": 10097,
            "p(95)": 10378.2,
            "avg": 6713.450043657228,
            "min": 3020,
            "med": 6841
        },
        "iteration_duration": {
            "avg": 6713.473267858556,
            "min": 3020.19398,
            "med": 6840.710718,
            "max": 10717.581692,
            "p(90)": 10097.1568654,
            "p(95)": 10378.7696152
        },
        "http_req_failed": {
            "passes": 0,
            "fails": 55193,
            "value": 0
        },
        "http_req_sending": {
            "med": 0.020929,
            "max": 40.804005,
            "p(90)": 0.04850680000000006,
            "p(95)": 0.14470399999999967,
            "avg": 0.06209462734404589,
            "min": 0.010289
        },
        "transaction_success_rate": {
            "passes": 8017,
            "fails": 0,
            "thresholds": {
                "rate>0.99": false
            },
            "value": 1
        },
        "http_req_tls_handshaking": {
            "med": 0,
            "max": 0,
            "p(90)": 0,
            "p(95)": 0,
            "avg": 0,
            "min": 0
        },
        "data_sent": {
            "count": 51393893,
            "rate": 332875.606660865
        },
        "http_req_blocked": {
            "max": 49.331114,
            "p(90)": 0.005320800000000003,
            "p(95)": 0.006856399999999936,
            "avg": 0.014405454532277803,
            "min": 0.001633,
            "med": 0.003997
        },
        "http_req_waiting": {
            "min": 0.901946,
            "med": 490.488458,
            "max": 1680.40024,
            "p(90)": 805.5301468000001,
            "p(95)": 843.5262996,
            "avg": 406.30374901951967
        },
        "vus": {
            "value": 1,
            "min": 1,
            "max": 500
        },
        "iterations": {
            "rate": 51.92569744814145,
            "count": 8017
        },
        "http_req_duration{expected_response:true}": {
            "avg": 406.55004235129536,
            "min": 0.968431,
            "med": 490.642762,
            "max": 1680.513803,
            "p(90)": 805.871831,
            "p(95)": 843.8643571999997
        },
        "vus_max": {
            "max": 500,
            "value": 500,
            "min": 500
        },
        "active_clients": {
            "count": 8017,
            "rate": 51.92569744814145
        }
    }
}