{
    "root_group": {
        "name": "",
        "path": "",
        "id": "d41d8cd98f00b204e9800998ecf8427e",
        "groups": {
            "Presence": {
                "checks": {
                    "status is 200": {
                        "name": "status is 200",
                        "path": "::Presence::status is 200",
                        "id": "2bdfe827d978801584a6dde561f63b7d",
                        "passes": 67904,
                        "fails": 0
                    },
                    "response has valid body": {
                        "name": "response has valid body",
                        "path": "::Presence::response has valid body",
                        "id": "2cb1a85a5851b9e28736f532526a5909",
                        "passes": 67904,
                        "fails": 0
                    }
                },
                "name": "Presence",
                "path": "::Presence",
                "id": "63ab1748852475484c3afb7dae46dbde",
                "groups": {}
            }
        },
        "checks": {}
    },
    "metrics": {
        "attach_documents_success_rate": {
            "passes": 8488,
            "fails": 0,
            "value": 1
        },
        "http_reqs": {
            "rate": 435.6589537421298,
            "count": 67904
        },
        "active_clients": {
            "count": 8488,
            "rate": 54.45736921776623
        },
        "pushpulls": {
            "count": 42440,
            "rate": 272.2868460888311
        },
        "deactivate_clients_time": {
            "avg": 18.45676248821866,
            "min": 0,
            "med": 2,
            "max": 441,
            "p(90)": 57,
            "p(95)": 95,
            "thresholds": {
                "p(95)<10000": false
            }
        },
        "http_req_tls_handshaking": {
            "med": 0,
            "max": 0,
            "p(90)": 0,
            "p(95)": 0,
            "avg": 0,
            "min": 0
        },
        "transaction_success_rate": {
            "passes": 8488,
            "fails": 0,
            "thresholds": {
                "rate>0.99": false
            },
            "value": 1
        },
        "http_req_duration": {
            "min": 0.191709,
            "med": 6.324833,
            "max": 862.602195,
            "p(90)": 96.13964890000003,
            "p(95)": 151.99707674999996,
            "avg": 32.54630033252821,
            "thresholds": {
                "p(95)<10000": false
            }
        },
        "http_req_connecting": {
            "avg": 0.00920423166529218,
            "min": 0,
            "med": 0,
            "max": 80.371999,
            "p(90)": 0,
            "p(95)": 0
        },
        "group_duration": {
            "avg": 6362.423409840948,
            "min": 6013.65351,
            "med": 6299.344666000001,
            "max": 8170.809368,
            "p(90)": 6814.7437697000005,
            "p(95)": 6982.99358745
        },
        "vus_max": {
            "value": 500,
            "min": 500,
            "max": 500
        },
        "deactivate_clients_success_rate": {
            "fails": 0,
            "passes": 8488,
            "value": 1
        },
        "attach_documents_time": {
            "p(95)": 326.64999999999964,
            "avg": 76.1549245994345,
            "min": 3,
            "med": 17,
            "max": 863,
            "p(90)": 244,
            "thresholds": {
                "p(95)<10000": false
            }
        },
        "vus": {
            "value": 1,
            "min": 1,
            "max": 500
        },
        "iterations": {
            "count": 8488,
            "rate": 54.45736921776623
        },
        "active_clients_success_rate": {
            "passes": 8488,
            "fails": 0,
            "value": 1
        },
        "pushpulls_time": {
            "p(90)": 103,
            "p(95)": 150,
            "avg": 36.33369462770971,
            "min": 1,
            "med": 12,
            "max": 929,
            "thresholds": {
                "p(95)<1000": false
            }
        },
        "http_req_failed": {
            "passes": 0,
            "fails": 67904,
            "value": 0
        },
        "iteration_duration": {
            "avg": 6362.520351159037,
            "min": 6013.741125,
            "med": 6299.4749385,
            "max": 8170.844624,
            "p(90)": 6814.7773480000005,
            "p(95)": 6983.017088199999
        },
        "http_req_waiting": {
            "avg": 30.08627900924809,
            "min": 0.140569,
            "med": 6.0805489999999995,
            "max": 637.506495,
            "p(90)": 88.28650820000003,
            "p(95)": 136.72141664999992
        },
        "transaction_time": {
            "p(95)": 6982.65,
            "avg": 6362.465245051838,
            "min": 6014,
            "med": 6299,
            "max": 8171,
            "p(90)": 6814.3,
            "thresholds": {
                "p(95)<30000": false
            }
        },
        "attach_documents": {
            "count": 8488,
            "rate": 54.45736921776623
        },
        "data_received": {
            "count": 1238067264,
            "rate": 7943200.531583135
        },
        "active_clients_time": {
            "p(90)": 59,
            "p(95)": 85,
            "avg": 18.417412818096135,
            "min": 0,
            "med": 4,
            "max": 363,
            "thresholds": {
                "p(95)<500": false
            }
        },
        "http_req_duration{expected_response:true}": {
            "p(90)": 96.13964890000003,
            "p(95)": 151.99707674999996,
            "avg": 32.54630033252821,
            "min": 0.191709,
            "med": 6.324833,
            "max": 862.602195
        },
        "http_req_sending": {
            "avg": 0.39627931593131266,
            "min": 0.009177,
            "med": 0.02118,
            "max": 318.280315,
            "p(90)": 0.05633990000000003,
            "p(95)": 0.1709396499999999
        },
        "http_req_receiving": {
            "p(90)": 0.2416124,
            "p(95)": 0.8475989999999997,
            "avg": 2.0637420073486457,
            "min": 0.015609,
            "med": 0.054422,
            "max": 395.549389
        },
        "pushpulls_success_rate": {
            "passes": 42440,
            "fails": 0,
            "value": 1
        },
        "http_req_blocked": {
            "avg": 0.01738205481267724,
            "min": 0.001413,
            "med": 0.003947,
            "max": 80.53774,
            "p(90)": 0.00546,
            "p(95)": 0.007494
        },
        "deactivate_clients": {
            "count": 8488,
            "rate": 54.45736921776623
        },
        "data_sent": {
            "count": 63888305,
            "rate": 409895.02993429074
        },
        "checks": {
            "fails": 0,
            "passes": 135808,
            "value": 1
        }
    }
}