{
    "metrics": {
        "iteration_duration": {
            "min": 6022.323609,
            "med": 6786.178369,
            "max": 9388.946307,
            "p(90)": 7441.2408286,
            "p(95)": 7693.6755924,
            "avg": 6732.263036136294
        },
        "iterations": {
            "rate": 51.58649748681187,
            "count": 8029
        },
        "http_req_sending": {
            "med": 0.021901,
            "max": 865.764946,
            "p(90)": 0.07904500000000003,
            "p(95)": 0.2096844999999998,
            "avg": 0.5937495343442533,
            "min": 0.010359
        },
        "checks": {
            "passes": 128464,
            "fails": 0,
            "value": 1
        },
        "data_received": {
            "rate": 7307343.064368745,
            "count": 1137325857
        },
        "http_reqs": {
            "count": 64232,
            "rate": 412.691979894495
        },
        "attach_documents": {
            "count": 8029,
            "rate": 51.58649748681187
        },
        "pushpulls_success_rate": {
            "passes": 40145,
            "fails": 0,
            "value": 1
        },
        "deactivate_clients_success_rate": {
            "passes": 8029,
            "fails": 0,
            "value": 1
        },
        "active_clients": {
            "count": 8029,
            "rate": 51.58649748681187
        },
        "http_req_receiving": {
            "p(95)": 1.7866872499999944,
            "avg": 4.3161172211825996,
            "min": 0.013455,
            "med": 0.0539365,
            "max": 807.358874,
            "p(90)": 0.33285000000000003
        },
        "deactivate_clients": {
            "count": 8029,
            "rate": 51.58649748681187
        },
        "vus": {
            "value": 3,
            "min": 3,
            "max": 500
        },
        "http_req_duration": {
            "min": 0.957312,
            "med": 21.8619215,
            "max": 1529.190655,
            "p(90)": 207.4498634,
            "p(95)": 297.87342774999996,
            "avg": 73.99272471146676,
            "thresholds": {
                "p(95)<10000": false
            }
        },
        "http_req_duration{expected_response:true}": {
            "avg": 73.99272471146676,
            "min": 0.957312,
            "med": 21.8619215,
            "max": 1529.190655,
            "p(90)": 207.4498634,
            "p(95)": 297.87342774999996
        },
        "transaction_time": {
            "avg": 6732.2326566197535,
            "min": 6022,
            "med": 6786,
            "max": 9389,
            "p(90)": 7441,
            "p(95)": 7693.599999999999,
            "thresholds": {
                "p(95)<30000": false
            }
        },
        "attach_documents_time": {
            "max": 1530,
            "p(90)": 299,
            "p(95)": 396,
            "avg": 125.735957155312,
            "min": 3,
            "med": 89,
            "thresholds": {
                "p(95)<10000": false
            }
        },
        "vus_max": {
            "value": 500,
            "min": 500,
            "max": 500
        },
        "http_req_connecting": {
            "min": 0,
            "med": 0,
            "max": 107.083102,
            "p(90)": 0,
            "p(95)": 0,
            "avg": 0.016599017717025787
        },
        "data_sent": {
            "count": 60432047,
            "rate": 388277.20023519703
        },
        "pushpulls": {
            "count": 40145,
            "rate": 257.93248743405934
        },
        "pushpulls_time": {
            "avg": 72.18418233902105,
            "min": 1,
            "med": 30,
            "max": 1324,
            "p(90)": 186,
            "p(95)": 267,
            "thresholds": {
                "p(95)<1000": false
            }
        },
        "active_clients_success_rate": {
            "passes": 8029,
            "fails": 0,
            "value": 1
        },
        "http_req_blocked": {
            "avg": 0.028975756772326527,
            "min": 0.001693,
            "med": 0.004188,
            "max": 107.294677,
            "p(90)": 0.005779100000000014,
            "p(95)": 0.007669049999999974
        },
        "http_req_tls_handshaking": {
            "min": 0,
            "med": 0,
            "max": 0,
            "p(90)": 0,
            "p(95)": 0,
            "avg": 0
        },
        "group_duration": {
            "avg": 6732.210830139985,
            "min": 6022.310053,
            "med": 6786.15247,
            "max": 9388.896704,
            "p(90)": 7441.2187398,
            "p(95)": 7693.6528892
        },
        "http_req_waiting": {
            "avg": 69.08285795594098,
            "min": 0.90809,
            "med": 21.09284,
            "max": 916.200443,
            "p(90)": 194.971876,
            "p(95)": 274.86773274999996
        },
        "active_clients_time": {
            "avg": 16.582388840453355,
            "min": 1,
            "med": 5,
            "max": 433,
            "p(90)": 48,
            "p(95)": 77.59999999999945,
            "thresholds": {
                "p(95)<500": false
            }
        },
        "deactivate_clients_time": {
            "p(95)": 492,
            "avg": 156.77157802964254,
            "min": 4,
            "med": 103,
            "max": 1463,
            "p(90)": 397,
            "thresholds": {
                "p(95)<10000": false
            }
        },
        "attach_documents_success_rate": {
            "passes": 8029,
            "fails": 0,
            "value": 1
        },
        "transaction_success_rate": {
            "passes": 8029,
            "fails": 0,
            "thresholds": {
                "rate>0.99": false
            },
            "value": 1
        },
        "http_req_failed": {
            "passes": 0,
            "fails": 64232,
            "value": 0
        }
    },
    "root_group": {
        "name": "",
        "path": "",
        "id": "d41d8cd98f00b204e9800998ecf8427e",
        "groups": {
            "Presence": {
                "id": "63ab1748852475484c3afb7dae46dbde",
                "groups": {},
                "checks": {
                        "status is 200": {
                            "name": "status is 200",
                            "path": "::Presence::status is 200",
                            "id": "2bdfe827d978801584a6dde561f63b7d",
                            "passes": 64232,
                            "fails": 0
                        },
                        "response has valid body": {
                            "name": "response has valid body",
                            "path": "::Presence::response has valid body",
                            "id": "2cb1a85a5851b9e28736f532526a5909",
                            "passes": 64232,
                            "fails": 0
                        }
                    },
                "name": "Presence",
                "path": "::Presence"
            }
        },
        "checks": {}
    }
}