{
    "root_group": {
        "name": "",
        "path": "",
        "id": "d41d8cd98f00b204e9800998ecf8427e",
        "groups": {
            "Presence": {
                "path": "::Presence",
                "id": "63ab1748852475484c3afb7dae46dbde",
                "groups": {},
                "checks": {
                        "status is 200": {
                            "id": "2bdfe827d978801584a6dde561f63b7d",
                            "passes": 62424,
                            "fails": 0,
                            "name": "status is 200",
                            "path": "::Presence::status is 200"
                        },
                        "response has valid body": {
                            "name": "response has valid body",
                            "path": "::Presence::response has valid body",
                            "id": "2cb1a85a5851b9e28736f532526a5909",
                            "passes": 62424,
                            "fails": 0
                        }
                    },
                "name": "Presence"
            }
        },
        "checks": {}
    },
    "metrics": {
        "http_req_blocked": {
            "p(90)": 0.006933,
            "p(95)": 0.009057,
            "avg": 0.04534766037101274,
            "min": 0.001613,
            "med": 0.004659,
            "max": 122.663747
        },
        "pushpulls_success_rate": {
            "passes": 39015,
            "fails": 0,
            "value": 1
        },
        "vus": {
            "value": 4,
            "min": 4,
            "max": 500
        },
        "attach_documents": {
            "count": 7803,
            "rate": 50.28544121909227
        },
        "http_req_receiving": {
            "max": 519.181372,
            "p(90)": 0.3742550000000003,
            "p(95)": 1.6837070999999995,
            "avg": 3.265744339196441,
            "min": 0.01614,
            "med": 0.060303
        },
        "http_req_sending": {
            "avg": 0.6231021226131025,
            "min": 0.011001,
            "med": 0.0262,
            "max": 396.078686,
            "p(90)": 0.13357710000000095,
            "p(95)": 0.32057454999999985
        },
        "active_clients": {
            "count": 7803,
            "rate": 50.28544121909227
        },
        "group_duration": {
            "max": 9357.524422,
            "p(90)": 7762.368904800001,
            "p(95)": 8032.8938266,
            "avg": 6927.640208415603,
            "min": 6025.646897,
            "med": 7013.11148
        },
        "deactivate_clients": {
            "count": 7803,
            "rate": 50.28544121909227
        },
        "http_req_duration{expected_response:true}": {
            "avg": 95.49413602289235,
            "min": 0.977191,
            "med": 32.963226,
            "max": 1159.008214,
            "p(90)": 268.93996800000014,
            "p(95)": 389.5122469999999
        },
        "active_clients_success_rate": {
            "fails": 0,
            "passes": 7803,
            "value": 1
        },
        "deactivate_clients_success_rate": {
            "passes": 7803,
            "fails": 0,
            "value": 1
        },
        "http_req_waiting": {
            "med": 32.064201499999996,
            "max": 955.289511,
            "p(90)": 256.7064103,
            "p(95)": 371.63968554999997,
            "avg": 91.60528956108202,
            "min": 0.921856
        },
        "http_req_tls_handshaking": {
            "max": 0,
            "p(90)": 0,
            "p(95)": 0,
            "avg": 0,
            "min": 0,
            "med": 0
        },
        "transaction_success_rate": {
            "passes": 7803,
            "fails": 0,
            "thresholds": {
                "rate>0.99": false
            },
            "value": 1
        },
        "iteration_duration": {
            "max": 9357.549781,
            "p(90)": 7762.7475664,
            "p(95)": 8032.918769,
            "avg": 6927.740101035118,
            "min": 6025.6703,
            "med": 7013.134223
        },
        "transaction_time": {
            "max": 9358,
            "p(90)": 7762,
            "p(95)": 8033,
            "avg": 6927.7103678072535,
            "min": 6025,
            "med": 7013,
            "thresholds": {
                "p(95)<30000": false
            }
        },
        "checks": {
            "passes": 124848,
            "fails": 0,
            "value": 1
        },
        "http_reqs": {
            "count": 62424,
            "rate": 402.28352975273816
        },
        "attach_documents_time": {
            "max": 1154,
            "p(90)": 428,
            "p(95)": 520,
            "avg": 182.3857490708702,
            "min": 4,
            "med": 156,
            "thresholds": {
                "p(95)<10000": false
            }
        },
        "deactivate_clients_time": {
            "p(95)": 646,
            "avg": 225.41176470588235,
            "min": 4,
            "med": 175,
            "max": 1237,
            "p(90)": 546.8000000000002,
            "thresholds": {
                "p(95)<10000": false
            }
        },
        "data_received": {
            "count": 1050094596,
            "rate": 6767201.086972248
        },
        "http_req_failed": {
            "passes": 0,
            "fails": 62424,
            "value": 0
        },
        "http_req_duration": {
            "p(95)": 389.5122469999999,
            "avg": 95.49413602289235,
            "min": 0.977191,
            "med": 32.963226,
            "max": 1159.008214,
            "p(90)": 268.93996800000014,
            "thresholds": {
                "p(95)<10000": false
            }
        },
        "data_sent": {
            "count": 58729980,
            "rate": 378477.8876186678
        },
        "vus_max": {
            "value": 500,
            "min": 500,
            "max": 500
        },
        "active_clients_time": {
            "med": 5,
            "max": 748,
            "p(90)": 64,
            "p(95)": 93,
            "avg": 20.501473792131232,
            "min": 1,
            "thresholds": {
                "p(95)<500": false
            }
        },
        "http_req_connecting": {
            "min": 0,
            "med": 0,
            "max": 122.474682,
            "p(90)": 0,
            "p(95)": 0,
            "avg": 0.027780728870306293
        },
        "pushpulls_time": {
            "p(95)": 281,
            "avg": 81.94522619505318,
            "min": 2,
            "med": 40,
            "max": 936,
            "p(90)": 208,
            "thresholds": {
                "p(95)<1000": false
            }
        },
        "iterations": {
            "count": 7803,
            "rate": 50.28544121909227
        },
        "pushpulls": {
            "count": 39015,
            "rate": 251.42720609546134
        },
        "attach_documents_success_rate": {
            "passes": 7803,
            "fails": 0,
            "value": 1
        }
    }
}