{
    "root_group": {
        "name": "",
        "path": "",
        "id": "d41d8cd98f00b204e9800998ecf8427e",
        "groups": {
            "Presence": {
                "path": "::Presence",
                "id": "63ab1748852475484c3afb7dae46dbde",
                "groups": {},
                "checks": {
                        "status is 200": {
                            "passes": 67952,
                            "fails": 0,
                            "name": "status is 200",
                            "path": "::Presence::status is 200",
                            "id": "2bdfe827d978801584a6dde561f63b7d"
                        },
                        "response has valid body": {
                            "id": "2cb1a85a5851b9e28736f532526a5909",
                            "passes": 67952,
                            "fails": 0,
                            "name": "response has valid body",
                            "path": "::Presence::response has valid body"
                        }
                    },
                "name": "Presence"
            }
        },
        "checks": {}
    },
    "metrics": {
        "http_req_blocked": {
            "max": 248.925536,
            "p(90)": 0.00552,
            "p(95)": 0.007724,
            "avg": 0.02340479119084109,
            "min": 0.001453,
            "med": 0.003817
        },
        "data_sent": {
            "count": 63933412,
            "rate": 415066.221083349
        },
        "deactivate_clients_time": {
            "avg": 19.568636684718626,
            "min": 0,
            "med": 3,
            "max": 481,
            "p(90)": 57,
            "p(95)": 94,
            "thresholds": {
                "p(95)<10000": false
            }
        },
        "pushpulls_time": {
            "max": 595,
            "p(90)": 103,
            "p(95)": 148,
            "avg": 37.48596656463386,
            "min": 1,
            "med": 14,
            "thresholds": {
                "p(95)<1000": false
            }
        },
        "attach_documents": {
            "rate": 55.14444437725249,
            "count": 8494
        },
        "group_duration": {
            "min": 6013.754701,
            "med": 6319.692365499999,
            "max": 8016.231946,
            "p(90)": 6789.4896226,
            "p(95)": 6940.606879949999,
            "avg": 6362.178281513555
        },
        "data_received": {
            "count": 1239793257,
            "rate": 8048941.64115013
        },
        "iterations": {
            "count": 8494,
            "rate": 55.14444437725249
        },
        "attach_documents_time": {
            "p(95)": 287,
            "avg": 71.24688015069461,
            "min": 3,
            "med": 20,
            "max": 683,
            "p(90)": 212,
            "thresholds": {
                "p(95)<10000": false
            }
        },
        "active_clients_time": {
            "avg": 20.19978808570756,
            "min": 0,
            "med": 5,
            "max": 357,
            "p(90)": 61,
            "p(95)": 90,
            "thresholds": {
                "p(95)<500": false
            }
        },
        "http_req_tls_handshaking": {
            "avg": 0,
            "min": 0,
            "med": 0,
            "max": 0,
            "p(90)": 0,
            "p(95)": 0
        },
        "transaction_time": {
            "avg": 6362.2248646103135,
            "min": 6014,
            "med": 6320,
            "max": 8016,
            "p(90)": 6790,
            "p(95)": 6940.349999999999,
            "thresholds": {
                "p(95)<30000": false
            }
        },
        "http_req_receiving": {
            "min": 0.013255,
            "med": 0.051646,
            "max": 410.216194,
            "p(90)": 0.19642300000000004,
            "p(95)": 0.6330839499999981,
            "avg": 1.5267190107134474
        },
        "deactivate_clients_success_rate": {
            "passes": 8494,
            "fails": 0,
            "value": 1
        },
        "http_req_connecting": {
            "avg": 0.008641642894984692,
            "min": 0,
            "med": 0,
            "max": 79.006368,
            "p(90)": 0,
            "p(95)": 0
        },
        "http_req_waiting": {
            "avg": 30.92129743967804,
            "min": 0.129571,
            "med": 7.730765,
            "max": 647.042379,
            "p(90)": 91.5982006,
            "p(95)": 136.92235609999986
        },
        "pushpulls": {
            "count": 42470,
            "rate": 275.72222188626245
        },
        "pushpulls_success_rate": {
            "passes": 42470,
            "fails": 0,
            "value": 1
        },
        "attach_documents_success_rate": {
            "passes": 8494,
            "fails": 0,
            "value": 1
        },
        "http_req_sending": {
            "p(95)": 0.1661614999999998,
            "avg": 0.34288639714798824,
            "min": 0.009317,
            "med": 0.020528,
            "max": 392.292874,
            "p(90)": 0.053869000000000014
        },
        "active_clients_success_rate": {
            "passes": 8494,
            "fails": 0,
            "value": 1
        },
        "iteration_duration": {
            "p(95)": 6940.65815505,
            "avg": 6362.301113398778,
            "min": 6013.826504,
            "med": 6319.8123905,
            "max": 8016.254358,
            "p(90)": 6789.8641935
        },
        "transaction_success_rate": {
            "passes": 8494,
            "fails": 0,
            "thresholds": {
                "rate>0.99": false
            },
            "value": 1
        },
        "http_req_duration": {
            "avg": 32.7909028475394,
            "min": 0.182578,
            "med": 8.046205,
            "max": 668.047156,
            "p(90)": 96.41459440000001,
            "p(95)": 146.5487159,
            "thresholds": {
                "p(95)<10000": false
            }
        },
        "http_req_failed": {
            "passes": 0,
            "fails": 67952,
            "value": 0
        },
        "checks": {
            "passes": 135904,
            "fails": 0,
            "value": 1
        },
        "active_clients": {
            "count": 8494,
            "rate": 55.14444437725249
        },
        "deactivate_clients": {
            "count": 8494,
            "rate": 55.14444437725249
        },
        "vus": {
            "max": 500,
            "value": 3,
            "min": 3
        },
        "vus_max": {
            "value": 500,
            "min": 500,
            "max": 500
        },
        "http_req_duration{expected_response:true}": {
            "max": 668.047156,
            "p(90)": 96.41459440000001,
            "p(95)": 146.5487159,
            "avg": 32.7909028475394,
            "min": 0.182578,
            "med": 8.046205
        },
        "http_reqs": {
            "count": 67952,
            "rate": 441.1555550180199
        }
    }
}