{
    "metrics": {
        "vus": {
            "min": 1,
            "max": 500,
            "value": 1
        },
        "group_duration": {
            "min": 6016.466589,
            "med": 6622.726905,
            "max": 8729.562458,
            "p(90)": 7205.0445696,
            "p(95)": 7389.8175218,
            "avg": 6605.941811418263
        },
        "http_req_duration": {
            "avg": 60.95993477231866,
            "min": 0.182119,
            "med": 16.7014155,
            "max": 1183.144902,
            "p(90)": 166.188448,
            "p(95)": 256.00295675,
            "thresholds": {
                "p(95)<10000": false
            }
        },
        "attach_documents": {
            "count": 8177,
            "rate": 52.64784869378856
        },
        "attach_documents_success_rate": {
            "passes": 8177,
            "fails": 0,
            "value": 1
        },
        "active_clients_time": {
            "med": 9,
            "max": 450,
            "p(90)": 76,
            "p(95)": 107,
            "avg": 26.23174758468876,
            "min": 1,
            "thresholds": {
                "p(95)<500": false
            }
        },
        "iterations": {
            "count": 8177,
            "rate": 52.64784869378856
        },
        "vus_max": {
            "value": 500,
            "min": 500,
            "max": 500
        },
        "http_req_failed": {
            "passes": 0,
            "fails": 65416,
            "value": 0
        },
        "iteration_duration": {
            "avg": 6606.020696709668,
            "min": 6016.487909,
            "med": 6622.75262,
            "max": 8729.589609,
            "p(90)": 7205.064773200001,
            "p(95)": 7390.122034599999
        },
        "http_req_waiting": {
            "max": 960.023401,
            "p(90)": 156.778943,
            "p(95)": 240.824149,
            "avg": 58.167287137534885,
            "min": 0.135642,
            "med": 16.1660465
        },
        "deactivate_clients": {
            "rate": 52.64784869378856,
            "count": 8177
        },
        "transaction_success_rate": {
            "passes": 8177,
            "fails": 0,
            "thresholds": {
                "rate>0.99": false
            },
            "value": 1
        },
        "data_received": {
            "count": 1144434704,
            "rate": 7368475.618944931
        },
        "transaction_time": {
            "avg": 6605.967469732175,
            "min": 6016,
            "med": 6623,
            "max": 8729,
            "p(90)": 7205,
            "p(95)": 7390.599999999999,
            "thresholds": {
                "p(95)<30000": false
            }
        },
        "pushpulls_time": {
            "avg": 62.818441971383145,
            "min": 1,
            "med": 28,
            "max": 962,
            "p(90)": 166,
            "p(95)": 222,
            "thresholds": {
                "p(95)<1000": false
            }
        },
        "http_req_tls_handshaking": {
            "p(95)": 0,
            "avg": 0,
            "min": 0,
            "med": 0,
            "max": 0,
            "p(90)": 0
        },
        "http_req_connecting": {
            "p(95)": 0,
            "avg": 0.014155605356487713,
            "min": 0,
            "med": 0,
            "max": 90.171378,
            "p(90)": 0
        },
        "http_req_blocked": {
            "max": 220.696694,
            "p(90)": 0.00564,
            "p(95)": 0.007935,
            "avg": 0.034356042497249835,
            "min": 0.001562,
            "med": 0.004118
        },
        "pushpulls_success_rate": {
            "passes": 40885,
            "fails": 0,
            "value": 1
        },
        "data_sent": {
            "count": 61546197,
            "rate": 396266.9521015169
        },
        "pushpulls": {
            "count": 40885,
            "rate": 263.2392434689428
        },
        "attach_documents_time": {
            "p(95)": 617,
            "avg": 184.00941665647548,
            "min": 3,
            "med": 94,
            "max": 1184,
            "p(90)": 497,
            "thresholds": {
                "p(95)<10000": false
            }
        },
        "deactivate_clients_success_rate": {
            "passes": 8177,
            "fails": 0,
            "value": 1
        },
        "http_req_sending": {
            "avg": 0.4391482673504941,
            "min": 0.009929,
            "med": 0.0213,
            "max": 525.629221,
            "p(90)": 0.0603225,
            "p(95)": 0.19467299999999998
        },
        "checks": {
            "passes": 130832,
            "fails": 0,
            "value": 1
        },
        "http_req_duration{expected_response:true}": {
            "p(95)": 256.00295675,
            "avg": 60.95993477231866,
            "min": 0.182119,
            "med": 16.7014155,
            "max": 1183.144902,
            "p(90)": 166.188448
        },
        "http_reqs": {
            "count": 65416,
            "rate": 421.1827895503085
        },
        "active_clients": {
            "count": 8177,
            "rate": 52.64784869378856
        },
        "deactivate_clients_time": {
            "avg": 20.404549345725815,
            "min": 0,
            "med": 3,
            "max": 708,
            "p(90)": 58,
            "p(95)": 95,
            "thresholds": {
                "p(95)<10000": false
            }
        },
        "http_req_receiving": {
            "med": 0.051626,
            "max": 606.252883,
            "p(90)": 0.2637515,
            "p(95)": 0.86751775,
            "avg": 2.3534993674330464,
            "min": 0.013365
        },
        "active_clients_success_rate": {
            "passes": 8177,
            "fails": 0,
            "value": 1
        }
    },
    "root_group": {
        "id": "d41d8cd98f00b204e9800998ecf8427e",
        "groups": {
            "Presence": {
                "checks": {
                    "status is 200": {
                        "name": "status is 200",
                        "path": "::Presence::status is 200",
                        "id": "2bdfe827d978801584a6dde561f63b7d",
                        "passes": 65416,
                        "fails": 0
                    },
                    "response has valid body": {
                        "passes": 65416,
                        "fails": 0,
                        "name": "response has valid body",
                        "path": "::Presence::response has valid body",
                        "id": "2cb1a85a5851b9e28736f532526a5909"
                    }
                },
                "name": "Presence",
                "path": "::Presence",
                "id": "63ab1748852475484c3afb7dae46dbde",
                "groups": {}
            }
        },
        "checks": {},
        "name": "",
        "path": ""
    }
}