{
    "metrics": {
        "iteration_duration": {
            "p(90)": 6113.1442974,
            "p(95)": 6133.0202354,
            "avg": 6060.186019698186,
            "min": 6012.546859,
            "med": 6051.672258,
            "max": 6407.423555
        },
        "data_sent": {
            "count": 67118729,
            "rate": 434553.5693411869
        },
        "http_req_waiting": {
            "med": 2.0495324999999998,
            "max": 129.855586,
            "p(90)": 10.982798,
            "p(95)": 18.010239,
            "avg": 4.652624794115161,
            "min": 0.097657
        },
        "transaction_time": {
            "avg": 6060.165302231692,
            "min": 6013,
            "med": 6052,
            "max": 6407,
            "p(90)": 6113,
            "p(95)": 6133,
            "thresholds": {
                "p(95)<30000": false
            }
        },
        "active_clients_time": {
            "avg": 3.1731524055175506,
            "min": 0,
            "med": 1,
            "max": 84,
            "p(90)": 7,
            "p(95)": 12,
            "thresholds": {
                "p(95)<500": false
            }
        },
        "http_req_duration": {
            "med": 2.170639,
            "max": 129.91836,
            "p(90)": 11.255886,
            "p(95)": 18.31900375,
            "avg": 4.803986879766168,
            "min": 0.125955,
            "thresholds": {
                "p(95)<10000": false
            }
        },
        "http_req_receiving": {
            "min": 0.010015,
            "med": 0.044186,
            "max": 31.200957,
            "p(90)": 0.1024665,
            "p(95)": 0.23501725,
            "avg": 0.10942886040708852
        },
        "data_received": {
            "count": 1326226651,
            "rate": 8586523.218391972
        },
        "iterations": {
            "count": 8917,
            "rate": 57.73223414012151
        },
        "pushpulls_success_rate": {
            "passes": 44585,
            "fails": 0,
            "value": 1
        },
        "pushpulls_time": {
            "med": 4,
            "max": 310,
            "p(90)": 16,
            "p(95)": 23,
            "avg": 7.077828866210609,
            "min": 0,
            "thresholds": {
                "p(95)<1000": false
            }
        },
        "http_req_tls_handshaking": {
            "avg": 0,
            "min": 0,
            "med": 0,
            "max": 0,
            "p(90)": 0,
            "p(95)": 0
        },
        "http_req_duration{expected_response:true}": {
            "min": 0.125955,
            "med": 2.170639,
            "max": 129.91836,
            "p(90)": 11.255886,
            "p(95)": 18.31900375,
            "avg": 4.803986879766168
        },
        "transaction_success_rate": {
            "passes": 8917,
            "fails": 0,
            "thresholds": {
                "rate>0.99": false
            },
            "value": 1
        },
        "deactivate_clients_success_rate": {
            "passes": 8917,
            "fails": 0,
            "value": 1
        },
        "group_duration": {
            "avg": 6060.1516746139005,
            "min": 6012.465827,
            "med": 6051.626458,
            "max": 6407.405247,
            "p(90)": 6113.0728754,
            "p(95)": 6132.9978638
        },
        "deactivate_clients": {
            "count": 8917,
            "rate": 57.73223414012151
        },
        "checks": {
            "passes": 142672,
            "fails": 0,
            "value": 1
        },
        "http_req_connecting": {
            "avg": 0.001453972692609622,
            "min": 0,
            "med": 0,
            "max": 8.744434,
            "p(90)": 0,
            "p(95)": 0
        },
        "vus": {
            "value": 4,
            "min": 4,
            "max": 500
        },
        "http_req_failed": {
            "fails": 71336,
            "passes": 0,
            "value": 0
        },
        "active_clients_success_rate": {
            "passes": 8917,
            "fails": 0,
            "value": 1
        },
        "pushpulls": {
            "count": 44585,
            "rate": 288.66117070060756
        },
        "http_req_sending": {
            "avg": 0.04193322524391577,
            "min": 0.006369,
            "med": 0.016585,
            "max": 21.572767,
            "p(90)": 0.031708,
            "p(95)": 0.050522250000000005
        },
        "attach_documents": {
            "rate": 57.73223414012151,
            "count": 8917
        },
        "attach_documents_time": {
            "avg": 11.430862397667378,
            "min": 2,
            "med": 7,
            "max": 130,
            "p(90)": 24,
            "p(95)": 36,
            "thresholds": {
                "p(95)<10000": false
            }
        },
        "http_reqs": {
            "count": 71336,
            "rate": 461.8578731209721
        },
        "active_clients": {
            "count": 8917,
            "rate": 57.73223414012151
        },
        "deactivate_clients_time": {
            "min": 0,
            "med": 1,
            "max": 64,
            "p(90)": 5,
            "p(95)": 9,
            "avg": 1.9608612762139732,
            "thresholds": {
                "p(95)<10000": false
            }
        },
        "attach_documents_success_rate": {
            "passes": 8917,
            "fails": 0,
            "value": 1
        },
        "vus_max": {
            "value": 500,
            "min": 500,
            "max": 500
        },
        "http_req_blocked": {
            "avg": 0.007099485210833135,
            "min": 0.001062,
            "med": 0.003355,
            "max": 8.820128,
            "p(90)": 0.004917,
            "p(95)": 0.006229
        }
    },
    "root_group": {
        "groups": {
            "Presence": {
                "id": "63ab1748852475484c3afb7dae46dbde",
                "groups": {},
                "checks": {
                        "status is 200": {
                            "id": "2bdfe827d978801584a6dde561f63b7d",
                            "passes": 71336,
                            "fails": 0,
                            "name": "status is 200",
                            "path": "::Presence::status is 200"
                        },
                        "response has valid body": {
                            "id": "2cb1a85a5851b9e28736f532526a5909",
                            "passes": 71336,
                            "fails": 0,
                            "name": "response has valid body",
                            "path": "::Presence::response has valid body"
                        }
                    },
                "name": "Presence",
                "path": "::Presence"
            }
        },
        "checks": {},
        "name": "",
        "path": "",
        "id": "d41d8cd98f00b204e9800998ecf8427e"
    }
}