{
    "root_group": {
        "name": "",
        "path": "",
        "id": "d41d8cd98f00b204e9800998ecf8427e",
        "groups": {
            "Presence": {
                "path": "::Presence",
                "id": "63ab1748852475484c3afb7dae46dbde",
                "groups": {},
                "checks": {
                        "status is 200": {
                            "id": "2bdfe827d978801584a6dde561f63b7d",
                            "passes": 66680,
                            "fails": 0,
                            "name": "status is 200",
                            "path": "::Presence::status is 200"
                        },
                        "response has valid body": {
                            "id": "2cb1a85a5851b9e28736f532526a5909",
                            "passes": 66680,
                            "fails": 0,
                            "name": "response has valid body",
                            "path": "::Presence::response has valid body"
                        }
                    },
                "name": "Presence"
            }
        },
        "checks": {}
    },
    "metrics": {
        "http_req_tls_handshaking": {
            "avg": 0,
            "min": 0,
            "med": 0,
            "max": 0,
            "p(90)": 0,
            "p(95)": 0
        },
        "active_clients": {
            "count": 8335,
            "rate": 53.93675984033193
        },
        "deactivate_clients_time": {
            "p(90)": 73,
            "p(95)": 120,
            "avg": 24.08122375524895,
            "min": 0,
            "med": 3,
            "max": 542,
            "thresholds": {
                "p(95)<10000": false
            }
        },
        "active_clients_success_rate": {
            "passes": 8335,
            "fails": 0,
            "value": 1
        },
        "pushpulls_success_rate": {
            "passes": 41675,
            "fails": 0,
            "value": 1
        },
        "http_req_blocked": {
            "p(95)": 0.008316,
            "avg": 0.042656643551291,
            "min": 0.001522,
            "med": 0.004118,
            "max": 173.351455,
            "p(90)": 0.005941
        },
        "http_req_sending": {
            "min": 0.009709,
            "med": 0.024285,
            "max": 325.49554,
            "p(90)": 0.07046219999999995,
            "p(95)": 0.2100819499999999,
            "avg": 0.5027447671715592
        },
        "http_req_duration": {
            "avg": 44.44859101867166,
            "min": 0.191685,
            "med": 9.281468,
            "max": 729.114364,
            "p(90)": 135.0505315,
            "p(95)": 195.6379338999997,
            "thresholds": {
                "p(95)<10000": false
            }
        },
        "checks": {
            "passes": 133360,
            "fails": 0,
            "value": 1
        },
        "data_sent": {
            "count": 62736129,
            "rate": 405972.82821656665
        },
        "data_received": {
            "count": 1204885069,
            "rate": 7796952.201782215
        },
        "pushpulls_time": {
            "p(90)": 140,
            "p(95)": 191,
            "avg": 48.0897900419916,
            "min": 1,
            "med": 16,
            "max": 771,
            "thresholds": {
                "p(95)<1000": false
            }
        },
        "iteration_duration": {
            "avg": 6484.865061854948,
            "min": 6014.197123,
            "med": 6450.977797,
            "max": 8316.852406,
            "p(90)": 7020.5444322,
            "p(95)": 7210.132136799999
        },
        "http_req_waiting": {
            "avg": 41.85757229437645,
            "min": 0.145298,
            "med": 8.8945775,
            "max": 672.780288,
            "p(90)": 126.04185259999996,
            "p(95)": 180.6564417999998
        },
        "http_req_connecting": {
            "med": 0,
            "max": 173.313223,
            "p(90)": 0,
            "p(95)": 0,
            "avg": 0.026465390836832636,
            "min": 0
        },
        "transaction_success_rate": {
            "passes": 8335,
            "fails": 0,
            "thresholds": {
                "rate>0.99": false
            },
            "value": 1
        },
        "http_reqs": {
            "count": 66680,
            "rate": 431.49407872265544
        },
        "attach_documents": {
            "count": 8335,
            "rate": 53.93675984033193
        },
        "http_req_receiving": {
            "max": 338.460583,
            "p(90)": 0.2883879999999999,
            "p(95)": 1.0157350499999995,
            "avg": 2.0882739571236066,
            "min": 0.012964,
            "med": 0.058539
        },
        "http_req_failed": {
            "fails": 66680,
            "passes": 0,
            "value": 0
        },
        "http_req_duration{expected_response:true}": {
            "min": 0.191685,
            "med": 9.281468,
            "max": 729.114364,
            "p(90)": 135.0505315,
            "p(95)": 195.6379338999997,
            "avg": 44.44859101867166
        },
        "deactivate_clients_success_rate": {
            "passes": 8335,
            "fails": 0,
            "value": 1
        },
        "deactivate_clients": {
            "count": 8335,
            "rate": 53.93675984033193
        },
        "vus": {
            "value": 10,
            "min": 8,
            "max": 500
        },
        "group_duration": {
            "avg": 6484.790048474519,
            "min": 6014.150125,
            "med": 6450.8134,
            "max": 8316.830396,
            "p(90)": 7020.421346200001,
            "p(95)": 7209.4021211
        },
        "transaction_time": {
            "avg": 6484.819436112777,
            "min": 6014,
            "med": 6451,
            "max": 8317,
            "p(90)": 7021,
            "p(95)": 7209.299999999999,
            "thresholds": {
                "p(95)<30000": false
            }
        },
        "attach_documents_success_rate": {
            "passes": 8335,
            "fails": 0,
            "value": 1
        },
        "attach_documents_time": {
            "med": 33,
            "max": 833,
            "p(90)": 330,
            "p(95)": 415,
            "avg": 109.90725854829034,
            "min": 3,
            "thresholds": {
                "p(95)<10000": false
            }
        },
        "vus_max": {
            "max": 500,
            "value": 500,
            "min": 500
        },
        "iterations": {
            "count": 8335,
            "rate": 53.93675984033193
        },
        "active_clients_time": {
            "med": 5,
            "max": 422,
            "p(90)": 80,
            "p(95)": 112,
            "avg": 24.726814637072586,
            "min": 0,
            "thresholds": {
                "p(95)<500": false
            }
        },
        "pushpulls": {
            "rate": 269.68379920165967,
            "count": 41675
        }
    }
}