{
    "metrics": {
        "http_req_connecting": {
            "min": 0,
            "med": 0,
            "max": 88.04875,
            "p(90)": 0,
            "p(95)": 0,
            "avg": 0.01375049068155075
        },
        "iteration_duration": {
            "max": 9413.291041,
            "p(90)": 7845.277092500001,
            "p(95)": 8170.9617551500005,
            "avg": 5885.847377743112,
            "min": 3020.705407,
            "med": 6106.8870445
        },
        "control_doc_latency": {
            "med": 0,
            "max": 0,
            "p(90)": 0,
            "p(95)": 0,
            "avg": 0,
            "min": 0,
            "thresholds": {
                "p(95)<500": false
            }
        },
        "http_req_duration": {
            "max": 1781.344329,
            "p(90)": 1286.549169,
            "p(95)": 1397.5513575,
            "avg": 280.28453784339865,
            "min": 0.945284,
            "med": 20.550400500000002,
            "thresholds": {
                "p(95)<10000": false
            }
        },
        "http_req_sending": {
            "avg": 0.1739820513786856,
            "min": 0.011351,
            "med": 0.02141,
            "max": 165.512729,
            "p(90)": 0.0852985,
            "p(95)": 0.19580575
        },
        "transaction_success_rate": {
            "passes": 9124,
            "fails": 0,
            "thresholds": {
                "rate>0.99": false
            },
            "value": 1
        },
        "http_req_duration{expected_response:true}": {
            "med": 20.550400500000002,
            "max": 1781.344329,
            "p(90)": 1286.549169,
            "p(95)": 1397.5513575,
            "avg": 280.28453784339865,
            "min": 0.945284
        },
        "attach_documents": {
            "count": 9124,
            "rate": 59.287182665337
        },
        "http_req_waiting": {
            "med": 20.183671500000003,
            "max": 1781.296069,
            "p(90)": 1286.0234815,
            "p(95)": 1396.9523677500001,
            "avg": 279.5761997207202,
            "min": 0.888677
        },
        "group_duration": {
            "min": 3020.684939,
            "med": 6106.8627345,
            "max": 9413.268029,
            "p(90)": 7845.246100000001,
            "p(95)": 8170.4597522,
            "avg": 5885.792936691042
        },
        "data_sent": {
            "count": 58941518,
            "rate": 382998.30603225
        },
        "http_req_tls_handshaking": {
            "p(90)": 0,
            "p(95)": 0,
            "avg": 0,
            "min": 0,
            "med": 0,
            "max": 0
        },
        "http_req_failed": {
            "passes": 0,
            "fails": 62886,
            "value": 0
        },
        "checks": {
            "passes": 125772,
            "fails": 0,
            "value": 1
        },
        "vus_max": {
            "value": 500,
            "min": 500,
            "max": 500
        },
        "transaction_time": {
            "avg": 5885.808746163963,
            "min": 3021,
            "med": 6107,
            "max": 9413,
            "p(90)": 7845.4000000000015,
            "p(95)": 8170.85
        },
        "data_received": {
            "count": 878400820,
            "rate": 5707793.716431588
        },
        "vus": {
            "min": 5,
            "max": 500,
            "value": 5
        },
        "active_clients": {
            "count": 9124,
            "rate": 59.287182665337
        },
        "iterations": {
            "count": 9124,
            "rate": 59.287182665337
        },
        "http_req_receiving": {
            "min": 0.014928,
            "med": 0.052538,
            "max": 214.464158,
            "p(90)": 0.3108575,
            "p(95)": 0.71210525,
            "avg": 0.5343560713036274
        },
        "http_reqs": {
            "count": 62886,
            "rate": 408.6293039338429
        },
        "pushpulls": {
            "count": 35514,
            "rate": 230.7677559378319
        },
        "http_req_blocked": {
            "p(90)": 0.005541,
            "p(95)": 0.0072715,
            "avg": 0.025473798238082535,
            "min": 0.001643,
            "med": 0.0040675,
            "max": 88.112058
        }
    },
    "root_group": {
        "checks": {},
        "name": "",
        "path": "",
        "id": "d41d8cd98f00b204e9800998ecf8427e",
        "groups": {
                "Attachment": {
                    "id": "8e39eb0cb12fb749ba9ccd15af52cbad",
                    "groups": {},
                    "checks": {
                            "status is 200": {
                                "name": "status is 200",
                                "path": "::Attachment::status is 200",
                                "id": "db3dc3f9e26c1649b08cc5a49159f747",
                                "passes": 62886,
                                "fails": 0
                            },
                            "response has valid body": {
                                "passes": 62886,
                                "fails": 0,
                                "name": "response has valid body",
                                "path": "::Attachment::response has valid body",
                                "id": "ae60d91cf191d752075b277bc603091f"
                            }
                        },
                    "name": "Attachment",
                    "path": "::Attachment"
                }
            }
    }
}