{
    "metrics": {
        "http_req_failed": {
            "passes": 0,
            "fails": 65520,
            "value": 0
        },
        "http_req_receiving": {
            "max": 554.512515,
            "p(90)": 0.328082,
            "p(95)": 2.3459839499999706,
            "avg": 3.8533039732447993,
            "min": 0.016812,
            "med": 0.0550875
        },
        "active_clients": {
            "count": 8190,
            "rate": 52.734515221157466
        },
        "data_sent": {
            "rate": 396922.4002833471,
            "count": 61644531
        },
        "http_req_blocked": {
            "med": 0.004128,
            "max": 190.740602,
            "p(90)": 0.0057,
            "p(95)": 0.007654,
            "avg": 0.03928496483516675,
            "min": 0.001523
        },
        "deactivate_clients": {
            "count": 8190,
            "rate": 52.734515221157466
        },
        "deactivate_clients_success_rate": {
            "passes": 8190,
            "fails": 0,
            "value": 1
        },
        "active_clients_success_rate": {
            "passes": 8190,
            "fails": 0,
            "value": 1
        },
        "http_req_waiting": {
            "max": 858.570204,
            "p(90)": 154.75537649999998,
            "p(95)": 217.46359224999978,
            "avg": 53.29706270485337,
            "min": 0.449257,
            "med": 13.089723
        },
        "http_req_duration": {
            "p(90)": 168.31319989999997,
            "p(95)": 241.88867379999974,
            "avg": 57.72832938266131,
            "min": 0.525679,
            "med": 13.611095500000001,
            "max": 997.299585,
            "thresholds": {
                "p(95)<10000": false
            }
        },
        "http_req_duration{expected_response:true}": {
            "med": 13.611095500000001,
            "max": 997.299585,
            "p(90)": 168.31319989999997,
            "p(95)": 241.88867379999974,
            "avg": 57.72832938266131,
            "min": 0.525679
        },
        "attach_documents_time": {
            "min": 3,
            "med": 31,
            "max": 998,
            "p(90)": 379,
            "p(95)": 535.5499999999993,
            "avg": 120.77838827838828,
            "thresholds": {
                "p(95)<10000": false
            }
        },
        "vus": {
            "value": 4,
            "min": 4,
            "max": 500
        },
        "http_reqs": {
            "count": 65520,
            "rate": 421.8761217692597
        },
        "pushpulls_success_rate": {
            "passes": 40950,
            "fails": 0,
            "value": 1
        },
        "transaction_success_rate": {
            "passes": 8190,
            "fails": 0,
            "thresholds": {
                "rate>0.99": false
            },
            "value": 1
        },
        "http_req_tls_handshaking": {
            "min": 0,
            "med": 0,
            "max": 0,
            "p(90)": 0,
            "p(95)": 0,
            "avg": 0
        },
        "attach_documents": {
            "count": 8190,
            "rate": 52.734515221157466
        },
        "vus_max": {
            "max": 500,
            "value": 500,
            "min": 500
        },
        "group_duration": {
            "avg": 6602.005258396611,
            "min": 6016.167998,
            "med": 6577.021271,
            "max": 8468.306216,
            "p(90)": 7238.2853665,
            "p(95)": 7438.18945235
        },
        "http_req_connecting": {
            "med": 0,
            "max": 172.932732,
            "p(90)": 0,
            "p(95)": 0,
            "avg": 0.020491274481074476,
            "min": 0
        },
        "active_clients_time": {
            "med": 7,
            "max": 696,
            "p(90)": 94,
            "p(95)": 143,
            "avg": 30.196459096459098,
            "min": 1,
            "thresholds": {
                "p(95)<500": false
            }
        },
        "http_req_sending": {
            "min": 0.01102,
            "med": 0.021831,
            "max": 411.462843,
            "p(90)": 0.08358549999999998,
            "p(95)": 0.20316499999999948,
            "avg": 0.5779627045634965
        },
        "pushpulls": {
            "count": 40950,
            "rate": 263.6725761057873
        },
        "data_received": {
            "count": 1181897405,
            "rate": 7610108.265423566
        },
        "iterations": {
            "count": 8190,
            "rate": 52.734515221157466
        },
        "iteration_duration": {
            "p(95)": 7438.5544315,
            "avg": 6602.143936299759,
            "min": 6016.191442,
            "med": 6577.3651125,
            "max": 8468.327065,
            "p(90)": 7238.3059479
        },
        "pushpulls_time": {
            "p(90)": 200,
            "p(95)": 279.54999999999563,
            "avg": 69.2604884004884,
            "min": 1,
            "med": 24,
            "max": 822,
            "thresholds": {
                "p(95)<1000": false
            }
        },
        "checks": {
            "passes": 131040,
            "fails": 0,
            "value": 1
        },
        "attach_documents_success_rate": {
            "passes": 8190,
            "fails": 0,
            "value": 1
        },
        "deactivate_clients_time": {
            "avg": 29.098412698412698,
            "min": 0,
            "med": 5,
            "max": 750,
            "p(90)": 87,
            "p(95)": 138,
            "thresholds": {
                "p(95)<10000": false
            }
        },
        "transaction_time": {
            "max": 8468,
            "p(90)": 7238,
            "p(95)": 7438,
            "avg": 6602.040781440782,
            "min": 6016,
            "med": 6577.5,
            "thresholds": {
                "p(95)<30000": false
            }
        }
    },
    "root_group": {
        "name": "",
        "path": "",
        "id": "d41d8cd98f00b204e9800998ecf8427e",
        "groups": {
            "Presence": {
                "path": "::Presence",
                "id": "63ab1748852475484c3afb7dae46dbde",
                "groups": {},
                "checks": {
                        "status is 200": {
                            "id": "2bdfe827d978801584a6dde561f63b7d",
                            "passes": 65520,
                            "fails": 0,
                            "name": "status is 200",
                            "path": "::Presence::status is 200"
                        },
                        "response has valid body": {
                            "name": "response has valid body",
                            "path": "::Presence::response has valid body",
                            "id": "2cb1a85a5851b9e28736f532526a5909",
                            "passes": 65520,
                            "fails": 0
                        }
                    },
                "name": "Presence"
            }
        },
        "checks": {}
    }
}