{
    "root_group": {
        "checks": {},
        "name": "",
        "path": "",
        "id": "d41d8cd98f00b204e9800998ecf8427e",
        "groups": {
                "Attachment": {
                    "checks": {
                        "status is 200": {
                            "id": "db3dc3f9e26c1649b08cc5a49159f747",
                            "passes": 73609,
                            "fails": 0,
                            "name": "status is 200",
                            "path": "::Attachment::status is 200"
                        },
                        "response has valid body": {
                            "name": "response has valid body",
                            "path": "::Attachment::response has valid body",
                            "id": "ae60d91cf191d752075b277bc603091f",
                            "passes": 73609,
                            "fails": 0
                        }
                    },
                    "name": "Attachment",
                    "path": "::Attachment",
                    "id": "8e39eb0cb12fb749ba9ccd15af52cbad",
                    "groups": {}
                }
            }
    },
    "metrics": {
        "http_req_receiving": {
            "avg": 2.319264568775563,
            "min": 0.014077,
            "med": 0.045605,
            "max": 448.424126,
            "p(90)": 0.24959479999999973,
            "p(95)": 0.7420921999999921
        },
        "data_received": {
            "rate": 7746638.580951934,
            "count": 1191476956
        },
        "data_sent": {
            "count": 68994774,
            "rate": 448584.066574645
        },
        "active_clients": {
            "count": 10684,
            "rate": 69.46427808117043
        },
        "transaction_time": {
            "max": 8343,
            "p(90)": 6493,
            "p(95)": 6912.550000000001,
            "avg": 5016.494477723699,
            "min": 3016,
            "med": 5042
        },
        "http_reqs": {
            "count": 73609,
            "rate": 478.58442954669357
        },
        "http_req_connecting": {
            "p(90)": 0,
            "p(95)": 0,
            "avg": 0.02827293048404408,
            "min": 0,
            "med": 0,
            "max": 138.932015
        },
        "vus": {
            "value": 5,
            "min": 5,
            "max": 500
        },
        "http_req_duration{expected_response:true}": {
            "avg": 149.3507700380372,
            "min": 0.870744,
            "med": 20.453582,
            "max": 1274.266789,
            "p(90)": 560.5170225999997,
            "p(95)": 792.7314161999997
        },
        "checks": {
            "passes": 147218,
            "fails": 0,
            "value": 1
        },
        "attach_documents": {
            "count": 10684,
            "rate": 69.46427808117043
        },
        "vus_max": {
            "value": 500,
            "min": 500,
            "max": 500
        },
        "group_duration": {
            "avg": 5016.476882911241,
            "min": 3015.728327,
            "med": 5042.260884,
            "max": 8343.087817,
            "p(90)": 6493.4507663,
            "p(95)": 6912.296389400001
        },
        "control_doc_latency": {
            "p(95)": 0,
            "avg": 0,
            "min": 0,
            "med": 0,
            "max": 0,
            "p(90)": 0,
            "thresholds": {
                "p(95)<500": false
            }
        },
        "transaction_success_rate": {
            "passes": 10684,
            "fails": 0,
            "thresholds": {
                "rate>0.99": false
            },
            "value": 1
        },
        "http_req_tls_handshaking": {
            "p(95)": 0,
            "avg": 0,
            "min": 0,
            "med": 0,
            "max": 0,
            "p(90)": 0
        },
        "http_req_sending": {
            "med": 0.020208,
            "max": 373.945696,
            "p(90)": 0.06991499999999994,
            "p(95)": 0.206606,
            "avg": 0.4124835937996726,
            "min": 0.010049
        },
        "iteration_duration": {
            "avg": 5016.523521679895,
            "min": 3015.739638,
            "med": 5042.2825995,
            "max": 8343.119776,
            "p(90)": 6493.467950900001,
            "p(95)": 6912.318030150001
        },
        "http_req_blocked": {
            "med": 0.003747,
            "max": 262.673465,
            "p(90)": 0.005169,
            "p(95)": 0.006522599999999991,
            "avg": 0.043064737328316845,
            "min": 0.001342
        },
        "pushpulls": {
            "count": 41557,
            "rate": 270.1915953031823
        },
        "iterations": {
            "count": 10684,
            "rate": 69.46427808117043
        },
        "http_req_duration": {
            "avg": 149.3507700380372,
            "min": 0.870744,
            "med": 20.453582,
            "max": 1274.266789,
            "p(90)": 560.5170225999997,
            "p(95)": 792.7314161999997,
            "thresholds": {
                "p(95)<10000": false
            }
        },
        "http_req_waiting": {
            "max": 1092.398316,
            "p(90)": 556.7456994,
            "p(95)": 784.0623049999992,
            "avg": 146.6190218754626,
            "min": 0.83117,
            "med": 20.032261
        },
        "http_req_failed": {
            "passes": 0,
            "fails": 73609,
            "value": 0
        }
    }
}