{
    "root_group": {
        "checks": {},
        "name": "",
        "path": "",
        "id": "d41d8cd98f00b204e9800998ecf8427e",
        "groups": {
                "Presence": {
                    "checks": {
                        "status is 200": {
                            "id": "2bdfe827d978801584a6dde561f63b7d",
                            "passes": 66896,
                            "fails": 0,
                            "name": "status is 200",
                            "path": "::Presence::status is 200"
                        },
                        "response has valid body": {
                            "passes": 66896,
                            "fails": 0,
                            "name": "response has valid body",
                            "path": "::Presence::response has valid body",
                            "id": "2cb1a85a5851b9e28736f532526a5909"
                        }
                    },
                    "name": "Presence",
                    "path": "::Presence",
                    "id": "63ab1748852475484c3afb7dae46dbde",
                    "groups": {}
                }
            }
    },
    "metrics": {
        "http_req_waiting": {
            "avg": 39.265301718503174,
            "min": 0.11784,
            "med": 6.9335315,
            "max": 698.209141,
            "p(90)": 120.03813650000001,
            "p(95)": 174.4742015
        },
        "http_req_sending": {
            "avg": 0.42738842812723965,
            "min": 0.009667,
            "med": 0.022109,
            "max": 350.10999,
            "p(90)": 0.047162499999999996,
            "p(95)": 0.16979075
        },
        "checks": {
            "passes": 133792,
            "fails": 0,
            "value": 1
        },
        "http_req_duration": {
            "p(90)": 131.293453,
            "p(95)": 197.08965325,
            "avg": 42.60514745186584,
            "min": 0.166408,
            "med": 7.196315,
            "max": 709.978789,
            "thresholds": {
                "p(95)<10000": false
            }
        },
        "http_req_duration{expected_response:true}": {
            "min": 0.166408,
            "med": 7.196315,
            "max": 709.978789,
            "p(90)": 131.293453,
            "p(95)": 197.08965325,
            "avg": 42.60514745186584
        },
        "attach_documents": {
            "count": 8362,
            "rate": 54.00468712351264
        },
        "pushpulls": {
            "count": 41810,
            "rate": 270.0234356175632
        },
        "active_clients_time": {
            "max": 446,
            "p(90)": 77,
            "p(95)": 114,
            "avg": 24.33915331260464,
            "min": 0,
            "med": 4,
            "thresholds": {
                "p(95)<500": false
            }
        },
        "http_reqs": {
            "count": 66896,
            "rate": 432.0374969881011
        },
        "http_req_tls_handshaking": {
            "avg": 0,
            "min": 0,
            "med": 0,
            "max": 0,
            "p(90)": 0,
            "p(95)": 0
        },
        "attach_documents_success_rate": {
            "passes": 8362,
            "fails": 0,
            "value": 1
        },
        "vus": {
            "max": 500,
            "value": 8,
            "min": 8
        },
        "http_req_failed": {
            "passes": 0,
            "fails": 66896,
            "value": 0
        },
        "active_clients": {
            "count": 8362,
            "rate": 54.00468712351264
        },
        "data_sent": {
            "count": 62939449,
            "rate": 406484.72267056693
        },
        "http_req_connecting": {
            "avg": 0.013389053575699595,
            "min": 0,
            "med": 0,
            "max": 202.251487,
            "p(90)": 0,
            "p(95)": 0
        },
        "active_clients_success_rate": {
            "passes": 8362,
            "fails": 0,
            "value": 1
        },
        "data_received": {
            "count": 1210783532,
            "rate": 7819658.672561774
        },
        "http_req_blocked": {
            "avg": 0.03195228584668733,
            "min": 0.001533,
            "med": 0.0040485,
            "max": 272.87936,
            "p(90)": 0.005847,
            "p(95)": 0.007443
        },
        "transaction_time": {
            "avg": 6461.170892131069,
            "min": 6016,
            "med": 6424,
            "max": 8297,
            "p(90)": 7000,
            "p(95)": 7164,
            "thresholds": {
                "p(95)<30000": false
            }
        },
        "pushpulls_success_rate": {
            "passes": 41810,
            "fails": 0,
            "value": 1
        },
        "deactivate_clients_success_rate": {
            "passes": 8362,
            "fails": 0,
            "value": 1
        },
        "group_duration": {
            "med": 6423.953959500001,
            "max": 8296.641279,
            "p(90)": 7000.5489224,
            "p(95)": 7163.77556425,
            "avg": 6461.104241614082,
            "min": 6015.052925
        },
        "transaction_success_rate": {
            "passes": 8362,
            "fails": 0,
            "thresholds": {
                "rate>0.99": false
            },
            "value": 1
        },
        "vus_max": {
            "value": 500,
            "min": 500,
            "max": 500
        },
        "http_req_receiving": {
            "p(95)": 0.833219,
            "avg": 2.9124573052350105,
            "min": 0.013491,
            "med": 0.0504315,
            "max": 354.931574,
            "p(90)": 0.20962150000000002
        },
        "iterations": {
            "count": 8362,
            "rate": 54.00468712351264
        },
        "iteration_duration": {
            "max": 8296.65782,
            "p(90)": 7000.8778725,
            "p(95)": 7164.19669185,
            "avg": 6461.210117880406,
            "min": 6015.084931,
            "med": 6423.982744999999
        },
        "deactivate_clients": {
            "count": 8362,
            "rate": 54.00468712351264
        },
        "deactivate_clients_time": {
            "min": 0,
            "med": 2,
            "max": 446,
            "p(90)": 77.90000000000055,
            "p(95)": 127,
            "avg": 24.119588615163835,
            "thresholds": {
                "p(95)<10000": false
            }
        },
        "pushpulls_time": {
            "avg": 50.465319301602484,
            "min": 1,
            "med": 14,
            "max": 690,
            "p(90)": 152,
            "p(95)": 214,
            "thresholds": {
                "p(95)<1000": false
            }
        },
        "attach_documents_time": {
            "avg": 93.53384357809136,
            "min": 3,
            "med": 17,
            "max": 710,
            "p(90)": 315,
            "p(95)": 388.9499999999998,
            "thresholds": {
                "p(95)<10000": false
            }
        }
    }
}