{
    "root_group": {
        "path": "",
        "id": "d41d8cd98f00b204e9800998ecf8427e",
        "groups": {
            "Presence": {
                "groups": {},
                "checks": {
                        "status is 200": {
                            "name": "status is 200",
                            "path": "::Presence::status is 200",
                            "id": "2bdfe827d978801584a6dde561f63b7d",
                            "passes": 64968,
                            "fails": 0
                        },
                        "response has valid body": {
                            "id": "2cb1a85a5851b9e28736f532526a5909",
                            "passes": 64968,
                            "fails": 0,
                            "name": "response has valid body",
                            "path": "::Presence::response has valid body"
                        }
                    },
                "name": "Presence",
                "path": "::Presence",
                "id": "63ab1748852475484c3afb7dae46dbde"
            }
        },
        "checks": {},
        "name": ""
    },
    "metrics": {
        "vus": {
            "value": 5,
            "min": 5,
            "max": 500
        },
        "http_req_duration": {
            "p(90)": 184.9169438,
            "p(95)": 271.85637614999996,
            "avg": 64.50285984202941,
            "min": 0.179033,
            "med": 15.753501,
            "max": 1116.090577,
            "thresholds": {
                "p(95)<10000": false
            }
        },
        "active_clients_time": {
            "p(95)": 117,
            "avg": 27.65213643639946,
            "min": 1,
            "med": 8,
            "max": 471,
            "p(90)": 81,
            "thresholds": {
                "p(95)<500": false
            }
        },
        "checks": {
            "passes": 129936,
            "fails": 0,
            "value": 1
        },
        "pushpulls_success_rate": {
            "passes": 40605,
            "fails": 0,
            "value": 1
        },
        "transaction_time": {
            "p(90)": 7327,
            "p(95)": 7513,
            "avg": 6654.251816278784,
            "min": 6017,
            "med": 6654,
            "max": 8546,
            "thresholds": {
                "p(95)<30000": false
            }
        },
        "iteration_duration": {
            "avg": 6654.3083414958755,
            "min": 6017.078649,
            "med": 6653.751076,
            "max": 8546.371839,
            "p(90)": 7327.043607,
            "p(95)": 7512.869518
        },
        "deactivate_clients": {
            "count": 8121,
            "rate": 52.257803305165744
        },
        "deactivate_clients_time": {
            "avg": 22.685014160817634,
            "min": 0,
            "med": 3,
            "max": 583,
            "p(90)": 65,
            "p(95)": 110,
            "thresholds": {
                "p(95)<10000": false
            }
        },
        "active_clients_success_rate": {
            "passes": 8121,
            "fails": 0,
            "value": 1
        },
        "http_req_waiting": {
            "avg": 60.166573207533254,
            "min": 0.130355,
            "med": 15.24322,
            "max": 855.269797,
            "p(90)": 170.2991949,
            "p(95)": 244.36659254999998
        },
        "vus_max": {
            "value": 500,
            "min": 500,
            "max": 500
        },
        "http_req_receiving": {
            "avg": 3.8138871259850866,
            "min": 0.013265,
            "med": 0.051486,
            "max": 491.906382,
            "p(90)": 0.2908290000000003,
            "p(95)": 1.2501715999999945
        },
        "attach_documents_success_rate": {
            "passes": 8121,
            "fails": 0,
            "value": 1
        },
        "transaction_success_rate": {
            "passes": 8121,
            "fails": 0,
            "thresholds": {
                "rate>0.99": false
            },
            "value": 1
        },
        "active_clients": {
            "rate": 52.257803305165744,
            "count": 8121
        },
        "deactivate_clients_success_rate": {
            "passes": 8121,
            "fails": 0,
            "value": 1
        },
        "pushpulls_time": {
            "avg": 71.9880802856791,
            "min": 1,
            "med": 28,
            "max": 880,
            "p(90)": 200,
            "p(95)": 270,
            "thresholds": {
                "p(95)<1000": false
            }
        },
        "attach_documents": {
            "count": 8121,
            "rate": 52.257803305165744
        },
        "iterations": {
            "count": 8121,
            "rate": 52.257803305165744
        },
        "http_reqs": {
            "count": 64968,
            "rate": 418.06242644132595
        },
        "http_req_sending": {
            "med": 0.021269,
            "max": 478.131214,
            "p(90)": 0.06377200000000004,
            "p(95)": 0.19754679999999983,
            "avg": 0.522399508511879,
            "min": 0.010149
        },
        "http_req_duration{expected_response:true}": {
            "max": 1116.090577,
            "p(90)": 184.9169438,
            "p(95)": 271.85637614999996,
            "avg": 64.50285984202941,
            "min": 0.179033,
            "med": 15.753501
        },
        "http_req_blocked": {
            "avg": 0.03426572535710048,
            "min": 0.001714,
            "med": 0.004028,
            "max": 197.445585,
            "p(90)": 0.00544,
            "p(95)": 0.007199849999999948
        },
        "data_sent": {
            "count": 61124746,
            "rate": 393331.48054995894
        },
        "http_req_tls_handshaking": {
            "avg": 0,
            "min": 0,
            "med": 0,
            "max": 0,
            "p(90)": 0,
            "p(95)": 0
        },
        "http_req_failed": {
            "passes": 0,
            "fails": 64968,
            "value": 0
        },
        "pushpulls": {
            "count": 40605,
            "rate": 261.2890165258287
        },
        "http_req_connecting": {
            "avg": 0.01719999130341091,
            "min": 0,
            "med": 0,
            "max": 197.342733,
            "p(90)": 0,
            "p(95)": 0
        },
        "attach_documents_time": {
            "p(90)": 525,
            "p(95)": 626,
            "avg": 172.58982883881296,
            "min": 3,
            "med": 76,
            "max": 1117,
            "thresholds": {
                "p(95)<10000": false
            }
        },
        "data_received": {
            "count": 1165448768,
            "rate": 7499543.465138745
        },
        "group_duration": {
            "p(90)": 7327.015184,
            "p(95)": 7512.841976,
            "avg": 6654.228988567412,
            "min": 6017.039966,
            "med": 6653.732902,
            "max": 8546.344256
        }
    }
}