{
    "metrics": {
        "attach_documents": {
            "count": 8363,
            "rate": 54.017075806463446
        },
        "pushpulls_success_rate": {
            "passes": 41815,
            "fails": 0,
            "value": 1
        },
        "transaction_success_rate": {
            "passes": 8363,
            "fails": 0,
            "thresholds": {
                "rate>0.99": false
            },
            "value": 1
        },
        "iterations": {
            "count": 8363,
            "rate": 54.017075806463446
        },
        "deactivate_clients_success_rate": {
            "passes": 8363,
            "fails": 0,
            "value": 1
        },
        "attach_documents_success_rate": {
            "fails": 0,
            "passes": 8363,
            "value": 1
        },
        "http_req_waiting": {
            "p(95)": 174.62473195,
            "avg": 41.34372321759507,
            "min": 0.123635,
            "med": 9.057443,
            "max": 730.12219,
            "p(90)": 116.82217480000006
        },
        "deactivate_clients_time": {
            "min": 0,
            "med": 3,
            "max": 556,
            "p(90)": 69,
            "p(95)": 102,
            "avg": 22.401769699868467,
            "thresholds": {
                "p(95)<10000": false
            }
        },
        "http_req_failed": {
            "fails": 66904,
            "passes": 0,
            "value": 0
        },
        "transaction_time": {
            "max": 8116,
            "p(90)": 6958.8,
            "p(95)": 7111.9,
            "avg": 6468.836302762166,
            "min": 6015,
            "med": 6450,
            "thresholds": {
                "p(95)<30000": false
            }
        },
        "pushpulls": {
            "count": 41815,
            "rate": 270.08537903231723
        },
        "vus_max": {
            "value": 500,
            "min": 500,
            "max": 500
        },
        "data_sent": {
            "count": 62947012,
            "rate": 406578.20387353393
        },
        "http_req_duration{expected_response:true}": {
            "avg": 43.68632270155792,
            "min": 0.165329,
            "med": 9.4116785,
            "max": 817.224352,
            "p(90)": 124.22651590000001,
            "p(95)": 189.66107514999996
        },
        "active_clients_time": {
            "avg": 23.162860217625255,
            "min": 0,
            "med": 5,
            "max": 474,
            "p(90)": 72,
            "p(95)": 100,
            "thresholds": {
                "p(95)<500": false
            }
        },
        "attach_documents_time": {
            "max": 847,
            "p(90)": 308,
            "p(95)": 415.89999999999964,
            "avg": 96.67918211168241,
            "min": 3,
            "med": 24,
            "thresholds": {
                "p(95)<10000": false
            }
        },
        "http_req_duration": {
            "p(90)": 124.22651590000001,
            "p(95)": 189.66107514999996,
            "avg": 43.68632270155792,
            "min": 0.165329,
            "med": 9.4116785,
            "max": 817.224352,
            "thresholds": {
                "p(95)<10000": false
            }
        },
        "checks": {
            "passes": 133808,
            "fails": 0,
            "value": 1
        },
        "http_req_tls_handshaking": {
            "min": 0,
            "med": 0,
            "max": 0,
            "p(90)": 0,
            "p(95)": 0,
            "avg": 0
        },
        "active_clients": {
            "count": 8363,
            "rate": 54.017075806463446
        },
        "deactivate_clients": {
            "count": 8363,
            "rate": 54.017075806463446
        },
        "data_received": {
            "count": 1213770887,
            "rate": 7839812.748386629
        },
        "http_req_blocked": {
            "p(90)": 0.006674700000000005,
            "p(95)": 0.00880885,
            "avg": 0.044346918375583376,
            "min": 0.001419,
            "med": 0.004148499999999999,
            "max": 199.325729
        },
        "iteration_duration": {
            "p(95)": 7111.1364562,
            "avg": 6468.87653464605,
            "min": 6014.947656,
            "med": 6450.412946,
            "max": 8115.618954,
            "p(90)": 6958.403122199999
        },
        "http_req_connecting": {
            "p(95)": 0,
            "avg": 0.019670456220853758,
            "min": 0,
            "med": 0,
            "max": 199.22207,
            "p(90)": 0
        },
        "pushpulls_time": {
            "med": 18,
            "max": 789,
            "p(90)": 138,
            "p(95)": 191,
            "avg": 49.897979194069116,
            "min": 1,
            "thresholds": {
                "p(95)<1000": false
            }
        },
        "group_duration": {
            "avg": 6468.756550965398,
            "min": 6014.925094,
            "med": 6450.386395,
            "max": 8115.600932,
            "p(90)": 6958.3724818,
            "p(95)": 7111.1145192
        },
        "active_clients_success_rate": {
            "passes": 8363,
            "fails": 0,
            "value": 1
        },
        "vus": {
            "value": 7,
            "min": 7,
            "max": 500
        },
        "http_req_sending": {
            "p(90)": 0.05323710000000001,
            "p(95)": 0.17319824999999997,
            "avg": 0.4205253925774236,
            "min": 0.007422,
            "med": 0.023154,
            "max": 390.670937
        },
        "http_reqs": {
            "count": 66904,
            "rate": 432.13660645170756
        },
        "http_req_receiving": {
            "avg": 1.9220740913846617,
            "min": 0.013489,
            "med": 0.053115499999999996,
            "max": 486.004231,
            "p(90)": 0.2125767000000001,
            "p(95)": 0.7520034499999989
        }
    },
    "root_group": {
        "path": "",
        "id": "d41d8cd98f00b204e9800998ecf8427e",
        "groups": {
            "Presence": {
                "name": "Presence",
                "path": "::Presence",
                "id": "63ab1748852475484c3afb7dae46dbde",
                "groups": {},
                "checks": {
                        "status is 200": {
                            "name": "status is 200",
                            "path": "::Presence::status is 200",
                            "id": "2bdfe827d978801584a6dde561f63b7d",
                            "passes": 66904,
                            "fails": 0
                        },
                        "response has valid body": {
                            "path": "::Presence::response has valid body",
                            "id": "2cb1a85a5851b9e28736f532526a5909",
                            "passes": 66904,
                            "fails": 0,
                            "name": "response has valid body"
                        }
                    }
            }
        },
        "checks": {},
        "name": ""
    }
}