{
    "metrics": {
        "http_req_tls_handshaking": {
            "p(90)": 0,
            "p(95)": 0,
            "avg": 0,
            "min": 0,
            "med": 0,
            "max": 0
        },
        "transaction_time": {
            "p(95)": 6459.75,
            "avg": 6173.978961811114,
            "min": 6014,
            "med": 6148.5,
            "max": 7258,
            "p(90)": 6362,
            "thresholds": {
                "p(95)<30000": false
            }
        },
        "checks": {
            "passes": 139936,
            "fails": 0,
            "value": 1
        },
        "active_clients_success_rate": {
            "passes": 8746,
            "fails": 0,
            "value": 1
        },
        "deactivate_clients": {
            "count": 8746,
            "rate": 56.36182509174998
        },
        "attach_documents_time": {
            "avg": 35.96135376171964,
            "min": 3,
            "med": 12,
            "max": 426,
            "p(90)": 97,
            "p(95)": 154.75,
            "thresholds": {
                "p(95)<10000": false
            }
        },
        "http_req_waiting": {
            "min": 0.141533,
            "med": 4.4034035,
            "max": 425.197876,
            "p(90)": 41.1382786,
            "p(95)": 67.21282474999998,
            "avg": 15.286675733163603
        },
        "http_req_connecting": {
            "max": 90.10931,
            "p(90)": 0,
            "p(95)": 0,
            "avg": 0.007049828807454837,
            "min": 0,
            "med": 0
        },
        "active_clients": {
            "count": 8746,
            "rate": 56.36182509174998
        },
        "deactivate_clients_success_rate": {
            "passes": 8746,
            "fails": 0,
            "value": 1
        },
        "pushpulls": {
            "count": 43730,
            "rate": 281.8091254587499
        },
        "http_req_sending": {
            "min": 0.008613,
            "med": 0.0206205,
            "max": 108.820451,
            "p(90)": 0.045969,
            "p(95)": 0.12867049999999994,
            "avg": 0.12980049249657044
        },
        "group_duration": {
            "min": 6014.675459,
            "med": 6148.503818499999,
            "max": 7258.039467,
            "p(90)": 6362.337009,
            "p(95)": 6459.6982527499995,
            "avg": 6173.9517259076165
        },
        "data_received": {
            "count": 1258872556,
            "rate": 8112549.144074575
        },
        "data_sent": {
            "count": 65831188,
            "rate": 424235.7539032827
        },
        "http_req_failed": {
            "passes": 0,
            "fails": 69968,
            "value": 0
        },
        "active_clients_time": {
            "avg": 9.29407729247656,
            "min": 0,
            "med": 3,
            "max": 210,
            "p(90)": 25,
            "p(95)": 41,
            "thresholds": {
                "p(95)<500": false
            }
        },
        "attach_documents_success_rate": {
            "passes": 8746,
            "fails": 0,
            "value": 1
        },
        "iterations": {
            "count": 8746,
            "rate": 56.36182509174998
        },
        "http_reqs": {
            "count": 69968,
            "rate": 450.8946007339998
        },
        "attach_documents": {
            "count": 8746,
            "rate": 56.36182509174998
        },
        "vus_max": {
            "min": 500,
            "max": 500,
            "value": 500
        },
        "http_req_blocked": {
            "avg": 0.019839156671620284,
            "min": 0.001332,
            "med": 0.004006,
            "max": 90.254678,
            "p(90)": 0.005719,
            "p(95)": 0.007241
        },
        "http_req_receiving": {
            "med": 0.054111,
            "max": 126.386352,
            "p(90)": 0.17171730000000002,
            "p(95)": 0.4281414999999998,
            "avg": 0.29988180386748237,
            "min": 0.01297
        },
        "iteration_duration": {
            "max": 7258.058216,
            "p(90)": 6362.859093,
            "p(95)": 6459.739389,
            "avg": 6174.04025055455,
            "min": 6014.69607,
            "med": 6148.5940115
        },
        "deactivate_clients_time": {
            "max": 242,
            "p(90)": 20,
            "p(95)": 35,
            "avg": 7.15778641664761,
            "min": 0,
            "med": 1,
            "thresholds": {
                "p(95)<10000": false
            }
        },
        "transaction_success_rate": {
            "passes": 8746,
            "fails": 0,
            "thresholds": {
                "rate>0.99": false
            },
            "value": 1
        },
        "vus": {
            "value": 2,
            "min": 2,
            "max": 500
        },
        "pushpulls_success_rate": {
            "passes": 43730,
            "fails": 0,
            "value": 1
        },
        "http_req_duration": {
            "avg": 15.716358029527585,
            "min": 0.18033,
            "med": 4.6091245,
            "max": 425.305097,
            "p(90)": 42.175731800000015,
            "p(95)": 68.87175814999988,
            "thresholds": {
                "p(95)<10000": false
            }
        },
        "pushpulls_time": {
            "p(90)": 49,
            "p(95)": 75,
            "avg": 19.47143837182712,
            "min": 1,
            "med": 9,
            "max": 390,
            "thresholds": {
                "p(95)<1000": false
            }
        },
        "http_req_duration{expected_response:true}": {
            "min": 0.18033,
            "med": 4.6091245,
            "max": 425.305097,
            "p(90)": 42.175731800000015,
            "p(95)": 68.87175814999988,
            "avg": 15.716358029527585
        }
    },
    "root_group": {
        "name": "",
        "path": "",
        "id": "d41d8cd98f00b204e9800998ecf8427e",
        "groups": {
            "Presence": {
                "name": "Presence",
                "path": "::Presence",
                "id": "63ab1748852475484c3afb7dae46dbde",
                "groups": {},
                "checks": {
                        "status is 200": {
                            "path": "::Presence::status is 200",
                            "id": "2bdfe827d978801584a6dde561f63b7d",
                            "passes": 69968,
                            "fails": 0,
                            "name": "status is 200"
                        },
                        "response has valid body": {
                            "id": "2cb1a85a5851b9e28736f532526a5909",
                            "passes": 69968,
                            "fails": 0,
                            "name": "response has valid body",
                            "path": "::Presence::response has valid body"
                        }
                    }
            }
        },
        "checks": {}
    }
}