{
    "metrics": {
        "checks": {
            "passes": 135904,
            "fails": 0,
            "value": 1
        },
        "http_req_sending": {
            "avg": 0.39502591011302346,
            "min": 0.008473,
            "med": 0.02123,
            "max": 407.484695,
            "p(90)": 0.048221900000000005,
            "p(95)": 0.15923094999999984
        },
        "pushpulls": {
            "count": 42470,
            "rate": 275.7599895443567
        },
        "http_req_failed": {
            "passes": 0,
            "fails": 67952,
            "value": 0
        },
        "http_req_duration{expected_response:true}": {
            "max": 676.169628,
            "p(90)": 95.57482259999999,
            "p(95)": 150.66898424999994,
            "avg": 33.64690685422026,
            "min": 0.150884,
            "med": 7.649044
        },
        "iteration_duration": {
            "max": 8177.089865,
            "p(90)": 6793.5949362,
            "p(95)": 6937.5849492,
            "avg": 6364.509727631029,
            "min": 6014.448207,
            "med": 6309.929581
        },
        "group_duration": {
            "avg": 6364.435929599011,
            "min": 6014.427567,
            "med": 6309.8992364999995,
            "max": 8177.064884,
            "p(90)": 6792.9943821,
            "p(95)": 6937.5578729
        },
        "transaction_success_rate": {
            "fails": 0,
            "passes": 8494,
            "thresholds": {
                "rate>0.99": false
            },
            "value": 1
        },
        "active_clients_success_rate": {
            "fails": 0,
            "passes": 8494,
            "value": 1
        },
        "pushpulls_time": {
            "max": 710,
            "p(90)": 107,
            "p(95)": 159,
            "avg": 39.8523663762656,
            "min": 1,
            "med": 15,
            "thresholds": {
                "p(95)<1000": false
            }
        },
        "http_reqs": {
            "count": 67952,
            "rate": 441.2159832709707
        },
        "http_req_blocked": {
            "p(95)": 0.007569349999999991,
            "avg": 0.031180617288674207,
            "min": 0.00124,
            "med": 0.003909,
            "max": 166.090131,
            "p(90)": 0.005864
        },
        "vus": {
            "value": 1,
            "min": 1,
            "max": 500
        },
        "transaction_time": {
            "p(90)": 6793.7,
            "p(95)": 6937.349999999999,
            "avg": 6364.478102189781,
            "min": 6014,
            "med": 6309.5,
            "max": 8177,
            "thresholds": {
                "p(95)<30000": false
            }
        },
        "active_clients": {
            "count": 8494,
            "rate": 55.15199790887134
        },
        "attach_documents": {
            "count": 8494,
            "rate": 55.15199790887134
        },
        "http_req_receiving": {
            "med": 0.049902,
            "max": 355.033539,
            "p(90)": 0.17880700000000005,
            "p(95)": 0.5316915999999996,
            "avg": 1.5730949507740712,
            "min": 0.011176
        },
        "http_req_waiting": {
            "p(95)": 138.13014224999995,
            "avg": 31.678785993333545,
            "min": 0.105673,
            "med": 7.330197,
            "max": 675.58638,
            "p(90)": 91.01865400000001
        },
        "deactivate_clients": {
            "count": 8494,
            "rate": 55.15199790887134
        },
        "http_req_connecting": {
            "avg": 0.021237671768307043,
            "min": 0,
            "med": 0,
            "max": 165.948083,
            "p(90)": 0,
            "p(95)": 0
        },
        "vus_max": {
            "value": 500,
            "min": 500,
            "max": 500
        },
        "data_sent": {
            "count": 63933546,
            "rate": 415123.9457615646
        },
        "pushpulls_success_rate": {
            "passes": 42470,
            "fails": 0,
            "value": 1
        },
        "active_clients_time": {
            "avg": 20.493524841064282,
            "min": 0,
            "med": 4,
            "max": 365,
            "p(90)": 61,
            "p(95)": 94,
            "thresholds": {
                "p(95)<500": false
            }
        },
        "http_req_duration": {
            "max": 676.169628,
            "p(90)": 95.57482259999999,
            "p(95)": 150.66898424999994,
            "avg": 33.64690685422026,
            "min": 0.150884,
            "med": 7.649044,
            "thresholds": {
                "p(95)<10000": false
            }
        },
        "deactivate_clients_success_rate": {
            "passes": 8494,
            "fails": 0,
            "value": 1
        },
        "http_req_tls_handshaking": {
            "max": 0,
            "p(90)": 0,
            "p(95)": 0,
            "avg": 0,
            "min": 0,
            "med": 0
        },
        "data_received": {
            "count": 1241996629,
            "rate": 8064350.775304127
        },
        "attach_documents_time": {
            "med": 19,
            "max": 686,
            "p(90)": 210.69999999999982,
            "p(95)": 299,
            "avg": 66.97539439604427,
            "min": 3,
            "thresholds": {
                "p(95)<10000": false
            }
        },
        "deactivate_clients_time": {
            "p(95)": 91,
            "avg": 19.343772074405464,
            "min": 0,
            "med": 2,
            "max": 502,
            "p(90)": 54,
            "thresholds": {
                "p(95)<10000": false
            }
        },
        "attach_documents_success_rate": {
            "fails": 0,
            "passes": 8494,
            "value": 1
        },
        "iterations": {
            "rate": 55.15199790887134,
            "count": 8494
        }
    },
    "root_group": {
        "name": "",
        "path": "",
        "id": "d41d8cd98f00b204e9800998ecf8427e",
        "groups": {
            "Presence": {
                "name": "Presence",
                "path": "::Presence",
                "id": "63ab1748852475484c3afb7dae46dbde",
                "groups": {},
                "checks": {
                        "status is 200": {
                            "name": "status is 200",
                            "path": "::Presence::status is 200",
                            "id": "2bdfe827d978801584a6dde561f63b7d",
                            "passes": 67952,
                            "fails": 0
                        },
                        "response has valid body": {
                            "path": "::Presence::response has valid body",
                            "id": "2cb1a85a5851b9e28736f532526a5909",
                            "passes": 67952,
                            "fails": 0,
                            "name": "response has valid body"
                        }
                    }
            }
        },
        "checks": {}
    }
}