{
    "root_group": {
        "name": "",
        "path": "",
        "id": "d41d8cd98f00b204e9800998ecf8427e",
        "groups": {
            "Presence": {
                "name": "Presence",
                "path": "::Presence",
                "id": "63ab1748852475484c3afb7dae46dbde",
                "groups": {},
                "checks": {
                        "status is 200": {
                            "name": "status is 200",
                            "path": "::Presence::status is 200",
                            "id": "2bdfe827d978801584a6dde561f63b7d",
                            "passes": 69016,
                            "fails": 0
                        },
                        "response has valid body": {
                            "fails": 0,
                            "name": "response has valid body",
                            "path": "::Presence::response has valid body",
                            "id": "2cb1a85a5851b9e28736f532526a5909",
                            "passes": 69016
                        }
                    }
            }
        },
        "checks": {}
    },
    "metrics": {
        "data_received": {
            "count": 1236313422,
            "rate": 7943473.73367899
        },
        "http_req_connecting": {
            "min": 0,
            "med": 0,
            "max": 73.123262,
            "p(90)": 0,
            "p(95)": 0,
            "avg": 0.01233011449518952
        },
        "checks": {
            "passes": 138032,
            "fails": 0,
            "value": 1
        },
        "deactivate_clients_success_rate": {
            "passes": 8627,
            "fails": 0,
            "value": 1
        },
        "iteration_duration": {
            "avg": 6264.841002770599,
            "min": 6013.162528,
            "med": 6250.951835,
            "max": 7405.360046,
            "p(90)": 6542.4184328,
            "p(95)": 6666.7577741
        },
        "transaction_success_rate": {
            "fails": 0,
            "passes": 8627,
            "thresholds": {
                "rate>0.99": false
            },
            "value": 1
        },
        "attach_documents": {
            "count": 8627,
            "rate": 55.42959146200117
        },
        "data_sent": {
            "count": 64934995,
            "rate": 417215.74642831675
        },
        "http_req_tls_handshaking": {
            "p(95)": 0,
            "avg": 0,
            "min": 0,
            "med": 0,
            "max": 0,
            "p(90)": 0
        },
        "deactivate_clients": {
            "count": 8627,
            "rate": 55.42959146200117
        },
        "http_req_sending": {
            "avg": 0.23554883061898513,
            "min": 0.009107,
            "med": 0.020217,
            "max": 290.569774,
            "p(90)": 0.0542595,
            "p(95)": 0.16375574999999998
        },
        "vus": {
            "value": 5,
            "min": 5,
            "max": 500
        },
        "transaction_time": {
            "min": 6013,
            "med": 6251,
            "max": 7405,
            "p(90)": 6542.400000000001,
            "p(95)": 6667,
            "avg": 6264.806537614466,
            "thresholds": {
                "p(95)<30000": false
            }
        },
        "attach_documents_time": {
            "p(95)": 208.6999999999989,
            "avg": 53.62686913179552,
            "min": 3,
            "med": 21,
            "max": 606,
            "p(90)": 155,
            "thresholds": {
                "p(95)<10000": false
            }
        },
        "http_reqs": {
            "count": 69016,
            "rate": 443.43673169600936
        },
        "http_req_blocked": {
            "avg": 0.022152148400372124,
            "min": 0.001523,
            "med": 0.003907,
            "max": 73.179296,
            "p(90)": 0.005571,
            "p(95)": 0.008095
        },
        "vus_max": {
            "value": 500,
            "min": 500,
            "max": 500
        },
        "pushpulls_success_rate": {
            "passes": 43135,
            "fails": 0,
            "value": 1
        },
        "active_clients_success_rate": {
            "passes": 8627,
            "fails": 0,
            "value": 1
        },
        "http_req_duration{expected_response:true}": {
            "max": 604.054014,
            "p(90)": 68.5259205,
            "p(95)": 101.47643149999999,
            "avg": 24.13494969031818,
            "min": 0.188321,
            "med": 7.547462
        },
        "deactivate_clients_time": {
            "avg": 11.862060971368958,
            "min": 0,
            "med": 3,
            "max": 344,
            "p(90)": 34,
            "p(95)": 55,
            "thresholds": {
                "p(95)<10000": false
            }
        },
        "http_req_receiving": {
            "p(95)": 0.5368775,
            "avg": 0.6337826107134591,
            "min": 0.013606,
            "med": 0.051866,
            "max": 197.327967,
            "p(90)": 0.198234
        },
        "iterations": {
            "count": 8627,
            "rate": 55.42959146200117
        },
        "attach_documents_success_rate": {
            "passes": 8627,
            "fails": 0,
            "value": 1
        },
        "http_req_waiting": {
            "avg": 23.26561824898599,
            "min": 0.129111,
            "med": 7.239546,
            "max": 603.981679,
            "p(90)": 65.7336035,
            "p(95)": 97.80451325
        },
        "http_req_failed": {
            "passes": 0,
            "fails": 69016,
            "value": 0
        },
        "active_clients_time": {
            "med": 5,
            "max": 312,
            "p(90)": 38,
            "p(95)": 61,
            "avg": 13.892314825547698,
            "min": 0,
            "thresholds": {
                "p(95)<500": false
            }
        },
        "http_req_duration": {
            "min": 0.188321,
            "med": 7.547462,
            "max": 604.054014,
            "p(90)": 68.5259205,
            "p(95)": 101.47643149999999,
            "avg": 24.13494969031818,
            "thresholds": {
                "p(95)<10000": false
            }
        },
        "pushpulls_time": {
            "avg": 29.018940535527992,
            "min": 1,
            "med": 14,
            "max": 534,
            "p(90)": 77,
            "p(95)": 107,
            "thresholds": {
                "p(95)<1000": false
            }
        },
        "group_duration": {
            "avg": 6264.788667356321,
            "min": 6013.110252,
            "med": 6250.837126,
            "max": 7405.341442,
            "p(90)": 6542.397728,
            "p(95)": 6666.7240302
        },
        "pushpulls": {
            "count": 43135,
            "rate": 277.14795731000584
        },
        "active_clients": {
            "count": 8627,
            "rate": 55.42959146200117
        }
    }
}