{
    "metrics": {
        "transaction_time": {
            "p(95)": 6786.75,
            "avg": 6328.880996957641,
            "min": 6013,
            "med": 6312,
            "max": 7452,
            "p(90)": 6681,
            "thresholds": {
                "p(95)<30000": false
            }
        },
        "group_duration": {
            "med": 6312.1171905,
            "max": 7452.261267,
            "p(90)": 6680.6609205,
            "p(95)": 6786.0606005,
            "avg": 6328.84235051138,
            "min": 6012.859463
        },
        "http_reqs": {
            "count": 68368,
            "rate": 438.68858039693635
        },
        "data_received": {
            "rate": 8011739.546288761,
            "count": 1248600109
        },
        "pushpulls_success_rate": {
            "passes": 42730,
            "fails": 0,
            "value": 1
        },
        "http_req_connecting": {
            "avg": 0.011196734949098992,
            "min": 0,
            "med": 0,
            "max": 93.104574,
            "p(90)": 0,
            "p(95)": 0
        },
        "checks": {
            "passes": 136736,
            "fails": 0,
            "value": 1
        },
        "attach_documents": {
            "count": 8546,
            "rate": 54.83607254961704
        },
        "http_req_tls_handshaking": {
            "p(90)": 0,
            "p(95)": 0,
            "avg": 0,
            "min": 0,
            "med": 0,
            "max": 0
        },
        "deactivate_clients_time": {
            "min": 0,
            "med": 3,
            "max": 447,
            "p(90)": 49,
            "p(95)": 74.75,
            "avg": 16.462438567750993,
            "thresholds": {
                "p(95)<10000": false
            }
        },
        "active_clients_time": {
            "avg": 18.777088696466183,
            "min": 0,
            "med": 5,
            "max": 334,
            "p(90)": 57,
            "p(95)": 83,
            "thresholds": {
                "p(95)<500": false
            }
        },
        "attach_documents_success_rate": {
            "passes": 8546,
            "fails": 0,
            "value": 1
        },
        "http_req_blocked": {
            "avg": 0.02319133379651364,
            "min": 0.001403,
            "med": 0.003817,
            "max": 101.145244,
            "p(90)": 0.0054,
            "p(95)": 0.006943
        },
        "deactivate_clients_success_rate": {
            "passes": 8546,
            "fails": 0,
            "value": 1
        },
        "vus_max": {
            "value": 500,
            "min": 500,
            "max": 500
        },
        "deactivate_clients": {
            "count": 8546,
            "rate": 54.83607254961704
        },
        "active_clients_success_rate": {
            "passes": 8546,
            "fails": 0,
            "value": 1
        },
        "iteration_duration": {
            "min": 6012.89522,
            "med": 6312.185868500001,
            "max": 7452.280202,
            "p(90)": 6680.6813735,
            "p(95)": 6786.3074635,
            "avg": 6328.914505286908
        },
        "http_req_sending": {
            "min": 0.009327,
            "med": 0.020188,
            "max": 251.744752,
            "p(90)": 0.052549,
            "p(95)": 0.16057599999999977,
            "avg": 0.26569376883922396
        },
        "pushpulls_time": {
            "p(95)": 129,
            "avg": 34.526585537093375,
            "min": 1,
            "med": 15,
            "max": 660,
            "p(90)": 93,
            "thresholds": {
                "p(95)<1000": false
            }
        },
        "iterations": {
            "count": 8546,
            "rate": 54.83607254961704
        },
        "vus": {
            "max": 500,
            "value": 2,
            "min": 2
        },
        "http_req_duration{expected_response:true}": {
            "max": 711.800451,
            "p(90)": 86.82620150000004,
            "p(95)": 130.89402474999986,
            "avg": 31.04510872997603,
            "min": 0.166251,
            "med": 8.0879345
        },
        "http_req_duration": {
            "p(95)": 130.89402474999986,
            "avg": 31.04510872997603,
            "min": 0.166251,
            "med": 8.0879345,
            "max": 711.800451,
            "p(90)": 86.82620150000004,
            "thresholds": {
                "p(95)<10000": false
            }
        },
        "pushpulls": {
            "count": 42730,
            "rate": 274.1803627480852
        },
        "http_req_receiving": {
            "min": 0.014357,
            "med": 0.050314,
            "max": 275.508906,
            "p(90)": 0.1818430000000003,
            "p(95)": 0.5005616499999997,
            "avg": 0.9014361524104861
        },
        "transaction_success_rate": {
            "passes": 8546,
            "fails": 0,
            "thresholds": {
                "rate>0.99": false
            },
            "value": 1
        },
        "data_sent": {
            "rate": 412746.24789853534,
            "count": 64324983
        },
        "attach_documents_time": {
            "avg": 74.49251111631172,
            "min": 2,
            "med": 22,
            "max": 712,
            "p(90)": 224,
            "p(95)": 320,
            "thresholds": {
                "p(95)<10000": false
            }
        },
        "http_req_waiting": {
            "p(95)": 124.81979254999996,
            "avg": 29.877978808726255,
            "min": 0.130194,
            "med": 7.771066,
            "max": 619.032085,
            "p(90)": 83.5183603
        },
        "http_req_failed": {
            "fails": 68368,
            "passes": 0,
            "value": 0
        },
        "active_clients": {
            "count": 8546,
            "rate": 54.83607254961704
        }
    },
    "root_group": {
        "name": "",
        "path": "",
        "id": "d41d8cd98f00b204e9800998ecf8427e",
        "groups": {
            "Presence": {
                "name": "Presence",
                "path": "::Presence",
                "id": "63ab1748852475484c3afb7dae46dbde",
                "groups": {},
                "checks": {
                        "status is 200": {
                            "name": "status is 200",
                            "path": "::Presence::status is 200",
                            "id": "2bdfe827d978801584a6dde561f63b7d",
                            "passes": 68368,
                            "fails": 0
                        },
                        "response has valid body": {
                            "id": "2cb1a85a5851b9e28736f532526a5909",
                            "passes": 68368,
                            "fails": 0,
                            "name": "response has valid body",
                            "path": "::Presence::response has valid body"
                        }
                    }
            }
        },
        "checks": {}
    }
}